Title,URL,Issue Date,Section,Volume,Number,Page
"Gender Dysphoria (Executive Calendar); Congressional Record Vol. 170, No. 35",https://www.congress.gov/congressional-record/volume-170/issue-35/senate-section/article/S1003-1,2/27/24,Senate,170,35,S1003
"GENDER BILLS; Congressional Record Vol. 169, No. 107",https://www.congress.gov/congressional-record/volume-169/issue-107/house-section/article/H2972-9,6/20/23,House,169,107,H2972
"DANGER OF GENDER IDENTITY POLITICS; Congressional Record Vol. 167, No. 34",https://www.congress.gov/congressional-record/volume-167/issue-34/house-section/article/H569-1,2/23/21,House,167,34,H569
"PUBLIC SCHOOL RADICAL GENDER IDEOLOGY; Congressional Record Vol. 169, No. 52",https://www.congress.gov/congressional-record/volume-169/issue-52/house-section/article/H1305-3,3/22/23,House,169,52,H1305
"INTRODUCTION OF THE REAL ID GENDER REQUIREMENT REFORM ACT; Congressional Record Vol. 171, No. 93",https://www.congress.gov/congressional-record/volume-171/issue-93/extensions-of-remarks-section/article/E489-2,6/2/25,Extensions of Remarks,171,93,E489
"INTRODUCTION OF THE REAL ID GENDER REQUIREMENT REFORM ACT; Congressional Record Vol. 170, No. 108",https://www.congress.gov/congressional-record/volume-170/issue-108/extensions-of-remarks-section/article/E679-2,6/27/24,Extensions of Remarks,170,108,E679
"INTRODUCTION OF THE REAL ID GENDER REQUIREMENT REFORM ACT; Congressional Record Vol. 167, No. 179",https://www.congress.gov/congressional-record/volume-167/issue-179/extensions-of-remarks-section/article/E1093-1,10/12/21,Extensions of Remarks,167,179,E1093
"IN RECOGNITION OF THE 16 DAYS OF ACTIVISM AGAINST GENDER-BASED VIOLENCE; Congressional Record Vol. 164, No. 190",https://www.congress.gov/congressional-record/volume-164/issue-190/extensions-of-remarks-section/article/E1595-1,12/3/18,Extensions of Remarks,164,190,E1595
"CHILDREN NEED OPPORTUNITY TO EXPLORE GENDER IDENTITY WITHOUT CRITICISM; Congressional Record Vol. 166, No. 39",https://www.congress.gov/congressional-record/volume-166/issue-39/house-section/article/H1230-2,2/27/20,House,166,39,H1230
"SENATE RESOLUTION 664--EXPRESSING OPPOSITION TO THE CRIMINALIZATION OF ESSENTIAL HEALTHCARE, INCLUDING THE FULL RANGE OF SEXUAL AND REPRODUCTIVE HEALTHCARE SUCH AS ABORTION, GENDER-AFFIRMING CARE...; Congressional Record Vol. 168, No. 98",https://www.congress.gov/congressional-record/volume-168/issue-98/senate-section/article/S2867-4,6/8/22,Senate,168,98,S2867
"SENATE RESOLUTION 262--AFFIRMING THE IMPORTANCE OF TITLE IX, APPLAUDING THE INCREASE IN EDUCATIONAL OPPORTUNITIES AVAILABLE TO ALL PEOPLE, REGARDLESS OF SEX OR GENDER, AND RECOGNIZING THE...; Congressional Record Vol. 165, No. 106",https://www.congress.gov/congressional-record/volume-165/issue-106/senate-section/article/S4461-1,6/24/19,Senate,165,106,S4461
"Text of Senate Amendment 2476; Congressional Record Vol. 170, No. 115",https://www.congress.gov/congressional-record/volume-170/issue-115/senate-section/article/S4800-2,7/11/24,Senate,170,115,S4800
"Text of Senate Amendment 902; Congressional Record Vol. 169, No. 123",https://www.congress.gov/congressional-record/volume-169/issue-123/senate-section/article/S3078-2,7/18/23,Senate,169,123,S3078
"Text of Senate Amendment 4632; Congressional Record Vol. 172, No. 49",https://www.congress.gov/congressional-record/volume-172/issue-49/senate-section/article/S1279-2,3/18/26,Senate,172,49,S1279
"SENATE RESOLUTION 604--RECOGNIZING THAT IT IS THE DUTY OF THE FEDERAL GOVERNMENT TO DEVELOP AND IMPLEMENT A TRANSGENDER BILL OF RIGHTS TO PROTECT AND CODIFY THE RIGHTS OF TRANSGENDER AND NONBINARY...; Congressional Record Vol. 172, No. 29",https://www.congress.gov/congressional-record/volume-172/issue-29/senate-section/article/S580-1,2/11/26,Senate,172,29,S580
"SENATE RESOLUTION 144--RECOGNIZING THAT IT IS THE DUTY OF THE FEDERAL GOVERNMENT TO DEVELOP AND IMPLEMENT A TRANSGENDER BILL OF RIGHTS TO PROTECT AND CODIFY THE RIGHTS OF TRANSGENDER AND NONBINARY...; Congressional Record Vol. 169, No. 58",https://www.congress.gov/congressional-record/volume-169/issue-58/senate-section/article/S1099-1,3/30/23,Senate,169,58,S1099
"SENATE RESOLUTION 281--COMMITTING TO ELEVATE THE VOICES, LEADERSHIP, AND NEEDS OF COMMUNITIES THAT FACE SYSTEMIC BARRIERS IN THE EFFORT TO END SEXUAL VIOLENCE AND SUPPORT ALL SURVIVORS OF SEXUAL...; Congressional Record Vol. 165, No. 124",https://www.congress.gov/congressional-record/volume-165/issue-124/senate-section/article/S5016-2,7/23/19,Senate,165,124,S5016
"Text of Senate Amendment 4470; Congressional Record Vol. 172, No. 49",https://www.congress.gov/congressional-record/volume-172/issue-49/senate-section/article/S1214-4,3/18/26,Senate,172,49,S1214
"SENATE CONCURRENT RESOLUTION 35--SUPPORTING THE GOALS AND IDEALS OF INTERNATIONAL TRANSGENDER DAY OF VISIBILITY; Congressional Record Vol. 168, No. 57",https://www.congress.gov/congressional-record/volume-168/issue-57/senate-section/article/S1914-3,3/31/22,Senate,168,57,S1914
"COMBATING SEXUAL HARASSMENT IN SCIENCE ACT; Congressional Record Vol. 167, No. 85",https://www.congress.gov/congressional-record/volume-167/issue-85/house-section/article/H2401-1,5/17/21,House,167,85,H2401
"COMBATING SEXUAL HARASSMENT IN SCIENCE ACT OF 2019; Congressional Record Vol. 165, No. 124",https://www.congress.gov/congressional-record/volume-165/issue-124/house-section/article/H7173-1,7/23/19,House,165,124,H7173
"SENATE RESOLUTION 643--DESIGNATING MARCH 12, 2026, AS ""DETRANSITION AWARENESS DAY""; Congressional Record Vol. 172, No. 47",https://www.congress.gov/congressional-record/volume-172/issue-47/senate-section/article/S1057-1,3/16/26,Senate,172,47,S1057
"SENATE RESOLUTION 276--EXPRESSING OPPOSITION TO THE USE OF STATE POWER AGAINST PEOPLE IN THE UNITED STATES SEEKING ESSENTIAL HEALTH CARE, INCLUDING CRIMINALIZATION OF THE FULL RANGE OF SEXUAL AND...; Congressional Record Vol. 169, No. 109",https://www.congress.gov/congressional-record/volume-169/issue-109/senate-section/article/S2241-2,6/22/23,Senate,169,109,S2241
"CONGRESSIONAL LGBTQ+ EQUALITY CAUCUS IN COMMEMORATION OF PRIDE MONTH; Congressional Record Vol. 167, No. 108",https://www.congress.gov/congressional-record/volume-167/issue-108/extensions-of-remarks-section/article/E679-1,6/22/21,Extensions of Remarks,167,108,E679
"CHILDREN'S INNOCENCE MUST BE PROTECTED; Congressional Record Vol. 169, No. 43",https://www.congress.gov/congressional-record/volume-169/issue-43/house-section/article/H1119-4,3/7/23,House,169,43,H1119
"SENATE RESOLUTION 831--SUPPORTING THE INCLUSION OF THE WOMEN OF SUDAN IN UNITED STATES EFFORTS TO END THE CONFLICT IN SUDAN; Congressional Record Vol. 170, No. 146",https://www.congress.gov/congressional-record/volume-170/issue-146/senate-section/article/S6222-2,9/19/24,Senate,170,146,S6222
"DR. BENJY FRANCES BROOKS CHILDREN'S HOSPITAL GME SUPPORT REAUTHORIZATION ACT OF 2018; Congressional Record Vol. 164, No. 125",https://www.congress.gov/congressional-record/volume-164/issue-125/extensions-of-remarks-section/article/E1069-5,7/25/18,Extensions of Remarks,164,125,E1069
"SENATE RESOLUTION 599--EXPRESSING THE SENSE OF THE SENATE THAT PROTECTING AND ADVANCING THE RIGHTS OF WOMEN AND GIRLS IN THE REPUBLIC OF HAITI IS CRITICAL TO THE SUCCESS OF HAITI'S TRANSITION FROM...; Congressional Record Vol. 172, No. 26",https://www.congress.gov/congressional-record/volume-172/issue-26/senate-section/article/S513-2,2/5/26,Senate,172,26,S513
"SUPPORTING THE GOALS OF INTERNATIONAL WOMEN'S DAY; Congressional Record Vol. 166, No. 111",https://www.congress.gov/congressional-record/volume-166/issue-111/senate-section/article/S3019-1,6/16/20,Senate,166,111,S3019
"SENATE RESOLUTION 101--SUPPORTING THE GOALS OF INTERNATIONAL WOMEN'S DAY; Congressional Record Vol. 165, No. 41",https://www.congress.gov/congressional-record/volume-165/issue-41/senate-section/article/S1744-1,3/7/19,Senate,165,41,S1744
"SUBMITTED RESOLUTIONS; Congressional Record Vol. 165, No. 129",https://www.congress.gov/congressional-record/volume-165/issue-129/senate-section/article/S5200-1,7/30/19,Senate,165,129,S5200
"PARENTAL RIGHTS OVER THE EDUCATION AND CARE OF THEIR KIDS ACT; Congressional Record Vol. 172, No. 86",https://www.congress.gov/congressional-record/volume-172/issue-86/house-section/article/H3652-1,5/20/26,House,172,86,H3652
"Introduction of the Fair Pay Act of 2023; Congressional Record Vol. 169, No. 47",https://www.congress.gov/congressional-record/volume-169/issue-47/extensions-of-remarks-section/article/E213-3,3/14/23,Extensions of Remarks,169,47,E213
"WOMEN'S ENTREPRENEURSHIP AND ECONOMIC EMPOWERMENT ACT OF 2018; Congressional Record Vol. 164, No. 120",https://www.congress.gov/congressional-record/volume-164/issue-120/house-section/article/H6333-1,7/17/18,House,164,120,H6333
"FOUNDATION OF THE FEDERAL BAR ASSOCIATION CHARTER AMENDMENTS ACT OF 2017; Congressional Record Vol. 164, No. 123",https://www.congress.gov/congressional-record/volume-164/issue-123/house-section/article/H6618-1,7/23/18,House,164,123,H6618
"EQUALITY ACT; Congressional Record Vol. 165, No. 83",https://www.congress.gov/congressional-record/volume-165/issue-83/house-section/article/H3931-3,5/17/19,House,165,83,H3931
"SUPPORTING THE GOALS OF INTERNATIONAL WOMEN'S DAY; Congressional Record Vol. 164, No. 63",https://www.congress.gov/congressional-record/volume-164/issue-63/senate-section/article/S2280-2,4/18/18,Senate,164,63,S2280
"INTRODUCTION OF THE FAIR PAY ACT OF 2021; Congressional Record Vol. 167, No. 57",https://www.congress.gov/congressional-record/volume-167/issue-57/extensions-of-remarks-section/article/E307-3,3/26/21,Extensions of Remarks,167,57,E307
"EQUALITY ACT; Congressional Record Vol. 167, No. 36",https://www.congress.gov/congressional-record/volume-167/issue-36/house-section/article/H633-2,2/25/21,House,167,36,H633
"SENATE RESOLUTION 408--RECOGNIZING SEPTEMBER 20, 2025, AS ""NATIONAL LGBTQ+ SERVICEMEMBERS AND VETERANS DAY""; Congressional Record Vol. 171, No. 153",https://www.congress.gov/congressional-record/volume-171/issue-153/senate-section/article/S6738-2,9/18/25,Senate,171,153,S6738
"SENATE RESOLUTION 100--SUPPORTING THE GOALS OF INTERNATIONAL WOMEN'S DAY; Congressional Record Vol. 167, No. 44",https://www.congress.gov/congressional-record/volume-167/issue-44/senate-section/article/S1429-1,3/9/21,Senate,167,44,S1429
"SENATE RESOLUTION 533--SUPPORTING THE GOALS OF INTERNATIONAL WOMEN'S DAY; Congressional Record Vol. 166, No. 44",https://www.congress.gov/congressional-record/volume-166/issue-44/senate-section/article/S1601-1,3/5/20,Senate,166,44,S1601
"LGBTQI+ DATA INCLUSION ACT; Congressional Record Vol. 168, No. 107",https://www.congress.gov/congressional-record/volume-168/issue-107/house-section/article/H5856-1,6/23/22,House,168,107,H5856
"SUBMITTED RESOLUTIONS; Congressional Record Vol. 167, No. 41",https://www.congress.gov/congressional-record/volume-167/issue-41/senate-section/article/S1122-1,3/4/21,Senate,167,41,S1122
"WOMEN'S ENTREPRENEURSHIP AND ECONOMIC EMPOWERMENT ACT OF 2018; Congressional Record Vol. 164, No. 200",https://www.congress.gov/congressional-record/volume-164/issue-200/senate-section/article/S7863-2,12/19/18,Senate,164,200,S7863
"LGBTQI+ DATA INCLUSION ACT; Congressional Record Vol. 168, No. 107",https://www.congress.gov/congressional-record/volume-168/issue-107/house-section/article/H5867-3,6/23/22,House,168,107,H5867
"INTRODUCTION OF THE FAIR PAY ACT OF 2019; Congressional Record Vol. 165, No. 57",https://www.congress.gov/congressional-record/volume-165/issue-57/extensions-of-remarks-section/article/E386-2,4/2/19,Extensions of Remarks,165,57,E386
"THE INTRODUCTION OF THE FAIR PAY ACT OF 2017 APRIL 4, 2017; Congressional Record Vol. 163, No. 66",https://www.congress.gov/congressional-record/volume-163/issue-66/extensions-of-remarks-section/article/E508-3,4/14/17,Extensions of Remarks,163,66,E508
"PROVIDING FOR CONGRESSIONAL DISAPPROVAL OF THE RULE SUBMITTED BY THE DEPARTMENT OF EDUCATION RELATING TO ""NONDISCRIMINATION ON THE BASIS OF SEX IN EDUCATION PROGRAMS OR ACTIVITIES RECEIVING...; Congressional Record Vol. 170, No. 114",https://www.congress.gov/congressional-record/volume-170/issue-114/house-section/article/H4547-2,7/10/24,House,170,114,H4547
"SENATE RESOLUTION 749--RECOGNIZING JUNE 2024, AS ""LGBTQ PRIDE MONTH""; Congressional Record Vol. 170, No. 104",https://www.congress.gov/congressional-record/volume-170/issue-104/senate-section/article/S4186-2,6/20/24,Senate,170,104,S4186
"Text of Senate Amendment 28; Congressional Record Vol. 169, No. 51",https://www.congress.gov/congressional-record/volume-169/issue-51/senate-section/article/S871-5,3/21/23,Senate,169,51,S871
"Text of Senate Amendment 37; Congressional Record Vol. 169, No. 52",https://www.congress.gov/congressional-record/volume-169/issue-52/senate-section/article/S912-4,3/22/23,Senate,169,52,S912
"SENATE RESOLUTION 789--RECOGNIZING JUNE 2026, AS ""LGBTQ PRIDE MONTH""; Congressional Record Vol. 172, No. 106",https://www.congress.gov/congressional-record/volume-172/issue-106/senate-section/article/S3215-2,6/24/26,Senate,172,106,S3215
"SENATE RESOLUTION 84--SUPPORTING THE GOALS OF INTERNATIONAL WOMEN'S DAY; Congressional Record Vol. 163, No. 40",https://www.congress.gov/congressional-record/volume-163/issue-40/senate-section/article/S1693-1,3/8/17,Senate,163,40,S1693
"INTRODUCTION OF THE FAIR PAY ACT OF 2026; Congressional Record Vol. 172, No. 77",https://www.congress.gov/congressional-record/volume-172/issue-77/extensions-of-remarks-section/article/E412-1,5/4/26,Extensions of Remarks,172,77,E412
"RIGHTS FOR ALL PEOPLE; Congressional Record Vol. 170, No. 173",https://www.congress.gov/congressional-record/volume-170/issue-173/house-section/article/H6181-1,11/21/24,House,170,173,H6181
"WOMEN'S ENTREPRENEURSHIP AND ECONOMIC EMPOWERMENT ACT OF 2018; Congressional Record Vol. 164, No. 202",https://www.congress.gov/congressional-record/volume-164/issue-202/house-section/article/H10550-1,12/21/18,House,164,202,H10550
"SENATE RESOLUTION 540--SUPPORTING THE GOALS OF INTERNATIONAL WOMEN'S DAY; Congressional Record Vol. 168, No. 41",https://www.congress.gov/congressional-record/volume-168/issue-41/senate-section/article/S1063-2,3/8/22,Senate,168,41,S1063
"Text of Senate Amendment 1755; Congressional Record Vol. 166, No. 116",https://www.congress.gov/congressional-record/volume-166/issue-116/senate-section/article/S3259-3,6/24/20,Senate,166,116,S3259
"SENATE RESOLUTION 762--RECOGNIZING THE DISPROPORTIONATE IMPACT OF COVID-19 ON WOMEN AND GIRLS GLOBALLY; Congressional Record Vol. 166, No. 184",https://www.congress.gov/congressional-record/volume-166/issue-184/senate-section/article/S6600-1,10/25/20,Senate,166,184,S6600
"LGBTQ PRIDE MONTH; Congressional Record Vol. 167, No. 109",https://www.congress.gov/congressional-record/volume-167/issue-109/senate-section/article/S4725-3,6/23/21,Senate,167,109,S4725
"Nomination of Geeta Rao Gupta (Executive Calendar); Congressional Record Vol. 169, No. 76",https://www.congress.gov/congressional-record/volume-169/issue-76/senate-section/article/S1529-2,5/4/23,Senate,169,76,S1529
"PROTECT CHILDREN'S INNOCENCE ACT; Congressional Record Vol. 171, No. 213",https://www.congress.gov/congressional-record/volume-171/issue-213/house-section/article/H5992-1,12/17/25,House,171,213,H5992
"SUBMITTED RESOLUTIONS; Congressional Record Vol. 164, No. 41",https://www.congress.gov/congressional-record/volume-164/issue-41/senate-section/article/S1581-1,3/8/18,Senate,164,41,S1581
"SENATE RESOLUTION 670--SUPPORTING THE GOALS AND IDEALS OF THE 2026 DAY OF SILENCE IN BRINGING ATTENTION TO ANTI-LGBTQI+ BULLYING, HARASSMENT, DISCRIMINATION, AND OTHER FORMS OF VICTIMIZATION FACED...; Congressional Record Vol. 172, No. 66",https://www.congress.gov/congressional-record/volume-172/issue-66/senate-section/article/S1787-1,4/15/26,Senate,172,66,S1787
"TRANSGENDER DAY OF REMEMBRANCE; Congressional Record Vol. 167, No. 200",https://www.congress.gov/congressional-record/volume-167/issue-200/house-section/article/H6364-1,11/17/21,House,167,200,H6364
"SUBMITTED RESOLUTIONS; Congressional Record Vol. 170, No. 145",https://www.congress.gov/congressional-record/volume-170/issue-145/senate-section/article/S6147-2,9/18/24,Senate,170,145,S6147
"SENATE RESOLUTION 312--RECOGNIZING JUNE 2025, AS ""LGBTQ PRIDE MONTH""; Congressional Record Vol. 171, No. 113",https://www.congress.gov/congressional-record/volume-171/issue-113/senate-section/article/S4084-1,6/30/25,Senate,171,113,S4084
"SENATE RESOLUTION 282--RECOGNIZING JUNE 2023 AS ``LGBTQ PRIDE MONTH''; Congressional Record Vol. 169, No. 109",https://www.congress.gov/congressional-record/volume-169/issue-109/senate-section/article/S2245-1,6/22/23,Senate,169,109,S2245
"SENATE RESOLUTION 652--RECOGNIZING JUNE 2022 AS ``LGBTQ PRIDE MONTH''; Congressional Record Vol. 168, No. 92",https://www.congress.gov/congressional-record/volume-168/issue-92/senate-section/article/S2756-1,5/26/22,Senate,168,92,S2756
"21ST CENTURY PRESIDENT ACT; Congressional Record Vol. 168, No. 105",https://www.congress.gov/congressional-record/volume-168/issue-105/house-section/article/H5700-1,6/21/22,House,168,105,H5700
"IMPROVING CORPORATE GOVERNANCE THROUGH DIVERSITY ACT OF 2019; Congressional Record Vol. 165, No. 184",https://www.congress.gov/congressional-record/volume-165/issue-184/house-section/article/H8927-1,11/18/19,House,165,184,H8927
"Introductory Statement on S. 1964; Congressional Record Vol. 165, No. 107",https://www.congress.gov/congressional-record/volume-165/issue-107/senate-section/article/S4507-2,6/25/19,Senate,165,107,S4507
"GAO OPINION LETTER; Congressional Record Vol. 169, No. 99",https://www.congress.gov/congressional-record/volume-169/issue-99/senate-section/article/S1998-3,6/7/23,Senate,169,99,S1998
"SENATE RESOLUTION 628--SUPPORTING THE GOALS AND IDEALS OF THE RISE UP FOR LGBTQI+ YOUTH IN SCHOOLS INITIATIVE, A CALL TO ACTION TO COMMUNITIES ACROSS THE COUNTRY TO DEMAND EQUAL EDUCATIONAL...; Congressional Record Vol. 170, No. 59",https://www.congress.gov/congressional-record/volume-170/issue-59/senate-section/article/S2648-2,4/8/24,Senate,170,59,S2648
"Text of Senate Amendment 4082; Congressional Record Vol. 167, No. 191",https://www.congress.gov/congressional-record/volume-167/issue-191/senate-section/article/S7546-3,11/1/21,Senate,167,191,S7546
"SENATE RESOLUTION 582--SUPPORTING THE GOALS OF INTERNATIONAL WOMEN'S DAY; Congressional Record Vol. 170, No. 41",https://www.congress.gov/congressional-record/volume-170/issue-41/senate-section/article/S2282-2,3/7/24,Senate,170,41,S2282
"SENATE RESOLUTION 99--SUPPORTING THE GOALS OF INTERNATIONAL WOMEN'S DAY; Congressional Record Vol. 169, No. 44",https://www.congress.gov/congressional-record/volume-169/issue-44/senate-section/article/S718-1,3/8/23,Senate,169,44,S718
"CELEBRATING PRIDE MONTH; Congressional Record Vol. 167, No. 110",https://www.congress.gov/congressional-record/volume-167/issue-110/extensions-of-remarks-section/article/E694-1,6/24/21,Extensions of Remarks,167,110,E694
"INTERNATIONAL WOMEN'S DAY; Congressional Record Vol. 165, No. 45",https://www.congress.gov/congressional-record/volume-165/issue-45/senate-section/article/S1839-2,3/13/19,Senate,165,45,S1839
"KEEPING GIRLS IN SCHOOL ACT; Congressional Record Vol. 166, No. 18",https://www.congress.gov/congressional-record/volume-166/issue-18/house-section/article/H601-1,1/28/20,House,166,18,H601
"SENATE RESOLUTION 627--RECOGNIZING JUNE 2020 AS ``LGBTQ PRIDE MONTH''; Congressional Record Vol. 166, No. 112",https://www.congress.gov/congressional-record/volume-166/issue-112/senate-section/article/S3066-2,6/17/20,Senate,166,112,S3066
"PAYCHECK FAIRNESS ACT; Congressional Record Vol. 167, No. 65",https://www.congress.gov/congressional-record/volume-167/issue-65/house-section/article/H1799-2,4/15/21,House,167,65,H1799
"Text of Senate Amendment 4409; Congressional Record Vol. 167, No. 194",https://www.congress.gov/congressional-record/volume-167/issue-194/senate-section/article/S7922-1,11/4/21,Senate,167,194,S7922
"SENATE CONCURRENT RESOLUTION 31--RECOGNIZING THE DUTY OF CONGRESS TO MEET THE NEEDS OF WORKING WOMEN; Congressional Record Vol. 172, No. 56",https://www.congress.gov/congressional-record/volume-172/issue-56/senate-section/article/S1619-1,3/25/26,Senate,172,56,S1619
"SENATE RESOLUTION 134--SUPPORTING THE GOALS AND IDEALS OF THE RISE UP FOR LGBTQI+ YOUTH IN SCHOOLS INITIATIVE, A CALL TO ACTION TO COMMUNITIES ACROSS THE COUNTRY TO DEMAND EQUAL EDUCATIONAL...; Congressional Record Vol. 169, No. 57",https://www.congress.gov/congressional-record/volume-169/issue-57/senate-section/article/S1056-2,3/29/23,Senate,169,57,S1056
"TRANS TOWN HALL; Congressional Record Vol. 163, No. 84",https://www.congress.gov/congressional-record/volume-163/issue-84/extensions-of-remarks-section/article/E633-3,5/16/17,Extensions of Remarks,163,84,E633
"Text of Senate Amendment 4586; Congressional Record Vol. 167, No. 198",https://www.congress.gov/congressional-record/volume-167/issue-198/senate-section/article/S8102-2,11/15/21,Senate,167,198,S8102
"SENATE RESOLUTION 261--RECOGNIZING JUNE 2021 AS ``LGBTQ PRIDE MONTH''; Congressional Record Vol. 167, No. 99",https://www.congress.gov/congressional-record/volume-167/issue-99/senate-section/article/S3991-1,6/8/21,Senate,167,99,S3991
"PROVIDING FOR CONSIDERATION OF H.R. 4176, LGBTQI+ DATA INCLUSION ACT; PROVIDING FOR CONSIDERATION OF H.R. 5585, ADVANCED RESEARCH PROJECTS AGENCY-HEALTH ACT; PROVIDING FOR CONSIDERATION OF H.R...; Congressional Record Vol. 168, No. 106",https://www.congress.gov/congressional-record/volume-168/issue-106/house-section/article/H5745-4,6/22/22,House,168,106,H5745
"IN RECOGNITION OF CYRUS TARAPOREVALA'S REMARKS ON THE OCCASION OF THE INSTALLATION OF THE ""FEARLESS GIRL STATUE"" AT THE NEW YORK STOCK EXCHANGE; Congressional Record Vol. 165, No. 23",https://www.congress.gov/congressional-record/volume-165/issue-23/extensions-of-remarks-section/article/E140-2,2/6/19,Extensions of Remarks,165,23,E140
"Text of Senate Amendment 1103; Congressional Record Vol. 169, No. 147",https://www.congress.gov/congressional-record/volume-169/issue-147/senate-section/article/S4399-2,9/12/23,Senate,169,147,S4399
"ENSURING DIVERSE LEADERSHIP ACT OF 2019; Congressional Record Vol. 165, No. 144",https://www.congress.gov/congressional-record/volume-165/issue-144/house-section/article/H7576-1,9/10/19,House,165,144,H7576
"Text of Senate Amendment 1591; Congressional Record Vol. 166, No. 104",https://www.congress.gov/congressional-record/volume-166/issue-104/senate-section/article/S2738-3,6/4/20,Senate,166,104,S2738
"SENATE RESOLUTION 201--AFFIRMING THE IMPORTANCE OF TITLE IX, APPLAUDING THE INCREASE IN EDUCATIONAL OPPORTUNITIES AVAILABLE TO WOMEN AND GIRLS, AND RECOGNIZING THE TREMENDOUS AMOUNT OF WORK LEFT TO...; Congressional Record Vol. 163, No. 107",https://www.congress.gov/congressional-record/volume-163/issue-107/senate-section/article/S3736-1,6/22/17,Senate,163,107,S3736
"SENATE RESOLUTION 505--CONDEMNING THE USE OF SEXUAL VIOLENCE AND RAPE AS A WEAPON OF WAR BY THE TERRORIST GROUP HAMAS AGAINST THE PEOPLE OF ISRAEL; Congressional Record Vol. 169, No. 206",https://www.congress.gov/congressional-record/volume-169/issue-206/senate-section/article/S6001-1,12/14/23,Senate,169,206,S6001
"BUILDING BLOCKS OF STEM ACT; Congressional Record Vol. 164, No. 28",https://www.congress.gov/congressional-record/volume-164/issue-28/house-section/article/H1097-1,2/13/18,House,164,28,H1097
"SENATE RESOLUTION 511--SUPPORTING THE GOALS AND PRINCIPLES OF TRANSGENDER DAY OF REMEMBRANCE BY RECOGNIZING THE EPIDEMIC OF VIOLENCE TOWARD TRANSGENDER PEOPLE AND MEMORIALIZING THE LIVES LOST THIS...; Congressional Record Vol. 171, No. 196",https://www.congress.gov/congressional-record/volume-171/issue-196/senate-section/article/S8270-14,11/20/25,Senate,171,196,S8270
"SENATE RESOLUTION 511--SUPPORTING THE GOALS AND PRINCIPLES OF TRANSGENDER DAY OF REMEMBRANCE BY RECOGNIZING THE EPIDEMIC OF VIOLENCE TOWARD TRANSGENDER PEOPLE AND MEMORIALIZING THE LIVES LOST THIS...; Congressional Record Vol. 171, No. 196",https://www.congress.gov/congressional-record/volume-171/issue-196/senate-section/article/S8280-1,11/20/25,Senate,171,196,S8280
"LGBTQ+ PRIDE MONTH; Congressional Record Vol. 170, No. 104",https://www.congress.gov/congressional-record/volume-170/issue-104/senate-section/article/S4177-2,6/20/24,Senate,170,104,S4177
"SENATE RESOLUTION 168--SUPPORTING THE GOALS AND IDEALS OF THE RISE UP FOR LGBTQI+ YOUTH IN SCHOOLS INITIATIVE, A CALL TO ACTION TO COMMUNITIES ACROSS THE UNITED STATES TO DEMAND EQUAL EDUCATIONAL...; Congressional Record Vol. 171, No. 64",https://www.congress.gov/congressional-record/volume-171/issue-64/senate-section/article/S2529-2,4/9/25,Senate,171,64,S2529
"Text of Senate Amendment 5813; Congressional Record Vol. 168, No. 157",https://www.congress.gov/congressional-record/volume-168/issue-157/senate-section/article/S5288-1,9/28/22,Senate,168,157,S5288
"Text of Senate Amendment 3917; Congressional Record Vol. 167, No. 189",https://www.congress.gov/congressional-record/volume-167/issue-189/senate-section/article/S7421-2,10/27/21,Senate,167,189,S7421
"REMEMBERING MATTHEW SHEPARD; Congressional Record Vol. 164, No. 169",https://www.congress.gov/congressional-record/volume-164/issue-169/senate-section/article/S6793-1,10/11/18,Senate,164,169,S6793
"SUBMITTED RESOLUTIONS ON THURSDAY, JANUARY 25, 2018; Congressional Record Vol. 164, No. 19",https://www.congress.gov/congressional-record/volume-164/issue-19/senate-section/article/S552-1,1/29/18,Senate,164,19,S552
"Text of Senate Amendment 5938; Congressional Record Vol. 172, No. 105",https://www.congress.gov/congressional-record/volume-172/issue-105/senate-section/article/S3084-3,6/23/26,Senate,172,105,S3084
"SUBMITTED RESOLUTIONS; Congressional Record Vol. 168, No. 84",https://www.congress.gov/congressional-record/volume-168/issue-84/senate-section/article/S2548-1,5/17/22,Senate,168,84,S2548
"SUBMITTED RESOLUTIONS; Congressional Record Vol. 166, No. 27",https://www.congress.gov/congressional-record/volume-166/issue-27/senate-section/article/S966-1,2/10/20,Senate,166,27,S966
"SUBMITTED RESOLUTIONS; Congressional Record Vol. 168, No. 107",https://www.congress.gov/congressional-record/volume-168/issue-107/senate-section/article/S3164-2,6/23/22,Senate,168,107,S3164
"Transgender Rights; Congressional Record Vol. 168, No. 62",https://www.congress.gov/congressional-record/volume-168/issue-62/senate-section/article/S2076-2,4/7/22,Senate,168,62,S2076
"Text of Senate Amendment 1702; Congressional Record Vol. 166, No. 116",https://www.congress.gov/congressional-record/volume-166/issue-116/senate-section/article/S3225-1,6/24/20,Senate,166,116,S3225
"Text of Senate Amendment 378; Congressional Record Vol. 165, No. 98",https://www.congress.gov/congressional-record/volume-165/issue-98/senate-section/article/S3439-2,6/12/19,Senate,165,98,S3439
"SUBMITTED RESOLUTIONS; Congressional Record Vol. 165, No. 16",https://www.congress.gov/congressional-record/volume-165/issue-16/senate-section/article/S681-3,1/25/19,Senate,165,16,S681
"SAVE America Act (Executive Session); Congressional Record Vol. 172, No. 54",https://www.congress.gov/congressional-record/volume-172/issue-54/senate-section/article/S1526-2,3/23/26,Senate,172,54,S1526
"SOCIETY IS LOSING ITS MORAL COMPASS; Congressional Record Vol. 170, No. 186",https://www.congress.gov/congressional-record/volume-170/issue-186/house-section/article/H7146-3,12/16/24,House,170,186,H7146
"ISSUES OF THE DAY; Congressional Record Vol. 165, No. 83",https://www.congress.gov/congressional-record/volume-165/issue-83/house-section/article/H3956-4,5/17/19,House,165,83,H3956
"HONORING ASSEMBLYMEMBER MARK STONE; Congressional Record Vol. 168, No. 125",https://www.congress.gov/congressional-record/volume-168/issue-125/extensions-of-remarks-section/article/E785-5,7/27/22,Extensions of Remarks,168,125,E785
"RECOGNIZING GIRL SCOUTS OF SOUTHEASTERN MICHIGAN AT THE UNITED NATIONS 69TH COMMISSION ON THE STATUS OF WOMEN; Congressional Record Vol. 171, No. 27",https://www.congress.gov/congressional-record/volume-171/issue-27/extensions-of-remarks-section/article/E110-3,2/10/25,Extensions of Remarks,171,27,E110
"Text of Senate Amendment 5968; Congressional Record Vol. 168, No. 157",https://www.congress.gov/congressional-record/volume-168/issue-157/senate-section/article/S5474-5,9/28/22,Senate,168,157,S5474
"SUBMITTED RESOLUTIONS; Congressional Record Vol. 165, No. 164",https://www.congress.gov/congressional-record/volume-165/issue-164/senate-section/article/S5900-3,10/17/19,Senate,165,164,S5900
"BUILDING BLOCKS OF STEM ACT; Congressional Record Vol. 165, No. 124",https://www.congress.gov/congressional-record/volume-165/issue-124/house-section/article/H7166-8,7/23/19,House,165,124,H7166
"SENATE RESOLUTION 487--AFFIRMING A COMMITMENT TO ELEVATE THE VOICES, LEADERSHIP, AND NEEDS OF HISTORICALLY AND CURRENTLY DISENFRANCHISED AND UNDERSERVED COMMUNITIES IN THE EFFORT TO END SEXUAL...; Congressional Record Vol. 164, No. 68",https://www.congress.gov/congressional-record/volume-164/issue-68/senate-section/article/S2490-2,4/26/18,Senate,164,68,S2490
"SENATE RESOLUTION 734--RECOGNIZING 30 YEARS SINCE THE INTERNATIONAL CONFERENCE ON POPULATION AND DEVELOPMENT IN CAIRO, EGYPT, AND REAFFIRMING THE GOALS AND IDEALS OF THE INTERNATIONAL CONFERENCE ON...; Congressional Record Vol. 170, No. 100",https://www.congress.gov/congressional-record/volume-170/issue-100/senate-section/article/S4089-1,6/13/24,Senate,170,100,S4089
"Text of Senate Amendment 654; Congressional Record Vol. 169, No. 120",https://www.congress.gov/congressional-record/volume-169/issue-120/senate-section/article/S2748-2,7/13/23,Senate,169,120,S2748
"Text of Senate Amendment 4196; Congressional Record Vol. 167, No. 192",https://www.congress.gov/congressional-record/volume-167/issue-192/senate-section/article/S7656-4,11/2/21,Senate,167,192,S7656
"HONORING JORDAN MIX AS IOWAN OF THE WEEK; Congressional Record Vol. 168, No. 153",https://www.congress.gov/congressional-record/volume-168/issue-153/extensions-of-remarks-section/article/E965-6,9/22/22,Extensions of Remarks,168,153,E965
"PROTECTION OF WOMEN AND GIRLS IN SPORTS ACT OF 2025; Congressional Record Vol. 171, No. 7",https://www.congress.gov/congressional-record/volume-171/issue-7/house-section/article/H126-1,1/14/25,House,171,7,H126
"SENATE CONCURRENT RESOLUTION 16--RECOGNIZING THE SIGNIFICANCE OF EQUAL PAY AND THE DISPARITY IN WAGES PAID TO MEN AND TO BLACK WOMEN; Congressional Record Vol. 171, No. 119",https://www.congress.gov/congressional-record/volume-171/issue-119/senate-section/article/S4320-1,7/10/25,Senate,171,119,S4320
"Text of Senate Amendment 4862; Congressional Record Vol. 167, No. 206",https://www.congress.gov/congressional-record/volume-167/issue-206/senate-section/article/S8835-1,11/30/21,Senate,167,206,S8835
"Text of Senate Amendment 4808; Congressional Record Vol. 167, No. 201",https://www.congress.gov/congressional-record/volume-167/issue-201/senate-section/article/S8496-1,11/18/21,Senate,167,201,S8496
"EQUAL PAY; Congressional Record Vol. 165, No. 194",https://www.congress.gov/congressional-record/volume-165/issue-194/senate-section/article/S6883-2,12/5/19,Senate,165,194,S6883
"SENATE RESOLUTION 56--EXPRESSING THE SENSE OF THE SENATE THAT THE UNITED STATES SHOULD REMAIN A GLOBAL LEADER IN WELCOMING AND PROVIDING REFUGE TO REFUGEES AND ASYLUM SEEKERS AND THAT NO PERSON...; Congressional Record Vol. 163, No. 20",https://www.congress.gov/congressional-record/volume-163/issue-20/senate-section/article/S871-1,2/6/17,Senate,163,20,S871
"EQUAL PAY FOR TEAM USA ACT OF 2022; Congressional Record Vol. 168, No. 199",https://www.congress.gov/congressional-record/volume-168/issue-199/house-section/article/H9923-6,12/21/22,House,168,199,H9923
"DENOUNCING FEMALE GENITAL MUTILATION/CUTTING AS VIOLATING HUMAN RIGHTS OF WOMEN AND GIRLS; Congressional Record Vol. 165, No. 84",https://www.congress.gov/congressional-record/volume-165/issue-84/house-section/article/H3976-1,5/20/19,House,165,84,H3976
"Transgender Youth (Executive Calendar); Congressional Record Vol. 168, No. 47",https://www.congress.gov/congressional-record/volume-168/issue-47/senate-section/article/S1213-1,3/16/22,Senate,168,47,S1213
"STANDING IN SOLIDARITY WITH THE LGBTQI+ COMMUNITY; Congressional Record Vol. 168, No. 107",https://www.congress.gov/congressional-record/volume-168/issue-107/house-section/article/H5829-2,6/23/22,House,168,107,H5829
"END HUNGER NOW; Congressional Record Vol. 165, No. 107",https://www.congress.gov/congressional-record/volume-165/issue-107/house-section/article/H5081-2,6/25/19,House,165,107,H5081
"NOTICE OF INTENTION TO OFFER RESOLUTION RAISING A QUESTION OF THE PRIVILEGES OF THE HOUSE; Congressional Record Vol. 163, No. 199",https://www.congress.gov/congressional-record/volume-163/issue-199/house-section/article/H9673-3,12/6/17,House,163,199,H9673
"SENATE RESOLUTION 247--RECOGNIZING JUNE 2019 AS ""LGBTQ PRIDE MONTH""; Congressional Record Vol. 165, No. 98",https://www.congress.gov/congressional-record/volume-165/issue-98/senate-section/article/S3367-4,6/12/19,Senate,165,98,S3367
"SUBMITTED RESOLUTIONS; Congressional Record Vol. 165, No. 87",https://www.congress.gov/congressional-record/volume-165/issue-87/senate-section/article/S3113-1,5/23/19,Senate,165,87,S3113
"SENATE RESOLUTION 563--RECOGNIZING JUNE 2018 AS ""LGBTQ PRIDE MONTH""; Congressional Record Vol. 164, No. 109",https://www.congress.gov/congressional-record/volume-164/issue-109/senate-section/article/S4744-1,6/28/18,Senate,164,109,S4744
"SENATE RESOLUTION 785--CELEBRATING THE ACCOMPLISHMENTS OF TITLE IX OF THE EDUCATION AMENDMENTS OF 1972, ALSO KNOWN AS THE PATSY TAKEMOTO MINK EQUAL OPPORTUNITY IN EDUCATION ACT, AND RECOGNIZING THE...; Congressional Record Vol. 172, No. 105",https://www.congress.gov/congressional-record/volume-172/issue-105/senate-section/article/S3060-2,6/23/26,Senate,172,105,S3060
"Trump Administration (Executive Session); Congressional Record Vol. 171, No. 15",https://www.congress.gov/congressional-record/volume-171/issue-15/senate-section/article/S347-1,1/24/25,Senate,171,15,S347
"PROTECTING OUR MOST SACRED FREEDOMS; Congressional Record Vol. 167, No. 35",https://www.congress.gov/congressional-record/volume-167/issue-35/house-section/article/H592-2,2/24/21,House,167,35,H592
"DIGITAL GLOBAL ACCESS POLICY ACT OF 2019; Congressional Record Vol. 165, No. 84",https://www.congress.gov/congressional-record/volume-165/issue-84/house-section/article/H3970-2,5/20/19,House,165,84,H3970
"PROVIDING FOR CONSIDERATION OF H.R. 5, EQUALITY ACT; PROVIDING FOR CONSIDERATION OF H.R. 312, MASHPEE WAMPANOAG TRIBE RESERVATION REAFFIRMATION ACT; AND PROVIDING FOR CONSIDERATION OF H.R. 987...; Congressional Record Vol. 165, No. 81",https://www.congress.gov/congressional-record/volume-165/issue-81/house-section/article/H3801-2,5/15/19,House,165,81,H3801
"PROTECTION OF WOMEN AND GIRLS IN SPORTS ACT OF 2023; Congressional Record Vol. 169, No. 65",https://www.congress.gov/congressional-record/volume-169/issue-65/house-section/article/H1858-1,4/19/23,House,169,65,H1858
"CELEBRATING PRIDE MONTH; Congressional Record Vol. 168, No. 106",https://www.congress.gov/congressional-record/volume-168/issue-106/house-section/article/H5812-5,6/22/22,House,168,106,H5812
"Text of Senate Amendment 2791; Congressional Record Vol. 164, No. 97",https://www.congress.gov/congressional-record/volume-164/issue-97/senate-section/article/S3770-2,6/12/18,Senate,164,97,S3770
"ADDITIONAL STATEMENTS; Congressional Record Vol. 168, No. 150",https://www.congress.gov/congressional-record/volume-168/issue-150/senate-section/article/S4819-1,9/19/22,Senate,168,150,S4819
"Text of Senate Amendment 2563; Congressional Record Vol. 164, No. 94",https://www.congress.gov/congressional-record/volume-164/issue-94/senate-section/article/S3379-1,6/7/18,Senate,164,94,S3379
"21ST CENTURY PRESIDENT ACT; Congressional Record Vol. 165, No. 115",https://www.congress.gov/congressional-record/volume-165/issue-115/house-section/article/H5332-1,7/10/19,House,165,115,H5332
"Text of Senate Amendment 6164; Congressional Record Vol. 172, No. 106",https://www.congress.gov/congressional-record/volume-172/issue-106/senate-section/article/S3351-2,6/24/26,Senate,172,106,S3351
"NATIONAL DAY OF SILENCE; Congressional Record Vol. 164, No. 69",https://www.congress.gov/congressional-record/volume-164/issue-69/house-section/article/H3710-1,4/27/18,House,164,69,H3710
"CELEBRATING WOMEN'S HISTORY MONTH; Congressional Record Vol. 167, No. 52",https://www.congress.gov/congressional-record/volume-167/issue-52/extensions-of-remarks-section/article/E278-2,3/19/21,Extensions of Remarks,167,52,E278
"PROTECTING BEAUTIFUL LIVES IN OUR WONDERFUL COUNTRY; Congressional Record Vol. 169, No. 130",https://www.congress.gov/congressional-record/volume-169/issue-130/house-section/article/H4061-2,7/27/23,House,169,130,H4061
"TAXPAYERS SHOULD NOT BE RESPONSIBLE FOR SEX REASSIGNMENT SURGERIES; Congressional Record Vol. 167, No. 112",https://www.congress.gov/congressional-record/volume-167/issue-112/house-section/article/H3161-2,6/28/21,House,167,112,H3161
"Text of Senate Amendment 1442; Congressional Record Vol. 163, No. 169",https://www.congress.gov/congressional-record/volume-163/issue-169/senate-section/article/S6667-7,10/19/17,Senate,163,169,S6667
"Text of Senate Amendment 673; Congressional Record Vol. 163, No. 127",https://www.congress.gov/congressional-record/volume-163/issue-127/senate-section/article/S4582-1,7/27/17,Senate,163,127,S4582
"REMEMBERING LENORA LAPIDUS; Congressional Record Vol. 165, No. 92",https://www.congress.gov/congressional-record/volume-165/issue-92/senate-section/article/S3159-1,6/3/19,Senate,165,92,S3159
"NOMINATION OF ROSEMARIE HIDALGO; Congressional Record Vol. 169, No. 118",https://www.congress.gov/congressional-record/volume-169/issue-118/senate-section/article/S2304-3,7/11/23,Senate,169,118,S2304
"PAYCHECK FAIRNESS ACT; Congressional Record Vol. 165, No. 53",https://www.congress.gov/congressional-record/volume-165/issue-53/house-section/article/H2848-1,3/27/19,House,165,53,H2848
"INTRODUCTION OF THE DISTRICT OF COLUMBIA LOCAL JUROR NON-DISCRIMINATION ACT OF 2021; Congressional Record Vol. 167, No. 99",https://www.congress.gov/congressional-record/volume-167/issue-99/extensions-of-remarks-section/article/E615-1,6/8/21,Extensions of Remarks,167,99,E615
"Text of Senate Amendment 4137; Congressional Record Vol. 167, No. 192",https://www.congress.gov/congressional-record/volume-167/issue-192/senate-section/article/S7609-2,11/2/21,Senate,167,192,S7609
"REPORTS OF COMMITTEES ON PUBLIC BILLS AND RESOLUTIONS; Congressional Record Vol. 168, No. 105",https://www.congress.gov/congressional-record/volume-168/issue-105/house-section/article/H5733-1,6/21/22,House,168,105,H5733
"Remembering Justice Ruth Bader Ginsburg (Executive Session); Congressional Record Vol. 166, No. 163",https://www.congress.gov/congressional-record/volume-166/issue-163/senate-section/article/S5725-2,9/21/20,Senate,166,163,S5725
"SENATE CONCURRENT RESOLUTION 48--RECOGNIZING THE SIGNIFICANCE OF EQUAL PAY AND THE DISPARITY IN WAGES PAID TO MEN AS COMPARED TO WAGES PAID TO BLACK WOMEN; Congressional Record Vol. 168, No. 158",https://www.congress.gov/congressional-record/volume-168/issue-158/senate-section/article/S5561-2,9/29/22,Senate,168,158,S5561
"SENATE CONCURRENT RESOLUTION 12--RECOGNIZING THE SIGNIFICANCE OF EQUAL PAY AND THE DISPARITY IN WAGES PAID TO MEN AND TO BLACK WOMEN; Congressional Record Vol. 167, No. 138",https://www.congress.gov/congressional-record/volume-167/issue-138/senate-section/article/S5720-1,8/3/21,Senate,167,138,S5720
"RECOGNIZING GIRL SCOUTS OF SAN JACINTO COUNTY, TEXAS AT THE UNITED NATIONS 69TH COMMISSION ON THE STATUS OF WOMEN; Congressional Record Vol. 171, No. 44",https://www.congress.gov/congressional-record/volume-171/issue-44/extensions-of-remarks-section/article/E194-1,3/10/25,Extensions of Remarks,171,44,E194
"INTRODUCTION OF THE DISTRICT OF COLUMBIA LOCAL JUROR NON-DISCRIMINATION ACT OF 2023; Congressional Record Vol. 169, No. 102",https://www.congress.gov/congressional-record/volume-169/issue-102/extensions-of-remarks-section/article/E542-1,6/12/23,Extensions of Remarks,169,102,E542
"PROTECTION OF WOMEN AND GIRLS IN SPORTS ACT OF 2023; Congressional Record Vol. 169, No. 68",https://www.congress.gov/congressional-record/volume-169/issue-68/extensions-of-remarks-section/article/E347-2,4/24/23,Extensions of Remarks,169,68,E347
"INTRODUCTION OF THE DISTRICT OF COLUMBIA LOCAL JUROR NON-DISCRIMINATION ACT OF 2019; Congressional Record Vol. 165, No. 62",https://www.congress.gov/congressional-record/volume-165/issue-62/extensions-of-remarks-section/article/E449-3,4/10/19,Extensions of Remarks,165,62,E449
"Daily Digest/Senate Committee Meetings; Congressional Record Vol. 168, No. 105",https://www.congress.gov/congressional-record/volume-168/issue-105/daily-digest/article/D681-1,6/21/22,Daily Digest,168,105,D681
"NICS DATA REPORTING ACT OF 2026; Congressional Record Vol. 172, No. 80",https://www.congress.gov/congressional-record/volume-172/issue-80/house-section/article/H3369-1,5/12/26,House,172,80,H3369
"SUBMITTED RESOLUTIONS; Congressional Record Vol. 171, No. 57",https://www.congress.gov/congressional-record/volume-171/issue-57/senate-section/article/S1931-1,3/31/25,Senate,171,57,S1931
"SUBMITTED RESOLUTIONS; Congressional Record Vol. 170, No. 20",https://www.congress.gov/congressional-record/volume-170/issue-20/senate-section/article/S361-4,2/5/24,Senate,170,20,S361
"SENATE CONCURRENT RESOLUTION 37--RECOGNIZING THE SIGNIFICANCE OF EQUAL PAY AND THE DISPARITY IN WAGES PAID TO MEN AND TO BLACK WOMEN; Congressional Record Vol. 170, No. 113",https://www.congress.gov/congressional-record/volume-170/issue-113/senate-section/article/S4271-3,7/9/24,Senate,170,113,S4271
"SENATE RESOLUTION 790--SUPPORTING EFFORTS TO STRENGTHEN PROTECTION, ASSISTANCE, AND SOLUTIONS FOR VENEZUELAN WOMEN AND CHILDREN; Congressional Record Vol. 166, No. 204",https://www.congress.gov/congressional-record/volume-166/issue-204/senate-section/article/S7217-2,12/3/20,Senate,166,204,S7217
"HONORING THE LIFE AND LEGACY OF JUSTICE RUTH BADER GINSBURG; Congressional Record Vol. 166, No. 171",https://www.congress.gov/congressional-record/volume-166/issue-171/extensions-of-remarks-section/article/E914-4,10/1/20,Extensions of Remarks,166,171,E914
"PET AND LIVESTOCK PROTECTION ACT; Congressional Record Vol. 171, No. 214",https://www.congress.gov/congressional-record/volume-171/issue-214/house-section/article/H6049-1,12/18/25,House,171,214,H6049
"PROTECT WOMEN'S SPORTS; Congressional Record Vol. 168, No. 57",https://www.congress.gov/congressional-record/volume-168/issue-57/house-section/article/H4011-1,3/31/22,House,168,57,H4011
"REMOVING THE DEADLINE FOR THE RATIFICATION OF THE EQUAL RIGHTS AMENDMENT; Congressional Record Vol. 167, No. 50",https://www.congress.gov/congressional-record/volume-167/issue-50/house-section/article/H1419-3,3/17/21,House,167,50,H1419
"Unanimous Consent Request--Executive Calendar (Executive Calendar); Congressional Record Vol. 168, No. 148",https://www.congress.gov/congressional-record/volume-168/issue-148/senate-section/article/S4605-1,9/14/22,Senate,168,148,S4605
"Nomination of Matthew J. Kacsmaryk (Executive Calendar); Congressional Record Vol. 165, No. 102",https://www.congress.gov/congressional-record/volume-165/issue-102/senate-section/article/S3643-1,6/18/19,Senate,165,102,S3643
"PERSONAL EXPLANATION; Congressional Record Vol. 169, No. 121",https://www.congress.gov/congressional-record/volume-169/issue-121/extensions-of-remarks-section/article/E677-2,7/14/23,Extensions of Remarks,169,121,E677
"INTRODUCTION OF THE DISTRICT OF COLUMBIA LOCAL JUROR NON-DISCRIMINATION ACT OF 2025; Congressional Record Vol. 171, No. 106",https://www.congress.gov/congressional-record/volume-171/issue-106/extensions-of-remarks-section/article/E595-1,6/20/25,Extensions of Remarks,171,106,E595
"THE INTRODUCTION OF THE MISSING CHILDREN'S ASSISTANCE AMENDMENT ACT; Congressional Record Vol. 163, No. 66",https://www.congress.gov/congressional-record/volume-163/issue-66/extensions-of-remarks-section/article/E505-3,4/14/17,Extensions of Remarks,163,66,E505
"SUBMITTED RESOLUTIONS; Congressional Record Vol. 169, No. 190",https://www.congress.gov/congressional-record/volume-169/issue-190/senate-section/article/S5550-1,11/15/23,Senate,169,190,S5550
"SAVE America Act (Executive Session); Congressional Record Vol. 172, No. 48",https://www.congress.gov/congressional-record/volume-172/issue-48/senate-section/article/S1060-2,3/17/26,Senate,172,48,S1060
"PROTECTION OF WOMEN AND GIRLS IN SPORTS ACT OF 2025; Congressional Record Vol. 171, No. 9",https://www.congress.gov/congressional-record/volume-171/issue-9/extensions-of-remarks-section/article/E45-2,1/16/25,Extensions of Remarks,171,9,E45
"HONORING SOROPTIMIST INTERNATIONAL CENTENNIAL; Congressional Record Vol. 167, No. 172",https://www.congress.gov/congressional-record/volume-167/issue-172/extensions-of-remarks-section/article/E1056-1,10/1/21,Extensions of Remarks,167,172,E1056
"Introductory Statement on S. 1328; Congressional Record Vol. 163, No. 98",https://www.congress.gov/congressional-record/volume-163/issue-98/senate-section/article/S3365-1,6/8/17,Senate,163,98,S3365
"SUBMITTED RESOLUTIONS; Congressional Record Vol. 170, No. 172",https://www.congress.gov/congressional-record/volume-170/issue-172/senate-section/article/S6688-2,11/20/24,Senate,170,172,S6688
"Introductory Statement on S. 4962; Congressional Record Vol. 168, No. 156",https://www.congress.gov/congressional-record/volume-168/issue-156/senate-section/article/S5055-2,9/27/22,Senate,168,156,S5055
"SENATE RESOLUTION 212--RECOGNIZING JUNE 2017 AS ``LGBTQ PRIDE MONTH''; Congressional Record Vol. 163, No. 112",https://www.congress.gov/congressional-record/volume-163/issue-112/senate-section/article/S3863-3,6/29/17,Senate,163,112,S3863
"COMMEMORATING BLACK WOMEN'S EQUAL PAY DAY; Congressional Record Vol. 170, No. 120",https://www.congress.gov/congressional-record/volume-170/issue-120/extensions-of-remarks-section/article/E763-4,7/24/24,Extensions of Remarks,170,120,E763
"SENATE RESOLUTION 24--SUPPORTING THE OBSERVATION OF ``NATIONAL GIRLS & WOMEN IN SPORTS DAY'' ON FEBRUARY 1, 2023, TO RAISE AWARENESS OF AND CELEBRATE THE ACHIEVEMENTS OF GIRLS AND WOMEN IN SPORTS; Congressional Record Vol. 169, No. 21",https://www.congress.gov/congressional-record/volume-169/issue-21/senate-section/article/S210-3,2/1/23,Senate,169,21,S210
"Nomination of Matthew J. Kacsmaryk (Executive Session); Congressional Record Vol. 165, No. 103",https://www.congress.gov/congressional-record/volume-165/issue-103/senate-section/article/S3829-1,6/19/19,Senate,165,103,S3829
"Text of Senate Amendment 2066; Congressional Record Vol. 164, No. 39",https://www.congress.gov/congressional-record/volume-164/issue-39/senate-section/article/S1387-1,3/6/18,Senate,164,39,S1387
"RAISING A QUESTION OF THE PRIVILEGES OF THE HOUSE; Congressional Record Vol. 163, No. 199",https://www.congress.gov/congressional-record/volume-163/issue-199/house-section/article/H9682-1,12/6/17,House,163,199,H9682
"TEXT OF AMENDMENTS; Congressional Record Vol. 167, No. 206",https://www.congress.gov/congressional-record/volume-167/issue-206/senate-section/article/S8834-4,11/30/21,Senate,167,206,S8834
"ISSUES OF THE DAY; Congressional Record Vol. 168, No. 153",https://www.congress.gov/congressional-record/volume-168/issue-153/house-section/article/H8106-1,9/22/22,House,168,153,H8106
"HONORING DEBRA DeLAET AS IOWAN OF THE WEEK; Congressional Record Vol. 166, No. 212",https://www.congress.gov/congressional-record/volume-166/issue-212/extensions-of-remarks-section/article/E1147-5,12/15/20,Extensions of Remarks,166,212,E1147
"Text of Senate Amendment 3932; Congressional Record Vol. 167, No. 189",https://www.congress.gov/congressional-record/volume-167/issue-189/senate-section/article/S7428-2,10/27/21,Senate,167,189,S7428
"WOMEN OF THE REPRODUCTIVE RIGHTS MOVEMENT; Congressional Record Vol. 168, No. 58",https://www.congress.gov/congressional-record/volume-168/issue-58/extensions-of-remarks-section/article/E340-1,4/1/22,Extensions of Remarks,168,58,E340
"SENATE RESOLUTION 766--ACKNOWLEDGING AND APOLOGIZING FOR THE MISTREATMENT OF, AND DISCRIMINATION AGAINST, LESBIAN, GAY, BISEXUAL, AND TRANSGENDER INDIVIDUALS WHO SERVED THE UNITED STATES IN THE...; Congressional Record Vol. 172, No. 99",https://www.congress.gov/congressional-record/volume-172/issue-99/senate-section/article/S2766-1,6/11/26,Senate,172,99,S2766
"LGBTQ BUSINESS EQUAL CREDIT ENFORCEMENT AND INVESTMENT ACT; Congressional Record Vol. 167, No. 104",https://www.congress.gov/congressional-record/volume-167/issue-104/house-section/article/H2787-1,6/15/21,House,167,104,H2787
"Text of Senate Amendment 4345; Congressional Record Vol. 167, No. 194",https://www.congress.gov/congressional-record/volume-167/issue-194/senate-section/article/S7874-5,11/4/21,Senate,167,194,S7874
"SENATE RESOLUTION 306--EXPRESSING SUPPORT FOR THE DESIGNATION OF JUNE 26 AS ""LGBTQI+ EQUALITY DAY""; Congressional Record Vol. 171, No. 110",https://www.congress.gov/congressional-record/volume-171/issue-110/senate-section/article/S3564-3,6/26/25,Senate,171,110,S3564
"TRIBUTE TO SHIRLEY ABRAHAMSON; Congressional Record Vol. 165, No. 87",https://www.congress.gov/congressional-record/volume-165/issue-87/senate-section/article/S3099-2,5/23/19,Senate,165,87,S3099
"Introductory Statement on S. 4990; Congressional Record Vol. 170, No. 126",https://www.congress.gov/congressional-record/volume-170/issue-126/senate-section/article/S5782-1,8/1/24,Senate,170,126,S5782
"IT IS TIME TO ACT ON SOCIAL SECURITY; Congressional Record Vol. 168, No. 81",https://www.congress.gov/congressional-record/volume-168/issue-81/house-section/article/H4872-1,5/12/22,House,168,81,H4872
"50TH ANNIVERSARY OF THE PASSAGE OF TITLE IX; Congressional Record Vol. 168, No. 107",https://www.congress.gov/congressional-record/volume-168/issue-107/house-section/article/H5825-4,6/23/22,House,168,107,H5825
"HONORING ALL VETERANS ACT; Congressional Record Vol. 166, No. 164",https://www.congress.gov/congressional-record/volume-166/issue-164/house-section/article/H4677-1,9/22/20,House,166,164,H4677
"Introductory Statement on S. 437; Congressional Record Vol. 169, No. 31",https://www.congress.gov/congressional-record/volume-169/issue-31/senate-section/article/S427-3,2/15/23,Senate,169,31,S427
"SUBMITTED RESOLUTIONS; Congressional Record Vol. 163, No. 109",https://www.congress.gov/congressional-record/volume-163/issue-109/senate-section/article/S3766-1,6/26/17,Senate,163,109,S3766
"STATEMENTS ON INTRODUCED BILLS AND JOINT RESOLUTIONS; Congressional Record Vol. 168, No. 156",https://www.congress.gov/congressional-record/volume-168/issue-156/senate-section/article/S5055-1,9/27/22,Senate,168,156,S5055
"IN CELEBRATION OF JUNE AS NATIONAL PRIDE MONTH; Congressional Record Vol. 168, No. 109",https://www.congress.gov/congressional-record/volume-168/issue-109/extensions-of-remarks-section/article/E679-3,6/28/22,Extensions of Remarks,168,109,E679
"IN RECOGNITION OF THE 50TH ANNIVERSARY OF THE EQUAL RIGHTS AMENDMENT; Congressional Record Vol. 167, No. 211",https://www.congress.gov/congressional-record/volume-167/issue-211/extensions-of-remarks-section/article/E1321-2,12/7/21,Extensions of Remarks,167,211,E1321
"LGBTQ PRIDE MONTH; Congressional Record Vol. 167, No. 108",https://www.congress.gov/congressional-record/volume-167/issue-108/house-section/article/H2998-1,6/22/21,House,167,108,H2998
"STATEMENTS ON INTRODUCED BILLS AND JOINT RESOLUTIONS; Congressional Record Vol. 165, No. 107",https://www.congress.gov/congressional-record/volume-165/issue-107/senate-section/article/S4507-1,6/25/19,Senate,165,107,S4507
"GLOBAL LEARNING LOSS ASSESSMENT ACT OF 2021; Congressional Record Vol. 167, No. 112",https://www.congress.gov/congressional-record/volume-167/issue-112/house-section/article/H3183-1,6/28/21,House,167,112,H3183
"STREAMLINING PROCUREMENT FOR EFFECTIVE EXECUTION AND DELIVERY AND NATIONAL DEFENSE AUTHORIZATION ACT FOR FISCAL YEAR 2026; Congressional Record Vol. 171, No. 148",https://www.congress.gov/congressional-record/volume-171/issue-148/house-section/article/H4176-6,9/10/25,House,171,148,H4176
"CELEBRATING BANGLADESH INDEPENDENCE DAY; Congressional Record Vol. 169, No. 50",https://www.congress.gov/congressional-record/volume-169/issue-50/extensions-of-remarks-section/article/E224-2,3/17/23,Extensions of Remarks,169,50,E224
"CELEBRATING LGBTQ+ PRIDE MONTH; Congressional Record Vol. 166, No. 114",https://www.congress.gov/congressional-record/volume-166/issue-114/extensions-of-remarks-section/article/E555-2,6/22/20,Extensions of Remarks,166,114,E555
"SENATE RESOLUTION 589--RECOGNIZING, HONORING, AND COMMENDING THE WOMEN OF UKRAINE WHO HAVE CONTRIBUTED TO THE FIGHT FOR FREEDOM AND THE DEFENSE OF UKRAINE; Congressional Record Vol. 168, No. 62",https://www.congress.gov/congressional-record/volume-168/issue-62/senate-section/article/S2098-3,4/7/22,Senate,168,62,S2098
"ENSURE FULL PROTECTION FOR LGBTQ COMMUNITY THROUGH THE EQUALITY ACT; Congressional Record Vol. 165, No. 82",https://www.congress.gov/congressional-record/volume-165/issue-82/house-section/article/H3917-1,5/16/19,House,165,82,H3917
"EQUAL PAY DAY; Congressional Record Vol. 167, No. 56",https://www.congress.gov/congressional-record/volume-167/issue-56/senate-section/article/S1805-2,3/25/21,Senate,167,56,S1805
"ENSURING EQUAL ACCESS TO CREDIT; Congressional Record Vol. 167, No. 84",https://www.congress.gov/congressional-record/volume-167/issue-84/house-section/article/H2353-1,5/14/21,House,167,84,H2353
"INTERNATIONAL DAY AGAINST HOMOPHOBIA, TRANSPHOBIA AND BIPHOBIA; Congressional Record Vol. 166, No. 103",https://www.congress.gov/congressional-record/volume-166/issue-103/senate-section/article/S2692-4,6/3/20,Senate,166,103,S2692
"LEGISLATIVE SESSION; Congressional Record Vol. 168, No. 41",https://www.congress.gov/congressional-record/volume-168/issue-41/senate-section/article/S1023-6,3/8/22,Senate,168,41,S1023
"COMMEMORATING BLACK WOMEN AND THE ERA; Congressional Record Vol. 169, No. 55",https://www.congress.gov/congressional-record/volume-169/issue-55/house-section/article/H1456-5,3/27/23,House,169,55,H1456
"Daily Digest/House of Representatives; Congressional Record Vol. 168, No. 107",https://www.congress.gov/congressional-record/volume-168/issue-107/daily-digest/article/D703-2,6/23/22,Daily Digest,168,107,D703
"SENATE RESOLUTION 375--SUPPORTING EFFORTS TO STRENGTHEN PROTECTION , ASSISTANCE, AND SOLUTIONS FOR VENEZUELAN WOMEN AND CHILDREN; Congressional Record Vol. 167, No. 163",https://www.congress.gov/congressional-record/volume-167/issue-163/senate-section/article/S6591-1,9/21/21,Senate,167,163,S6591
"REMEMBERING SHIRLEY ABRAHAMSON; Congressional Record Vol. 167, No. 17",https://www.congress.gov/congressional-record/volume-167/issue-17/senate-section/article/S193-5,1/28/21,Senate,167,17,S193
"SENATE CONCURRENT RESOLUTION 32--SUPPORTING THE GOALS AND IDEALS OF INTERNATIONAL TRANSGENDER DAY OF VISIBILITY; Congressional Record Vol. 172, No. 57",https://www.congress.gov/congressional-record/volume-172/issue-57/senate-section/article/S1675-2,3/26/26,Senate,172,57,S1675
"WOMEN'S HISTORY MONTH; Congressional Record Vol. 170, No. 51",https://www.congress.gov/congressional-record/volume-170/issue-51/senate-section/article/S2589-3,3/22/24,Senate,170,51,S2589
"Constitutional Authority and Single Subject Statements for H.R. 4876; Congressional Record Vol. 169, No. 128",https://www.congress.gov/congressional-record/volume-169/issue-128/house-section/article/H3952-5,7/25/23,House,169,128,H3952
"SENATE RESOLUTION 443--EXPRESSING CONCERN ABOUT THE GROWING PROBLEM OF BOOK BANNING, AND THE PROLIFERATION OF THREATS TO FREEDOM OF EXPRESSION IN THE UNITED STATES; Congressional Record Vol. 171, No. 166",https://www.congress.gov/congressional-record/volume-171/issue-166/senate-section/article/S7038-1,10/8/25,Senate,171,166,S7038
"RECOGNIZING, HONORING, AND COMMENDING THE WOMEN OF UKRAINE WHO HAVE CONTRIBUTED TO THE FIGHT FOR FREEDOM AND THE DEFENSE OF UKRAINE; Congressional Record Vol. 168, No. 121",https://www.congress.gov/congressional-record/volume-168/issue-121/senate-section/article/S3602-4,7/21/22,Senate,168,121,S3602
"Remembering Justice Ruth Bader Ginsburg (Executive Session); Congressional Record Vol. 166, No. 163",https://www.congress.gov/congressional-record/volume-166/issue-163/senate-section/article/S5722-3,9/21/20,Senate,166,163,S5722
"Text of Senate Amendment 5799; Congressional Record Vol. 168, No. 157",https://www.congress.gov/congressional-record/volume-168/issue-157/senate-section/article/S5270-4,9/28/22,Senate,168,157,S5270
"IMPROVING OVERSIGHT OF WOMEN VETERANS' CARE ACT OF 2018; Congressional Record Vol. 164, No. 83",https://www.congress.gov/congressional-record/volume-164/issue-83/house-section/article/H4265-1,5/21/18,House,164,83,H4265
"ISSUES OF THE DAY; Congressional Record Vol. 165, No. 46",https://www.congress.gov/congressional-record/volume-165/issue-46/house-section/article/H2737-1,3/14/19,House,165,46,H2737
"DIGITAL GLOBAL ACCESS POLICY ACT OF 2017; Congressional Record Vol. 163, No. 13",https://www.congress.gov/congressional-record/volume-163/issue-13/house-section/article/H657-1,1/24/17,House,163,13,H657
"DEPARTMENT OF HOMELAND SECURITY APPROPRIATIONS ACT, 2026--Motion to Proceed--Resumed; Congressional Record Vol. 172, No. 51",https://www.congress.gov/congressional-record/volume-172/issue-51/senate-section/article/S1419-8,3/20/26,Senate,172,51,S1419
"PROVIDING FOR CONSIDERATION OF H.R. 7673, LIBERTY IN LAUNDRY ACT; PROVIDING FOR CONSIDERATION OF S. 4199, JUDICIAL UNDERSTAFFING DELAYS GETTING EMERGENCIES SOLVED ACT OF 2024; AND PROVIDING FOR...; Congressional Record Vol. 170, No. 183",https://www.congress.gov/congressional-record/volume-170/issue-183/house-section/article/H6549-4,12/10/24,House,170,183,H6549
"Daily Digest/House of Representatives; Congressional Record Vol. 165, No. 53",https://www.congress.gov/congressional-record/volume-165/issue-53/daily-digest/article/D308-1,3/27/19,Daily Digest,165,53,D308
"SUBMITTED RESOLUTIONS; Congressional Record Vol. 164, No. 135",https://www.congress.gov/congressional-record/volume-164/issue-135/senate-section/article/S5621-1,8/15/18,Senate,164,135,S5621
"SENATE CONCURRENT RESOLUTION 42--RECOGNIZING THE SIGNIFICANCE OF EQUAL PAY AND THE DISPARITY IN WAGES PAID TO LATINA WOMEN IN COMPARISON TO WHITE, NON-HISPANIC MEN; Congressional Record Vol. 170, No. 150",https://www.congress.gov/congressional-record/volume-170/issue-150/senate-section/article/S6461-2,9/25/24,Senate,170,150,S6461
"SENATE CONCURRENT RESOLUTION 32--SUPPORTING THE GOALS AND IDEALS OF INTERNATIONAL TRANSGENDER DAY OF VISIBILITY; Congressional Record Vol. 170, No. 51",https://www.congress.gov/congressional-record/volume-170/issue-51/senate-section/article/S2607-1,3/22/24,Senate,170,51,S2607
"SENATE RESOLUTION 154--SUPPORTING THE GOALS AND IDEALS OF INTERNATIONAL TRANSGENDER DAY OF VISIBILITY; Congressional Record Vol. 169, No. 58",https://www.congress.gov/congressional-record/volume-169/issue-58/senate-section/article/S1105-1,3/30/23,Senate,169,58,S1105
"Local School Boards (Executive Session); Congressional Record Vol. 168, No. 31",https://www.congress.gov/congressional-record/volume-168/issue-31/senate-section/article/S726-2,2/16/22,Senate,168,31,S726
"PERSONAL EXPLANATION; Congressional Record Vol. 170, No. 101",https://www.congress.gov/congressional-record/volume-170/issue-101/extensions-of-remarks-section/article/E636-1,6/14/24,Extensions of Remarks,170,101,E636
"Text of Senate Amendment 1163; Congressional Record Vol. 169, No. 148",https://www.congress.gov/congressional-record/volume-169/issue-148/senate-section/article/S4494-2,9/13/23,Senate,169,148,S4494
"Text of Senate Amendment 271; Congressional Record Vol. 165, No. 98",https://www.congress.gov/congressional-record/volume-165/issue-98/senate-section/article/S3377-3,6/12/19,Senate,165,98,S3377
"Text of Senate Amendment 4168; Congressional Record Vol. 164, No. 200",https://www.congress.gov/congressional-record/volume-164/issue-200/senate-section/article/S7935-1,12/19/18,Senate,164,200,S7935
"REFLECTIONS ON THE 116TH CONGRESS; Congressional Record Vol. 166, No. 225",https://www.congress.gov/congressional-record/volume-166/issue-225/extensions-of-remarks-section/article/E1222-3,1/3/21,Extensions of Remarks,166,225,E1222
"Text of Senate Amendment 1320; Congressional Record Vol. 169, No. 159",https://www.congress.gov/congressional-record/volume-169/issue-159/senate-section/article/S4843-2,9/29/23,Senate,169,159,S4843
"Text of Senate Amendment 1321; Congressional Record Vol. 169, No. 159",https://www.congress.gov/congressional-record/volume-169/issue-159/senate-section/article/S4843-3,9/29/23,Senate,169,159,S4843
"IMPROVING PROCEDURES FOR THE CONSIDERATION OF NOMINATIONS IN THE SENATE--MOTION TO PROCEED--Continued; Congressional Record Vol. 165, No. 57",https://www.congress.gov/congressional-record/volume-165/issue-57/senate-section/article/S2177-1,4/2/19,Senate,165,57,S2177
"QUESTION OF PERSONAL PRIVILEGE; Congressional Record Vol. 168, No. 105",https://www.congress.gov/congressional-record/volume-168/issue-105/house-section/article/H5695-1,6/21/22,House,168,105,H5695
"Text of Senate Amendment 1195; Congressional Record Vol. 169, No. 149",https://www.congress.gov/congressional-record/volume-169/issue-149/senate-section/article/S4532-3,9/14/23,Senate,169,149,S4532
"Text of Senate Amendment 1441; Congressional Record Vol. 167, No. 65",https://www.congress.gov/congressional-record/volume-167/issue-65/senate-section/article/S1993-5,4/15/21,Senate,167,65,S1993
"TEXT OF AMENDMENTS; Congressional Record Vol. 169, No. 52",https://www.congress.gov/congressional-record/volume-169/issue-52/senate-section/article/S912-2,3/22/23,Senate,169,52,S912
"Text of Senate Amendment 1328; Congressional Record Vol. 169, No. 159",https://www.congress.gov/congressional-record/volume-169/issue-159/senate-section/article/S4843-10,9/29/23,Senate,169,159,S4843
"Text of Senate Amendment 5778; Congressional Record Vol. 168, No. 157",https://www.congress.gov/congressional-record/volume-168/issue-157/senate-section/article/S5254-4,9/28/22,Senate,168,157,S5254
"Text of Senate Amendment 2564; Congressional Record Vol. 170, No. 115",https://www.congress.gov/congressional-record/volume-170/issue-115/senate-section/article/S4905-1,7/11/24,Senate,170,115,S4905
"National Women and Girls in Sports Day (Executive Calendar); Congressional Record Vol. 171, No. 24",https://www.congress.gov/congressional-record/volume-171/issue-24/senate-section/article/S607-1,2/5/25,Senate,171,24,S607
"PAY PARITY FOR WOMEN; Congressional Record Vol. 167, No. 70",https://www.congress.gov/congressional-record/volume-167/issue-70/house-section/article/H2092-6,4/22/21,House,167,70,H2092
"Introductory Statement on S. 54; Congressional Record Vol. 163, No. 3",https://www.congress.gov/congressional-record/volume-163/issue-3/senate-section/article/S116-1,1/5/17,Senate,163,3,S116
"LGBTQ BUSINESS EQUAL CREDIT ENFORCEMENT AND INVESTMENT ACT; Congressional Record Vol. 167, No. 110",https://www.congress.gov/congressional-record/volume-167/issue-110/house-section/article/H3097-1,6/24/21,House,167,110,H3097
"INTRODUCTION OF THE SALARY HISTORY QUESTION PROHIBITION ACT OF 2025; Congressional Record Vol. 171, No. 50",https://www.congress.gov/congressional-record/volume-171/issue-50/extensions-of-remarks-section/article/E225-1,3/18/25,Extensions of Remarks,171,50,E225
"SENATE CONCURRENT RESOLUTION 21--RECOGNIZING THE SIGNIFICANCE OF EQUAL PAY AND THE DISPARITY IN WAGES PAID TO LATINA WOMEN IN COMPARISON TO MEN; Congressional Record Vol. 169, No. 163",https://www.congress.gov/congressional-record/volume-169/issue-163/senate-section/article/S4957-4,10/4/23,Senate,169,163,S4957
"SENATE RESOLUTION 112--EXPRESSING THE SENSE OF THE SENATE THAT THE UNITED STATES CONDEMNS ALL FORMS OF VIOLENCE AGAINST CHILDREN GLOBALLY AND RECOGNIZES THE HARMFUL IMPACTS OF VIOLENCE AGAINST...; Congressional Record Vol. 165, No. 46",https://www.congress.gov/congressional-record/volume-165/issue-46/senate-section/article/S1907-1,3/14/19,Senate,165,46,S1907
"WOMEN, PEACE, AND SECURITY ACT OF 2017; Congressional Record Vol. 163, No. 132",https://www.congress.gov/congressional-record/volume-163/issue-132/senate-section/article/S4889-6,8/3/17,Senate,163,132,S4889
"JUNE IS LGBTQ PRIDE MONTH; Congressional Record Vol. 166, No. 118",https://www.congress.gov/congressional-record/volume-166/issue-118/house-section/article/H2591-1,6/26/20,House,166,118,H2591
"EQUAL PAY DAY; Congressional Record Vol. 164, No. 57",https://www.congress.gov/congressional-record/volume-164/issue-57/extensions-of-remarks-section/article/E428-2,4/10/18,Extensions of Remarks,164,57,E428
"Text of Senate Amendment 1608; Congressional Record Vol. 171, No. 60",https://www.congress.gov/congressional-record/volume-171/issue-60/senate-section/article/S2235-2,4/3/25,Senate,171,60,S2235
"Text of Senate Amendment 2703; Congressional Record Vol. 167, No. 144",https://www.congress.gov/congressional-record/volume-167/issue-144/senate-section/article/S6139-1,8/9/21,Senate,167,144,S6139
"Text of Senate Amendment 2702; Congressional Record Vol. 167, No. 144",https://www.congress.gov/congressional-record/volume-167/issue-144/senate-section/article/S6138-7,8/9/21,Senate,167,144,S6138
"CALLING FOR THE RESIGNATION OF SECRETARY PETE BUTTIGIEG; Congressional Record Vol. 169, No. 69",https://www.congress.gov/congressional-record/volume-169/issue-69/house-section/article/H1921-3,4/25/23,House,169,69,H1921
"INTRODUCTION OF THE SALARY TRANSPARENCY ACT; Congressional Record Vol. 171, No. 44",https://www.congress.gov/congressional-record/volume-171/issue-44/extensions-of-remarks-section/article/E198-1,3/10/25,Extensions of Remarks,171,44,E198
"Text of Senate Amendment 2760; Congressional Record Vol. 171, No. 113",https://www.congress.gov/congressional-record/volume-171/issue-113/senate-section/article/S4120-1,6/30/25,Senate,171,113,S4120
"Text of Senate Amendment 2197; Congressional Record Vol. 171, No. 61",https://www.congress.gov/congressional-record/volume-171/issue-61/senate-section/article/S2443-4,4/4/25,Senate,171,61,S2443
"Text of Senate Amendment 3456; Congressional Record Vol. 167, No. 145",https://www.congress.gov/congressional-record/volume-167/issue-145/senate-section/article/S6361-1,8/10/21,Senate,167,145,S6361
"Censorship (Executive Session); Congressional Record Vol. 167, No. 44",https://www.congress.gov/congressional-record/volume-167/issue-44/senate-section/article/S1409-7,3/9/21,Senate,167,44,S1409
"Nomination of Matthew J. Kacsmaryk (Executive Calendar); Congressional Record Vol. 165, No. 102",https://www.congress.gov/congressional-record/volume-165/issue-102/senate-section/article/S3646-1,6/18/19,Senate,165,102,S3646
"Text of Senate Amendment 3797; Congressional Record Vol. 164, No. 139",https://www.congress.gov/congressional-record/volume-164/issue-139/senate-section/article/S5766-1,8/21/18,Senate,164,139,S5766
"Text of Senate Amendment 2055; Congressional Record Vol. 171, No. 61",https://www.congress.gov/congressional-record/volume-171/issue-61/senate-section/article/S2422-7,4/4/25,Senate,171,61,S2422
"Text of Senate Amendment 1092; Congressional Record Vol. 171, No. 34",https://www.congress.gov/congressional-record/volume-171/issue-34/senate-section/article/S1283-4,2/20/25,Senate,171,34,S1283
"SENATE CONCURRENT RESOLUTION 50--RECOGNIZING THE SIGNIFICANCE OF EQUAL PAY AND THE DISPARITY IN WAGES PAID TO MEN AS COMPARED TO WAGES PAID TO LATINA WOMEN; Congressional Record Vol. 168, No. 191",https://www.congress.gov/congressional-record/volume-168/issue-191/senate-section/article/S7075-1,12/8/22,Senate,168,191,S7075
"Respect for Marriage Act (Executive Session); Congressional Record Vol. 168, No. 183",https://www.congress.gov/congressional-record/volume-168/issue-183/senate-section/article/S6847-1,11/29/22,Senate,168,183,S6847
"HONORING ASHLEY FIGUEROA AS A DISTINGUISHED LEADER IN CENTRAL FLORIDA FOR PRIDE MONTH; Congressional Record Vol. 166, No. 113",https://www.congress.gov/congressional-record/volume-166/issue-113/extensions-of-remarks-section/article/E550-2,6/18/20,Extensions of Remarks,166,113,E550
"RECOGNIZING DR. LEOLA DUBLIN MACMILLAN; Congressional Record Vol. 165, No. 61",https://www.congress.gov/congressional-record/volume-165/issue-61/extensions-of-remarks-section/article/E439-1,4/9/19,Extensions of Remarks,165,61,E439
"Text of Senate Amendment 3173; Congressional Record Vol. 167, No. 145",https://www.congress.gov/congressional-record/volume-167/issue-145/senate-section/article/S6320-4,8/10/21,Senate,167,145,S6320
"Text of Senate Amendment 3217; Congressional Record Vol. 167, No. 145",https://www.congress.gov/congressional-record/volume-167/issue-145/senate-section/article/S6326-5,8/10/21,Senate,167,145,S6326
"Text of Senate Amendment 952; Congressional Record Vol. 167, No. 41",https://www.congress.gov/congressional-record/volume-167/issue-41/senate-section/article/S1204-2,3/4/21,Senate,167,41,S1204
"Text of Senate Amendment 1562; Congressional Record Vol. 163, No. 169",https://www.congress.gov/congressional-record/volume-163/issue-169/senate-section/article/S6699-1,10/19/17,Senate,163,169,S6699
"CELEBRATING NATIONAL GIRLS AND WOMEN IN SPORTS DAY; Congressional Record Vol. 169, No. 22",https://www.congress.gov/congressional-record/volume-169/issue-22/house-section/article/H658-1,2/2/23,House,169,22,H658
"WOMEN'S DAY; Congressional Record Vol. 163, No. 48",https://www.congress.gov/congressional-record/volume-163/issue-48/extensions-of-remarks-section/article/E346-6,3/20/17,Extensions of Remarks,163,48,E346
"PROTECTING CHILDREN FROM UNSCIENTIFIC MEDICAL PROCEDURES; Congressional Record Vol. 171, No. 212",https://www.congress.gov/congressional-record/volume-171/issue-212/house-section/article/H5937-4,12/16/25,House,171,212,H5937
"INTRODUCTION OF THE EQUALITY FOR ALL RESOLUTION; Congressional Record Vol. 163, No. 28",https://www.congress.gov/congressional-record/volume-163/issue-28/extensions-of-remarks-section/article/E213-2,2/16/17,Extensions of Remarks,163,28,E213
"INTRODUCTION OF THE PAY EQUITY FOR ALL ACT OF 2023; Congressional Record Vol. 169, No. 47",https://www.congress.gov/congressional-record/volume-169/issue-47/extensions-of-remarks-section/article/E214-2,3/14/23,Extensions of Remarks,169,47,E214
"WOMEN'S HISTORY MONTH; Congressional Record Vol. 163, No. 54",https://www.congress.gov/congressional-record/volume-163/issue-54/senate-section/article/S2044-2,3/28/17,Senate,163,54,S2044
"Text of Senate Amendment 2742; Congressional Record Vol. 167, No. 144",https://www.congress.gov/congressional-record/volume-167/issue-144/senate-section/article/S6144-5,8/9/21,Senate,167,144,S6144
"EQUAL RIGHTS AMENDMENT; Congressional Record Vol. 169, No. 21",https://www.congress.gov/congressional-record/volume-169/issue-21/senate-section/article/S180-1,2/1/23,Senate,169,21,S180
"Text of Senate Amendment 1136; Congressional Record Vol. 163, No. 167",https://www.congress.gov/congressional-record/volume-163/issue-167/senate-section/article/S6487-3,10/17/17,Senate,163,167,S6487
"NEW YORK IS NUMBER ONE IN CLOSING THE GAP; Congressional Record Vol. 163, No. 58",https://www.congress.gov/congressional-record/volume-163/issue-58/house-section/article/H2679-4,4/4/17,House,163,58,H2679
"2022 INTERNATIONAL WOMEN'S DAY; Congressional Record Vol. 168, No. 42",https://www.congress.gov/congressional-record/volume-168/issue-42/extensions-of-remarks-section/article/E246-1,3/9/22,Extensions of Remarks,168,42,E246
"TO OBTAIN AND DIRECT THE PLACEMENT IN THE CAPITOL OR ON THE CAPITOL GROUNDS OF A STATUE TO HONOR ASSOCIATE JUSTICE OF THE SUPREME COURT OF THE UNITED STATES SANDRA DAY O'CONNOR AND A STATUE TO...; Congressional Record Vol. 167, No. 213",https://www.congress.gov/congressional-record/volume-167/issue-213/senate-section/article/S9085-4,12/9/21,Senate,167,213,S9085
"INTRODUCTION OF THE PAY EQUITY FOR ALL ACT OF 2021; Congressional Record Vol. 167, No. 57",https://www.congress.gov/congressional-record/volume-167/issue-57/extensions-of-remarks-section/article/E312-1,3/26/21,Extensions of Remarks,167,57,E312
"INTRODUCTION OF THE IMPROVING OVERSIGHT OF WOMEN VETERANS' CARE ACT; Congressional Record Vol. 163, No. 183",https://www.congress.gov/congressional-record/volume-163/issue-183/extensions-of-remarks-section/article/E1544-2,11/9/17,Extensions of Remarks,163,183,E1544
"Nomination of Jocelyn Samuels (Executive Calendar); Congressional Record Vol. 167, No. 123",https://www.congress.gov/congressional-record/volume-167/issue-123/senate-section/article/S4881-2,7/14/21,Senate,167,123,S4881
"SUBMISSION OF CONCURRENT AND SENATE RESOLUTIONS; Congressional Record Vol. 163, No. 20",https://www.congress.gov/congressional-record/volume-163/issue-20/senate-section/article/S867-4,2/6/17,Senate,163,20,S867
"Text of Senate Amendment 2193; Congressional Record Vol. 171, No. 61",https://www.congress.gov/congressional-record/volume-171/issue-61/senate-section/article/S2442-7,4/4/25,Senate,171,61,S2442
"Text of Senate Amendment 1539; Congressional Record Vol. 163, No. 169",https://www.congress.gov/congressional-record/volume-163/issue-169/senate-section/article/S6690-5,10/19/17,Senate,163,169,S6690
"Text of Senate Amendment 869; Congressional Record Vol. 163, No. 146",https://www.congress.gov/congressional-record/volume-163/issue-146/senate-section/article/S5123-1,9/11/17,Senate,163,146,S5123
"CELEBRATING THE 100TH BIRTHDAY OF OLA COX; Congressional Record Vol. 169, No. 44",https://www.congress.gov/congressional-record/volume-169/issue-44/house-section/article/H1198-1,3/8/23,House,169,44,H1198
"IRREVERSIBLE PROCEDURES ON VULNERABLE YOUNG PEOPLE ARE DANGEROUS; Congressional Record Vol. 168, No. 193",https://www.congress.gov/congressional-record/volume-168/issue-193/house-section/article/H9706-7,12/13/22,House,168,193,H9706
"CULTURAL COMPETENCY OF POLL WORKERS AMENDMENT TO H.R. 1; Congressional Record Vol. 165, No. 42",https://www.congress.gov/congressional-record/volume-165/issue-42/extensions-of-remarks-section/article/E275-1,3/8/19,Extensions of Remarks,165,42,E275
"HONORING STEPHANIE FLORCZYK AS A DISTINGUISHED LEADER IN CENTRAL FLORIDA FOR LGBTQ+ PRIDE MONTH; Congressional Record Vol. 172, No. 109",https://www.congress.gov/congressional-record/volume-172/issue-109/extensions-of-remarks-section/article/E641-3,6/30/26,Extensions of Remarks,172,109,E641
"RECOGNIZING THE 20TH ANNIVERSARY OF GARDEN STATE EQUALITY; Congressional Record Vol. 170, No. 94",https://www.congress.gov/congressional-record/volume-170/issue-94/extensions-of-remarks-section/article/E577-4,6/3/24,Extensions of Remarks,170,94,E577
"INTRODUCTION OF THE PAY EQUITY FOR ALL ACT OF 2019; Congressional Record Vol. 165, No. 51",https://www.congress.gov/congressional-record/volume-165/issue-51/extensions-of-remarks-section/article/E346-2,3/25/19,Extensions of Remarks,165,51,E346
"HONORING ANOOSH JORJORIAN WITH CALIFORNIA'S THIRD DISTRICT WOMAN OF THE YEAR AWARD; Congressional Record Vol. 164, No. 174",https://www.congress.gov/congressional-record/volume-164/issue-174/extensions-of-remarks-section/article/E1468-2,10/26/18,Extensions of Remarks,164,174,E1468
"INTRODUCTION OF THE PAY EQUITY FOR ALL ACT OF 2017; Congressional Record Vol. 163, No. 82",https://www.congress.gov/congressional-record/volume-163/issue-82/extensions-of-remarks-section/article/E627-1,5/11/17,Extensions of Remarks,163,82,E627
"Nomination of Eric Chunyee Tung (Executive Session); Congressional Record Vol. 171, No. 185",https://www.congress.gov/congressional-record/volume-171/issue-185/senate-section/article/S7913-2,11/5/25,Senate,171,185,S7913
"PROVIDING FOR CONGRESSIONAL DISAPPROVAL UNDER CHAPTER 8 OF TITLE 5, UNITED STATES CODE, OF THE RULE SUBMITTED BY THE FOOD AND NUTRITION SERVICE RELATING TO ""APPLICATION OF BOSTOCK V. CLAYTON...; Congressional Record Vol. 169, No. 177",https://www.congress.gov/congressional-record/volume-169/issue-177/senate-section/article/S5206-1,10/26/23,Senate,169,177,S5206
"RECOGNIZING THE CALIFORNIA LGBTQ VETERANS MEMORIAL; Congressional Record Vol. 165, No. 71",https://www.congress.gov/congressional-record/volume-165/issue-71/extensions-of-remarks-section/article/E523-4,5/1/19,Extensions of Remarks,165,71,E523
"INTRODUCTION OF BILLS AND JOINT RESOLUTIONS; Congressional Record Vol. 165, No. 97",https://www.congress.gov/congressional-record/volume-165/issue-97/senate-section/article/S3319-2,6/11/19,Senate,165,97,S3319
"RECOGNIZING MEGAFEST, THE NATION'S LARGEST FAITH, FILM, AND FAMILY MULTIDAY EXPERIENCE; Congressional Record Vol. 163, No. 97",https://www.congress.gov/congressional-record/volume-163/issue-97/extensions-of-remarks-section/article/E780-2,6/7/17,Extensions of Remarks,163,97,E780
"SUBMITTED RESOLUTIONS; Congressional Record Vol. 165, No. 108",https://www.congress.gov/congressional-record/volume-165/issue-108/senate-section/article/S4579-2,6/26/19,Senate,165,108,S4579
"SUBMITTED RESOLUTIONS; Congressional Record Vol. 163, No. 123",https://www.congress.gov/congressional-record/volume-163/issue-123/senate-section/article/S4118-1,7/20/17,Senate,163,123,S4118
"SAVANNA'S ACT; Congressional Record Vol. 166, No. 47",https://www.congress.gov/congressional-record/volume-166/issue-47/senate-section/article/S1708-1,3/11/20,Senate,166,47,S1708
"SENATE RESOLUTION 332--DESIGNATING JULY 26, 2025, AS ""NATIONAL DAY OF THE AMERICAN COWBOY""; Congressional Record Vol. 171, No. 125",https://www.congress.gov/congressional-record/volume-171/issue-125/senate-section/article/S4533-1,7/22/25,Senate,171,125,S4533
"SENATE RESOLUTION 762--DESIGNATING JULY 27, 2024, AS ""NATIONAL DAY OF THE AMERICAN COWBOY""; Congressional Record Vol. 170, No. 114",https://www.congress.gov/congressional-record/volume-170/issue-114/senate-section/article/S4347-1,7/10/24,Senate,170,114,S4347
"SENATE RESOLUTION 269--DESIGNATING JULY 22, 2023, AS ``NATIONAL DAY OF THE AMERICAN COWBOY''; Congressional Record Vol. 169, No. 109",https://www.congress.gov/congressional-record/volume-169/issue-109/senate-section/article/S2238-1,6/22/23,Senate,169,109,S2238
"SENATE RESOLUTION 654--DESIGNATING JULY 25, 2020, AS ""NATIONAL DAY OF THE AMERICAN COWBOY""; Congressional Record Vol. 166, No. 128",https://www.congress.gov/congressional-record/volume-166/issue-128/senate-section/article/S4356-1,7/21/20,Senate,166,128,S4356
"SENATE RESOLUTION 589--DESIGNATING JULY 28, 2018, AS ""NATIONAL DAY OF THE AMERICAN COWBOY""; Congressional Record Vol. 164, No. 124",https://www.congress.gov/congressional-record/volume-164/issue-124/senate-section/article/S5269-2,7/24/18,Senate,164,124,S5269
"FEDERAL RESERVE RACIAL AND ECONOMIC EQUITY ACT; Congressional Record Vol. 168, No. 102",https://www.congress.gov/congressional-record/volume-168/issue-102/house-section/article/H5556-5,6/15/22,House,168,102,H5556
"WHEN WILL IT BE ENOUGH; Congressional Record Vol. 169, No. 149",https://www.congress.gov/congressional-record/volume-169/issue-149/house-section/article/H4339-1,9/14/23,House,169,149,H4339
"PROVIDING FOR CONSIDERATION OF H.R. 7, PAYCHECK FAIRNESS ACT, AND PROVIDING FOR CONSIDERATION OF H.R. 1195, WORKPLACE VIOLENCE PREVENTION FOR HEALTH CARE AND SOCIAL SERVICE WORKERS ACT; Congressional Record Vol. 167, No. 64",https://www.congress.gov/congressional-record/volume-167/issue-64/house-section/article/H1775-1,4/14/21,House,167,64,H1775
"CELEBRATING HABON ABDULLE ON THE 10TH ANNIVERSARY OF AYADA LEADS; Congressional Record Vol. 171, No. 145",https://www.congress.gov/congressional-record/volume-171/issue-145/extensions-of-remarks-section/article/E813-3,9/4/25,Extensions of Remarks,171,145,E813
"RECOGNIZING CONGRESSIONAL WORKERS' RIGHTS TO ORGANIZE; Congressional Record Vol. 168, No. 80",https://www.congress.gov/congressional-record/volume-168/issue-80/extensions-of-remarks-section/article/E485-2,5/11/22,Extensions of Remarks,168,80,E485
"RECOGNIZING INTERNATIONAL HOLOCAUST REMEMBRANCE DAY 2020; Congressional Record Vol. 166, No. 18",https://www.congress.gov/congressional-record/volume-166/issue-18/extensions-of-remarks-section/article/E93-3,1/28/20,Extensions of Remarks,166,18,E93
"EQUALITY ACT; Congressional Record Vol. 165, No. 87",https://www.congress.gov/congressional-record/volume-165/issue-87/extensions-of-remarks-section/article/E666-3,5/23/19,Extensions of Remarks,165,87,E666
"TRIBUTE TO THE BURBANK COMMUNITY YMCA ON ITS 100TH ANNIVERSARY; Congressional Record Vol. 170, No. 119",https://www.congress.gov/congressional-record/volume-170/issue-119/extensions-of-remarks-section/article/E754-1,7/23/24,Extensions of Remarks,170,119,E754
"SUBMITTED RESOLUTIONS; Congressional Record Vol. 168, No. 106",https://www.congress.gov/congressional-record/volume-168/issue-106/senate-section/article/S3079-1,6/22/22,Senate,168,106,S3079
"Nomination of Janet Dhillon (Executive Calendar); Congressional Record Vol. 165, No. 76",https://www.congress.gov/congressional-record/volume-165/issue-76/senate-section/article/S2734-2,5/8/19,Senate,165,76,S2734
"SENATE RESOLUTION 96--DESIGNATING MARCH 8 THROUGH MARCH 14, 2021, AS ``WOMEN OF THE AVIATION WORKFORCE WEEK''; Congressional Record Vol. 167, No. 41",https://www.congress.gov/congressional-record/volume-167/issue-41/senate-section/article/S1123-1,3/4/21,Senate,167,41,S1123
"SENATE RESOLUTION 586--HONORING THE 170TH ANNIVERSARY OF THE FIRST WOMEN'S RIGHTS CONVENTION HELD IN THE UNITED STATES IN SENECA FALLS, NEW YORK; Congressional Record Vol. 164, No. 122",https://www.congress.gov/congressional-record/volume-164/issue-122/senate-section/article/S5111-1,7/19/18,Senate,164,122,S5111
"OPPOSING BAN ON TRANSGENDER MEMBERS OF ARMED FORCES; Congressional Record Vol. 165, No. 54",https://www.congress.gov/congressional-record/volume-165/issue-54/house-section/article/H2891-2,3/28/19,House,165,54,H2891
"REMOVING DEADLINE FOR RATIFICATION OF EQUAL RIGHTS AMENDMENT; Congressional Record Vol. 166, No. 30",https://www.congress.gov/congressional-record/volume-166/issue-30/house-section/article/H1129-3,2/13/20,House,166,30,H1129
"GLOBAL RESPECT ACT; Congressional Record Vol. 168, No. 26",https://www.congress.gov/congressional-record/volume-168/issue-26/house-section/article/H1079-3,2/9/22,House,168,26,H1079
"INTERNATIONAL LGBTQI+ RIGHTS; Congressional Record Vol. 168, No. 94",https://www.congress.gov/congressional-record/volume-168/issue-94/extensions-of-remarks-section/article/E569-1,5/31/22,Extensions of Remarks,168,94,E569
"HONORING FAMILY-FRIENDLY WORKPLACES ACT; Congressional Record Vol. 167, No. 134",https://www.congress.gov/congressional-record/volume-167/issue-134/extensions-of-remarks-section/article/E865-3,7/30/21,Extensions of Remarks,167,134,E865
"DOMESTIC AND INTERNATIONAL TERRORISM DOCUMENTATION AND ANALYSIS OF THREATS IN AMERICA ACT; Congressional Record Vol. 165, No. 158",https://www.congress.gov/congressional-record/volume-165/issue-158/extensions-of-remarks-section/article/E1239-1,10/1/19,Extensions of Remarks,165,158,E1239
"COMBATING SEXUAL HARASSMENT IN SCIENCE ACT OF 2019; Congressional Record Vol. 165, No. 125",https://www.congress.gov/congressional-record/volume-165/issue-125/extensions-of-remarks-section/article/E976-2,7/24/19,Extensions of Remarks,165,125,E976
"HONORING THE LIFE AND LEGACY OF ELIZABETH CADY STANTON; Congressional Record Vol. 163, No. 135",https://www.congress.gov/congressional-record/volume-163/issue-135/extensions-of-remarks-section/article/E1128-5,8/11/17,Extensions of Remarks,163,135,E1128
"MALALA YOUSAFZAI SCHOLARSHIP ACT; Congressional Record Vol. 166, No. 42",https://www.congress.gov/congressional-record/volume-166/issue-42/house-section/article/H1450-1,3/3/20,House,166,42,H1450
"Introductory Statement on S. 2476; Congressional Record Vol. 169, No. 128",https://www.congress.gov/congressional-record/volume-169/issue-128/senate-section/article/S3525-2,7/25/23,Senate,169,128,S3525
"SENATE RESOLUTION 534--DESIGNATING MARCH 2 THROUGH MARCH 8, 2020, AS ""WOMEN OF THE AVIATION WORKFORCE WEEK""; Congressional Record Vol. 166, No. 44",https://www.congress.gov/congressional-record/volume-166/issue-44/senate-section/article/S1602-1,3/5/20,Senate,166,44,S1602
"COMMEMORATING WOMEN'S EQUALITY DAY; Congressional Record Vol. 165, No. 132",https://www.congress.gov/congressional-record/volume-165/issue-132/extensions-of-remarks-section/article/E1028-2,8/2/19,Extensions of Remarks,165,132,E1028
"Text of Senate Amendment 1831; Congressional Record Vol. 166, No. 117",https://www.congress.gov/congressional-record/volume-166/issue-117/senate-section/article/S3364-4,6/25/20,Senate,166,117,S3364
"EQUAL PAY FOR TEAM USA ACT OF 2021; Congressional Record Vol. 168, No. 191",https://www.congress.gov/congressional-record/volume-168/issue-191/senate-section/article/S7081-1,12/8/22,Senate,168,191,S7081
"CONDEMNING PROFITMAKING FROM CHILD MUTILATION; Congressional Record Vol. 169, No. 84",https://www.congress.gov/congressional-record/volume-169/issue-84/extensions-of-remarks-section/article/E465-1,5/18/23,Extensions of Remarks,169,84,E465
"AMERICA'S GLOBAL LEADERSHIP DURING COVID-19; Congressional Record Vol. 166, No. 80",https://www.congress.gov/congressional-record/volume-166/issue-80/extensions-of-remarks-section/article/E401-3,4/28/20,Extensions of Remarks,166,80,E401
"IN RECOGNITION OF HIS HOLINESS THE GYALWANG DRUKPA JIGME PEMA WANGCHEN; Congressional Record Vol. 163, No. 45",https://www.congress.gov/congressional-record/volume-163/issue-45/extensions-of-remarks-section/article/E327-4,3/15/17,Extensions of Remarks,163,45,E327
"INTRODUCTION OF BILLS AND JOINT RESOLUTIONS; Congressional Record Vol. 166, No. 41",https://www.congress.gov/congressional-record/volume-166/issue-41/senate-section/article/S1256-1,3/2/20,Senate,166,41,S1256
"NATIONAL DEFENSE AUTHORIZATION ACT FOR FISCAL YEAR 2024; Congressional Record Vol. 169, No. 120",https://www.congress.gov/congressional-record/volume-169/issue-120/house-section/article/H3504-1,7/13/23,House,169,120,H3504
"PAYCHECK FAIRNESS; Congressional Record Vol. 167, No. 98",https://www.congress.gov/congressional-record/volume-167/issue-98/senate-section/article/S3944-1,6/7/21,Senate,167,98,S3944
"Text of Senate Amendment 82; Congressional Record Vol. 163, No. 6",https://www.congress.gov/congressional-record/volume-163/issue-6/senate-section/article/S215-1,1/10/17,Senate,163,6,S215
"REPORTS OF COMMITTEES ON PUBLIC BILLS AND RESOLUTIONS; Congressional Record Vol. 172, No. 9",https://www.congress.gov/congressional-record/volume-172/issue-9/house-section/article/H716-3,1/13/26,House,172,9,H716
"Daily Digest/House of Representatives; Congressional Record Vol. 171, No. 148",https://www.congress.gov/congressional-record/volume-171/issue-148/daily-digest/article/D906-1,9/10/25,Daily Digest,171,148,D906
"CELEBRATING THE LIFE OF CONGRESSWOMAN NITA LOWEY; Congressional Record Vol. 171, No. 54",https://www.congress.gov/congressional-record/volume-171/issue-54/extensions-of-remarks-section/article/E250-6,3/25/25,Extensions of Remarks,171,54,E250
"REFLECTING ON PRIDE MONTH 2023; Congressional Record Vol. 169, No. 116",https://www.congress.gov/congressional-record/volume-169/issue-116/extensions-of-remarks-section/article/E639-2,7/6/23,Extensions of Remarks,169,116,E639
"RECOGNIZING THE 2018 PRINCE WILLIAM CHAMBER OF COMMERCE INVESTIGATIVE MERIT AWARD RECIPIENTS; Congressional Record Vol. 164, No. 111",https://www.congress.gov/congressional-record/volume-164/issue-111/extensions-of-remarks-section/article/E966-1,7/3/18,Extensions of Remarks,164,111,E966
"SAVANNA'S ACT; Congressional Record Vol. 164, No. 193",https://www.congress.gov/congressional-record/volume-164/issue-193/senate-section/article/S7365-3,12/6/18,Senate,164,193,S7365
"INTRODUCTION OF BILLS AND JOINT RESOLUTIONS; Congressional Record Vol. 170, No. 179",https://www.congress.gov/congressional-record/volume-170/issue-179/senate-section/article/S6820-2,12/4/24,Senate,170,179,S6820
"EXECUTIVE CALENDAR--Continued; Congressional Record Vol. 165, No. 115",https://www.congress.gov/congressional-record/volume-165/issue-115/senate-section/article/S4759-2,7/10/19,Senate,165,115,S4759
"COMMEMORATING THE 50TH ANNIVERSARY OF THE CIVIL RIGHTS ACT; Congressional Record Vol. 164, No. 59",https://www.congress.gov/congressional-record/volume-164/issue-59/house-section/article/H3205-1,4/12/18,House,164,59,H3205
"Text of Senate Amendment 1420; Congressional Record Vol. 167, No. 64",https://www.congress.gov/congressional-record/volume-167/issue-64/senate-section/article/S1945-6,4/14/21,Senate,167,64,S1945
"HONOREES OF THE 28TH ANNUAL MAINE WOMEN'S HALL OF FAME; Congressional Record Vol. 163, No. 45",https://www.congress.gov/congressional-record/volume-163/issue-45/senate-section/article/S1838-2,3/15/17,Senate,163,45,S1838
"STATUE TO HONOR UNITED STATES SUPREME COURT ASSOCIATE JUSTICE SANDRA DAY O'CONNOR AND STATUE TO HONOR UNITED STATES SUPREME COURT ASSOCIATE JUSTICE RUTH BADER GINSBURG; Congressional Record Vol. 168, No. 54",https://www.congress.gov/congressional-record/volume-168/issue-54/house-section/article/H3887-1,3/28/22,House,168,54,H3887
"COMMEMORATING THE 100TH ANNIVERSARY OF YWCA GLENDALE AND PASADENA; Congressional Record Vol. 172, No. 91",https://www.congress.gov/congressional-record/volume-172/issue-91/extensions-of-remarks-section/article/E497-3,5/29/26,Extensions of Remarks,172,91,E497
"PUBLIC EDUCATION; Congressional Record Vol. 164, No. 41",https://www.congress.gov/congressional-record/volume-164/issue-41/extensions-of-remarks-section/article/E285-1,3/8/18,Extensions of Remarks,164,41,E285
"Pride Month (Executive Calendar); Congressional Record Vol. 169, No. 105",https://www.congress.gov/congressional-record/volume-169/issue-105/senate-section/article/S2118-3,6/15/23,Senate,169,105,S2118
"MORNING BUSINESS; Congressional Record Vol. 167, No. 55",https://www.congress.gov/congressional-record/volume-167/issue-55/senate-section/article/S1759-1,3/24/21,Senate,167,55,S1759
"Text of Senate Amendment 3480; Congressional Record Vol. 167, No. 145",https://www.congress.gov/congressional-record/volume-167/issue-145/senate-section/article/S6365-2,8/10/21,Senate,167,145,S6365
"125TH ANNIVERSARY OF THE MARYLAND STATE BAR ASSOCIATION; Congressional Record Vol. 167, No. 92",https://www.congress.gov/congressional-record/volume-167/issue-92/senate-section/article/S3498-2,5/26/21,Senate,167,92,S3498
"UNANIMOUS CONSENT REQUESTS; Congressional Record Vol. 172, No. 105",https://www.congress.gov/congressional-record/volume-172/issue-105/senate-section/article/S3049-1,6/23/26,Senate,172,105,S3049
"Protection of Women and Girls in Sports Act (Executive Session); Congressional Record Vol. 171, No. 42",https://www.congress.gov/congressional-record/volume-171/issue-42/senate-section/article/S1511-1,3/5/25,Senate,171,42,S1511
"Nomination of Linda Thomas-Greenfield (Executive Calendar); Congressional Record Vol. 167, No. 33",https://www.congress.gov/congressional-record/volume-167/issue-33/senate-section/article/S759-1,2/22/21,Senate,167,33,S759
"CELEBRATING THE TEN-YEAR ANNIVERSARY OF THE OBERGEFELL MARRIAGE EQUALITY RULING; Congressional Record Vol. 171, No. 109",https://www.congress.gov/congressional-record/volume-171/issue-109/extensions-of-remarks-section/article/E620-3,6/25/25,Extensions of Remarks,171,109,E620
"PROVIDING FOR CONSIDERATION OF H.R. 7, PAYCHECK FAIRNESS ACT, AND PROVIDING FOR CONSIDERATION OF H.RES. 124, OPPOSING BAN ON TRANSGENDER MEMBERS OF ARMED FORCES; Congressional Record Vol. 165, No. 53",https://www.congress.gov/congressional-record/volume-165/issue-53/house-section/article/H2840-1,3/27/19,House,165,53,H2840
"RESPECT FOR MARRIAGE ACT; Congressional Record Vol. 168, No. 183",https://www.congress.gov/congressional-record/volume-168/issue-183/senate-section/article/S6848-2,11/29/22,Senate,168,183,S6848
"Text of Senate Amendment 1421; Congressional Record Vol. 167, No. 64",https://www.congress.gov/congressional-record/volume-167/issue-64/senate-section/article/S1945-7,4/14/21,Senate,167,64,S1945
"SENATE RESOLUTION 340--OPPOSING LEGISLATION MANDATING THE REGISTRATION OF WOMEN FOR THE SELECTIVE SERVICE SYSTEM; Congressional Record Vol. 167, No. 140",https://www.congress.gov/congressional-record/volume-167/issue-140/senate-section/article/S5952-1,8/5/21,Senate,167,140,S5952
"175TH ANNIVERSARY OF OLIVET COLLEGE; Congressional Record Vol. 165, No. 70",https://www.congress.gov/congressional-record/volume-165/issue-70/senate-section/article/S2511-1,4/30/19,Senate,165,70,S2511
"RUTHIE AND CONNIE LGBT ELDER AMERICANS; Congressional Record Vol. 163, No. 177",https://www.congress.gov/congressional-record/volume-163/issue-177/house-section/article/H8300-2,11/1/17,House,163,177,H8300
"Text of Senate Amendment 215; Congressional Record Vol. 169, No. 119",https://www.congress.gov/congressional-record/volume-169/issue-119/senate-section/article/S2394-2,7/12/23,Senate,169,119,S2394
"SUBMITTED RESOLUTIONS; Congressional Record Vol. 167, No. 49",https://www.congress.gov/congressional-record/volume-167/issue-49/senate-section/article/S1572-1,3/16/21,Senate,167,49,S1572
"Text of Senate Amendment 377; Congressional Record Vol. 165, No. 98",https://www.congress.gov/congressional-record/volume-165/issue-98/senate-section/article/S3439-1,6/12/19,Senate,165,98,S3439
"160TH ANNIVERSARY OF YWCA; Congressional Record Vol. 164, No. 163",https://www.congress.gov/congressional-record/volume-164/issue-163/senate-section/article/S6437-1,10/2/18,Senate,164,163,S6437
"REPEAL THE PINK TAX; Congressional Record Vol. 168, No. 57",https://www.congress.gov/congressional-record/volume-168/issue-57/house-section/article/H4010-3,3/31/22,House,168,57,H4010
"COAST GUARD REAUTHORIZATION; Congressional Record Vol. 165, No. 126",https://www.congress.gov/congressional-record/volume-165/issue-126/house-section/article/H7384-1,7/25/19,House,165,126,H7384
"TEXT OF AMENDMENTS; Congressional Record Vol. 172, No. 49",https://www.congress.gov/congressional-record/volume-172/issue-49/senate-section/article/S1212-1,3/18/26,Senate,172,49,S1212
"Text of Senate Amendment 2468; Congressional Record Vol. 166, No. 127",https://www.congress.gov/congressional-record/volume-166/issue-127/senate-section/article/S4297-3,7/20/20,Senate,166,127,S4297
"SENATE RESOLUTION 459--RECOGNIZING ``BLACK MATERNAL HEALTH WEEK'' TO BRING NATIONAL ATTENTION TO THE MATERNAL HEALTH CARE CRISIS IN THE BLACK COMMUNITY AND THE IMPORTANCE OF REDUCING THE RATE OF...; Congressional Record Vol. 164, No. 58",https://www.congress.gov/congressional-record/volume-164/issue-58/senate-section/article/S2077-1,4/11/18,Senate,164,58,S2077
"ADDITIONAL COSPONSORS; Congressional Record Vol. 167, No. 106",https://www.congress.gov/congressional-record/volume-167/issue-106/senate-section/article/S4624-1,6/17/21,Senate,167,106,S4624
"Department of Government Efficiency (Executive Session); Congressional Record Vol. 171, No. 43",https://www.congress.gov/congressional-record/volume-171/issue-43/senate-section/article/S1592-1,3/6/25,Senate,171,43,S1592
"Tariffs (Executive Session); Congressional Record Vol. 164, No. 94",https://www.congress.gov/congressional-record/volume-164/issue-94/senate-section/article/S3276-2,6/7/18,Senate,164,94,S3276
"G.I. AND VETERANS EDUCATION EMPOWERMENT ACT; Congressional Record Vol. 166, No. 37",https://www.congress.gov/congressional-record/volume-166/issue-37/house-section/article/H1175-1,2/25/20,House,166,37,H1175
"Unanimous Consent Request--Executive Calendar (Executive Calendar); Congressional Record Vol. 168, No. 194",https://www.congress.gov/congressional-record/volume-168/issue-194/senate-section/article/S7177-1,12/14/22,Senate,168,194,S7177
"Text of Senate Amendment 6478; Congressional Record Vol. 172, No. 106",https://www.congress.gov/congressional-record/volume-172/issue-106/senate-section/article/S3602-2,6/24/26,Senate,172,106,S3602
"PROMOTING RESPECT FOR INDIVIDUALS' DIGNITY AND EQUALITY ACT OF 2019; Congressional Record Vol. 165, No. 125",https://www.congress.gov/congressional-record/volume-165/issue-125/house-section/article/H7313-4,7/24/19,House,165,125,H7313
"STATEMENTS ON INTRODUCED BILLS AND JOINT RESOLUTIONS; Congressional Record Vol. 165, No. 70",https://www.congress.gov/congressional-record/volume-165/issue-70/senate-section/article/S2519-1,4/30/19,Senate,165,70,S2519
"Daily Digest/House Committee Meetings; Congressional Record Vol. 168, No. 193",https://www.congress.gov/congressional-record/volume-168/issue-193/daily-digest/article/D1219-1,12/13/22,Daily Digest,168,193,D1219
"TRIBUTE TO REVEREND CAROLINE HALL--CALIFORNIA'S 24TH CONGRESSIONAL DISTRICT WOMAN OF THE YEAR; Congressional Record Vol. 168, No. 124",https://www.congress.gov/congressional-record/volume-168/issue-124/extensions-of-remarks-section/article/E780-5,7/26/22,Extensions of Remarks,168,124,E780
"HONORING LGBTQ LEADERS IN THE TWIN CITIES; Congressional Record Vol. 163, No. 99",https://www.congress.gov/congressional-record/volume-163/issue-99/extensions-of-remarks-section/article/E801-3,6/12/17,Extensions of Remarks,163,99,E801
"DECLARATION OF MOTHERS: A PROCLAMATION AND PLEDGE FOR THE PRESERVATION OF FREEDOM AND VIRTUE; Congressional Record Vol. 171, No. 44",https://www.congress.gov/congressional-record/volume-171/issue-44/extensions-of-remarks-section/article/E196-4,3/10/25,Extensions of Remarks,171,44,E196
"INTRODUCTION OF A RESOLUTION ""CONDEMNING THE INACTION BY THE ISLAMIC REPUBLIC OF IRAN IN ADDRESSING THE POISONING OF IRANIAN SCHOOL GIRLS, THE DAUGHTERS OF THE IRANIAN REVOLUTION"" AND THE...; Congressional Record Vol. 169, No. 66",https://www.congress.gov/congressional-record/volume-169/issue-66/extensions-of-remarks-section/article/E342-1,4/20/23,Extensions of Remarks,169,66,E342
"TRIBUTE TO NELL ``MICKEY'' STEVENSON BRIGHT; Congressional Record Vol. 167, No. 93",https://www.congress.gov/congressional-record/volume-167/issue-93/senate-section/article/S3891-1,5/27/21,Senate,167,93,S3891
"Deborah Sampson Act (Executive Calendar); Congressional Record Vol. 166, No. 213",https://www.congress.gov/congressional-record/volume-166/issue-213/senate-section/article/S7521-1,12/16/20,Senate,166,213,S7521
"EVERY 4.5 DAYS A WOMAN IS MURDERED IN PUERTO RICO; Congressional Record Vol. 171, No. 108",https://www.congress.gov/congressional-record/volume-171/issue-108/house-section/article/H2893-2,6/24/25,House,171,108,H2893
"RECOGNIZING GENEVA WILSON PERRYMAN; Congressional Record Vol. 167, No. 207",https://www.congress.gov/congressional-record/volume-167/issue-207/house-section/article/H6847-1,12/1/21,House,167,207,H6847
"SENATE RESOLUTION 154--RECOGNIZING THE WEEK OF APRIL 11 THROUGH APRIL 17, 2019, AS ``BLACK MATERNAL HEALTH WEEK'' TO BRING NATIONAL ATTENTION TO THE MATERNAL HEALTH CRISIS IN THE BLACK COMMUNITY...; Congressional Record Vol. 165, No. 62",https://www.congress.gov/congressional-record/volume-165/issue-62/senate-section/article/S2390-2,4/10/19,Senate,165,62,S2390
"Daily Digest/House Committee Meetings; Congressional Record Vol. 167, No. 74",https://www.congress.gov/congressional-record/volume-167/issue-74/daily-digest/article/D456-2,4/29/21,Daily Digest,167,74,D456
"CONDEMNING THE SUPPORT OF HAMAS, HEZBOLLAH, AND OTHER TERRORIST ORGANIZATIONS AT INSTITUTIONS OF HIGHER EDUCATION, WHICH MAY LEAD TO THE CREATION OF A HOSTILE ENVIRONMENT FOR JEWISH STUDENTS...; Congressional Record Vol. 169, No. 181",https://www.congress.gov/congressional-record/volume-169/issue-181/extensions-of-remarks-section/article/E1043-3,11/2/23,Extensions of Remarks,169,181,E1043
"SUPPORTING THE NATIONAL DEFENSE AUTHORIZATION ACT FOR FISCAL YEAR 2020; Congressional Record Vol. 165, No. 118",https://www.congress.gov/congressional-record/volume-165/issue-118/extensions-of-remarks-section/article/E918-3,7/15/19,Extensions of Remarks,165,118,E918
"INTRODUCTION OF BILLS AND JOINT RESOLUTIONS; Congressional Record Vol. 167, No. 49",https://www.congress.gov/congressional-record/volume-167/issue-49/senate-section/article/S1569-1,3/16/21,Senate,167,49,S1569
"NOMINATION OF MATTHEW J. KACSMARYK; Congressional Record Vol. 165, No. 102",https://www.congress.gov/congressional-record/volume-165/issue-102/senate-section/article/S3647-4,6/18/19,Senate,165,102,S3647
"STATE OF THE UNION ESSAY CONTEST WINNERS; Congressional Record Vol. 164, No. 20",https://www.congress.gov/congressional-record/volume-164/issue-20/senate-section/article/S575-3,1/30/18,Senate,164,20,S575
"STATEMENTS ON INTRODUCED BILLS AND JOINT RESOLUTIONS; Congressional Record Vol. 169, No. 31",https://www.congress.gov/congressional-record/volume-169/issue-31/senate-section/article/S427-1,2/15/23,Senate,169,31,S427
"MARSHALL PLAN FOR MOMS; Congressional Record Vol. 167, No. 26",https://www.congress.gov/congressional-record/volume-167/issue-26/extensions-of-remarks-section/article/E123-6,2/11/21,Extensions of Remarks,167,26,E123
"INTRODUCTION OF END RACIAL PROFILING ACT OF 2017; Congressional Record Vol. 163, No. 42",https://www.congress.gov/congressional-record/volume-163/issue-42/extensions-of-remarks-section/article/E316-3,3/10/17,Extensions of Remarks,163,42,E316
"STATEMENTS ON INTRODUCED BILLS AND JOINT RESOLUTIONS; Congressional Record Vol. 170, No. 126",https://www.congress.gov/congressional-record/volume-170/issue-126/senate-section/article/S5778-1,8/1/24,Senate,170,126,S5778
"SENATE RESOLUTION 744--EXPRESSING SUPPORT FOR THE DESIGNATION OF JUNE 28, 2024, AS ""STONEWALL DAY""; Congressional Record Vol. 170, No. 104",https://www.congress.gov/congressional-record/volume-170/issue-104/senate-section/article/S4184-1,6/20/24,Senate,170,104,S4184
"REMEMBERING PATSY MINK; Congressional Record Vol. 170, No. 36",https://www.congress.gov/congressional-record/volume-170/issue-36/senate-section/article/S1041-1,2/28/24,Senate,170,36,S1041
"GLOBAL LEARNING LOSS ASSESSMENT ACT; Congressional Record Vol. 168, No. 119",https://www.congress.gov/congressional-record/volume-168/issue-119/senate-section/article/S3367-3,7/19/22,Senate,168,119,S3367
"WOMEN'S ENTREPRENEURSHIP AND ECONOMIC EMPOWERMENT BILL; Congressional Record Vol. 164, No. 188",https://www.congress.gov/congressional-record/volume-164/issue-188/senate-section/article/S7233-1,11/29/18,Senate,164,188,S7233
"PROTECTING GAY AND TRANS RIGHTS; Congressional Record Vol. 169, No. 83",https://www.congress.gov/congressional-record/volume-169/issue-83/house-section/article/H2385-2,5/17/23,House,169,83,H2385
"REPEAL AUTHORIZATION FOR USE OF MILITARY FORCE AGAINST IRAQ; Congressional Record Vol. 167, No. 105",https://www.congress.gov/congressional-record/volume-167/issue-105/house-section/article/H2822-2,6/16/21,House,167,105,H2822
"RECOGNIZING THE IMPORTANCE OF THE 70TH ANNIVERSARY OF THE SIGNING OF THE MUTUAL DEFENSE TREATY BETWEEN THE UNITED STATES AND THE REPUBLIC OF KOREA ON OCTOBER 1, 1953; Congressional Record Vol. 169, No. 70",https://www.congress.gov/congressional-record/volume-169/issue-70/senate-section/article/S1370-5,4/26/23,Senate,169,70,S1370
"Daily Digest/House Committee Meetings; Congressional Record Vol. 167, No. 100",https://www.congress.gov/congressional-record/volume-167/issue-100/daily-digest/article/D618-2,6/9/21,Daily Digest,167,100,D618
"ADDITIONAL COSPONSORS; Congressional Record Vol. 164, No. 152",https://www.congress.gov/congressional-record/volume-164/issue-152/senate-section/article/S6143-2,9/12/18,Senate,164,152,S6143
"MARKING INTERNATIONAL DAY AGAINST HOMOPHOBIA, BIPHOBIA, AND TRANSPHOBIA; Congressional Record Vol. 168, No. 85",https://www.congress.gov/congressional-record/volume-168/issue-85/extensions-of-remarks-section/article/E521-4,5/18/22,Extensions of Remarks,168,85,E521
"CONGRATULATING SASHA COLBY OF WAIMANALO, RUPAUL'S DRAG RACE SEASON 15 WINNER; Congressional Record Vol. 169, No. 70",https://www.congress.gov/congressional-record/volume-169/issue-70/extensions-of-remarks-section/article/E356-1,4/26/23,Extensions of Remarks,169,70,E356
"HONORING MIRA YUSEF AS IOWAN OF THE WEEK; Congressional Record Vol. 168, No. 177",https://www.congress.gov/congressional-record/volume-168/issue-177/extensions-of-remarks-section/article/E1153-5,11/16/22,Extensions of Remarks,168,177,E1153
"ADDITIONAL COSPONSORS; Congressional Record Vol. 164, No. 162",https://www.congress.gov/congressional-record/volume-164/issue-162/senate-section/article/S6413-4,10/1/18,Senate,164,162,S6413
"SENATE RESOLUTION 640--SUPPORTING THE GOALS OF INTERNATIONAL WOMEN'S DAY; Congressional Record Vol. 172, No. 46",https://www.congress.gov/congressional-record/volume-172/issue-46/senate-section/article/S1049-3,3/12/26,Senate,172,46,S1049
"SENATE RESOLUTION 106--SUPPORTING THE GOALS OF INTERNATIONAL WOMEN'S DAY; Congressional Record Vol. 171, No. 42",https://www.congress.gov/congressional-record/volume-171/issue-42/senate-section/article/S1581-3,3/5/25,Senate,171,42,S1581
"Supreme Court Nominations (Executive Session); Congressional Record Vol. 168, No. 19",https://www.congress.gov/congressional-record/volume-168/issue-19/senate-section/article/S401-1,1/31/22,Senate,168,19,S401
"WOMEN OF THE AVIATION WORKFORCE WEEK; Congressional Record Vol. 167, No. 46",https://www.congress.gov/congressional-record/volume-167/issue-46/senate-section/article/S1507-3,3/11/21,Senate,167,46,S1507
"Introductory Statement on S. 2281; Congressional Record Vol. 165, No. 126",https://www.congress.gov/congressional-record/volume-165/issue-126/senate-section/article/S5110-3,7/25/19,Senate,165,126,S5110
"Nomination of Brett Kavanaugh (Executive Session); Congressional Record Vol. 164, No. 119",https://www.congress.gov/congressional-record/volume-164/issue-119/senate-section/article/S4959-3,7/16/18,Senate,164,119,S4959
"SERVICEMEMBER QUALITY OF LIFE IMPROVEMENT AND NATIONAL DEFENSE AUTHORIZATION ACT FOR FISCAL YEAR 2025; Congressional Record Vol. 170, No. 100",https://www.congress.gov/congressional-record/volume-170/issue-100/house-section/article/H3990-1,6/13/24,House,170,100,H3990
"Business Before the Senate (Executive Session); Congressional Record Vol. 169, No. 69",https://www.congress.gov/congressional-record/volume-169/issue-69/senate-section/article/S1323-1,4/25/23,Senate,169,69,S1323
"Introductory Statement on S. 2120; Congressional Record Vol. 163, No. 186",https://www.congress.gov/congressional-record/volume-163/issue-186/senate-section/article/S7215-2,11/14/17,Senate,163,186,S7215
"Daily Digest/Senate Committee Meetings; Congressional Record Vol. 172, No. 94",https://www.congress.gov/congressional-record/volume-172/issue-94/daily-digest/article/D577-2,6/3/26,Daily Digest,172,94,D577
"Daily Digest/House Committee Meetings; Congressional Record Vol. 166, No. 156",https://www.congress.gov/congressional-record/volume-166/issue-156/daily-digest/article/D777-3,9/10/20,Daily Digest,166,156,D777
"WOMEN, PEACE, AND SECURITY ACT OF 2017; Congressional Record Vol. 163, No. 105",https://www.congress.gov/congressional-record/volume-163/issue-105/house-section/article/H4970-1,6/20/17,House,163,105,H4970
"DEBORAH SAMPSON ACT; Congressional Record Vol. 165, No. 180",https://www.congress.gov/congressional-record/volume-165/issue-180/house-section/article/H8763-1,11/12/19,House,165,180,H8763
"NORTHWEST OHIO WOMEN'S HISTORY MONTH RECOGNITION; Congressional Record Vol. 170, No. 51",https://www.congress.gov/congressional-record/volume-170/issue-51/extensions-of-remarks-section/article/E282-2,3/22/24,Extensions of Remarks,170,51,E282
"HONORING ETHEL HEDGEMAN LYLE; Congressional Record Vol. 164, No. 95",https://www.congress.gov/congressional-record/volume-164/issue-95/extensions-of-remarks-section/article/E808-2,6/8/18,Extensions of Remarks,164,95,E808
"INTRODUCTION OF BILLS AND JOINT RESOLUTIONS; Congressional Record Vol. 163, No. 97",https://www.congress.gov/congressional-record/volume-163/issue-97/senate-section/article/S3327-8,6/7/17,Senate,163,97,S3327
"PUBLIC SCHOOLS WEEK; Congressional Record Vol. 164, No. 44",https://www.congress.gov/congressional-record/volume-164/issue-44/senate-section/article/S1685-2,3/13/18,Senate,164,44,S1685
"SUBMITTED RESOLUTIONS; Congressional Record Vol. 163, No. 153",https://www.congress.gov/congressional-record/volume-163/issue-153/senate-section/article/S5887-1,9/25/17,Senate,163,153,S5887
"TRANSGENDER AMERICANS SERVE WITH HONOR; Congressional Record Vol. 171, No. 124",https://www.congress.gov/congressional-record/volume-171/issue-124/house-section/article/H3479-5,7/21/25,House,171,124,H3479
"HONORING DISTINGUISHED LEADERS IN CENTRAL FLORIDA FOR PRIDE MONTH; Congressional Record Vol. 169, No. 114",https://www.congress.gov/congressional-record/volume-169/issue-114/extensions-of-remarks-section/article/E632-1,6/30/23,Extensions of Remarks,169,114,E632
"SENATE RESOLUTION 707--COMMEMORATING THE 57TH ANNIVERSARY OF THE ESTABLISHMENT OF THE EQUAL EMPLOYMENT OPPORTUNITY COMMISSION, RECOGNIZING THE IMPORTANCE OF THE COMMISSION IN ADDRESSING INEQUITIES...; Congressional Record Vol. 168, No. 115",https://www.congress.gov/congressional-record/volume-168/issue-115/senate-section/article/S3276-2,7/13/22,Senate,168,115,S3276
"EQUALITY ACT NEEDS TO BE STRUCK DOWN; Congressional Record Vol. 167, No. 35",https://www.congress.gov/congressional-record/volume-167/issue-35/house-section/article/H598-1,2/24/21,House,167,35,H598
"A NATION THAT WELCOMES AND RESPECTS PEOPLE FROM ALL OVER THE WORLD; Congressional Record Vol. 163, No. 16",https://www.congress.gov/congressional-record/volume-163/issue-16/house-section/article/H753-2,1/31/17,House,163,16,H753
"STATEMENTS ON INTRODUCED BILLS AND JOINT RESOLUTIONS; Congressional Record Vol. 163, No. 98",https://www.congress.gov/congressional-record/volume-163/issue-98/senate-section/article/S3364-1,6/8/17,Senate,163,98,S3364
"REINFORCING EDUCATION ACCOUNTABILITY IN DEVELOPMENT ACT; Congressional Record Vol. 163, No. 130",https://www.congress.gov/congressional-record/volume-163/issue-130/senate-section/article/S4684-1,8/1/17,Senate,163,130,S4684
"DENOUNCING FEMALE GENITAL MUTILATION/CUTTING AS VIOLATING HUMAN RIGHTS OF WOMEN AND GIRLS; Congressional Record Vol. 165, No. 85",https://www.congress.gov/congressional-record/volume-165/issue-85/extensions-of-remarks-section/article/E645-6,5/21/19,Extensions of Remarks,165,85,E645
"INTRODUCTION OF BILLS AND JOINT RESOLUTIONS; Congressional Record Vol. 169, No. 81",https://www.congress.gov/congressional-record/volume-169/issue-81/senate-section/article/S1646-7,5/15/23,Senate,169,81,S1646
"STATEMENTS ON INTRODUCED BILLS AND JOINT RESOLUTION; Congressional Record Vol. 167, No. 159",https://www.congress.gov/congressional-record/volume-167/issue-159/senate-section/article/S6526-1,9/15/21,Senate,167,159,S6526
"Text of Senate Amendment 2217; Congressional Record Vol. 166, No. 119",https://www.congress.gov/congressional-record/volume-166/issue-119/senate-section/article/S3660-2,6/29/20,Senate,166,119,S3660
"SENATE RESOLUTION 273--EXPRESSING THE SENSE OF THE SENATE WITH RESPECT TO HEALTH CARE RIGHTS; Congressional Record Vol. 165, No. 114",https://www.congress.gov/congressional-record/volume-165/issue-114/senate-section/article/S4732-4,7/9/19,Senate,165,114,S4732
"LGBT EQUALITY; Congressional Record Vol. 164, No. 188",https://www.congress.gov/congressional-record/volume-164/issue-188/house-section/article/H9698-2,11/29/18,House,164,188,H9698
"ORDER FOR ADJOURNMENT; Congressional Record Vol. 169, No. 144",https://www.congress.gov/congressional-record/volume-169/issue-144/senate-section/article/S4261-9,9/7/23,Senate,169,144,S4261
"INTRODUCTION OF BILLS AND JOINT RESOLUTIONS; Congressional Record Vol. 169, No. 31",https://www.congress.gov/congressional-record/volume-169/issue-31/senate-section/article/S425-1,2/15/23,Senate,169,31,S425
"SENATE RESOLUTION 43--RECOGNIZING THE DUTY OF THE FEDERAL GOVERNMENT TO IMPLEMENT AN AGENDA TO TRANSFORM, HEAL, AND RENEW BY INVESTING IN A VIBRANT ECONOMY (``THRIVE''); Congressional Record Vol. 167, No. 23",https://www.congress.gov/congressional-record/volume-167/issue-23/senate-section/article/S579-2,2/8/21,Senate,167,23,S579
"SENATE RESOLUTION 693--RECOGNIZING THE DUTY OF THE FEDERAL GOVERNMENT TO IMPLEMENT AN AGENDA TO TRANSFORM, HEAL, AND RENEW BY INVESTING IN A VIBRANT ECONOMY (``THRIVE''); Congressional Record Vol. 166, No. 159",https://www.congress.gov/congressional-record/volume-166/issue-159/senate-section/article/S5612-2,9/15/20,Senate,166,159,S5612
"ADDITIONAL COSPONSORS; Congressional Record Vol. 164, No. 155",https://www.congress.gov/congressional-record/volume-164/issue-155/senate-section/article/S6224-1,9/18/18,Senate,164,155,S6224
"NOMINATION OF SAULE OMAROVA; Congressional Record Vol. 167, No. 194",https://www.congress.gov/congressional-record/volume-167/issue-194/senate-section/article/S8055-4,11/4/21,Senate,167,194,S8055
"Introductory Statement on S. 3784; Congressional Record Vol. 164, No. 200",https://www.congress.gov/congressional-record/volume-164/issue-200/senate-section/article/S7928-1,12/19/18,Senate,164,200,S7928
"EXPLANATORY STATEMENT ON THE INTELLIGENCE AUTHORIZATION ACT FOR FISCAL YEAR 2023, SUBMITTED BY MR. SCHIFF, CHAIRMAN OF THE HOUSE PERMANENT SELECT COMMITTEE ON INTELLIGENCE; Congressional Record Vol. 168, No. 191",https://www.congress.gov/congressional-record/volume-168/issue-191/house-section/article/H8867-2,12/8/22,House,168,191,H8867
"TRIBUTE TO LIEUTENANT GENERAL JAY SILVERIA, SUPERINTENDENT, U.S. AIR FORCE ACADEMY, COLORADO; Congressional Record Vol. 163, No. 160",https://www.congress.gov/congressional-record/volume-163/issue-160/extensions-of-remarks-section/article/E1330-1,10/5/17,Extensions of Remarks,163,160,E1330
"TEXT OF AMENDMENTS; Congressional Record Vol. 167, No. 65",https://www.congress.gov/congressional-record/volume-167/issue-65/senate-section/article/S1993-4,4/15/21,Senate,167,65,S1993
"ADDITIONAL COSPONSORS; Congressional Record Vol. 164, No. 196",https://www.congress.gov/congressional-record/volume-164/issue-196/senate-section/article/S7509-3,12/12/18,Senate,164,196,S7509
"SUBMITTED RESOLUTIONS; Congressional Record Vol. 164, No. 79",https://www.congress.gov/congressional-record/volume-164/issue-79/senate-section/article/S2681-1,5/15/18,Senate,164,79,S2681
"INTRODUCTION OF BILLS AND JOINT RESOLUTIONS; Congressional Record Vol. 172, No. 75",https://www.congress.gov/congressional-record/volume-172/issue-75/senate-section/article/S2128-2,4/29/26,Senate,172,75,S2128
"Nomination of Lydia Kay Griggsby (Executive Calendar); Congressional Record Vol. 167, No. 105",https://www.congress.gov/congressional-record/volume-167/issue-105/senate-section/article/S4562-3,6/16/21,Senate,167,105,S4562
"Daily Digest/House of Representatives; Congressional Record Vol. 165, No. 115",https://www.congress.gov/congressional-record/volume-165/issue-115/daily-digest/article/D801-1,7/10/19,Daily Digest,165,115,D801
"SENATE RESOLUTION 590--RECOGNIZING THE DESIGNATION OF THE WEEK OF APRIL 11 THROUGH APRIL 17, 2022, AS THE FIFTH ANNUAL ``BLACK MATERNAL HEALTH WEEK'' TO BRING NATIONAL ATTENTION TO THE MATERNAL...; Congressional Record Vol. 168, No. 62",https://www.congress.gov/congressional-record/volume-168/issue-62/senate-section/article/S2099-1,4/7/22,Senate,168,62,S2099
"SENATE RESOLUTION 153--RECOGNIZING THE WEEK OF APRIL 11 THROUGH APRIL 17, 2021, AS ``BLACK MATERNAL HEALTH WEEK'' TO BRING NATIONAL ATTENTION TO THE MATERNAL HEALTH CRISIS IN THE UNITED STATES AND...; Congressional Record Vol. 167, No. 63",https://www.congress.gov/congressional-record/volume-167/issue-63/senate-section/article/S1900-1,4/13/21,Senate,167,63,S1900
"JUSTICE FOR VICTIMS OF LYNCHING ACT OF 2018; Congressional Record Vol. 164, No. 200",https://www.congress.gov/congressional-record/volume-164/issue-200/senate-section/article/S7842-1,12/19/18,Senate,164,200,S7842
"UNITED STATES-NORTHERN TRIANGLE ENHANCED ENGAGEMENT ACT; Congressional Record Vol. 165, No. 118",https://www.congress.gov/congressional-record/volume-165/issue-118/house-section/article/H5780-4,7/15/19,House,165,118,H5780
"EXPRESSING SENSE OF HOUSE THAT THE UNITED STATES CONDEMNS ALL FORMS OF VIOLENCE AGAINST CHILDREN GLOBALLY; Congressional Record Vol. 166, No. 42",https://www.congress.gov/congressional-record/volume-166/issue-42/house-section/article/H1454-1,3/3/20,House,166,42,H1454
"ABORTION RIGHTS AND JUNE MEDICAL SERVICES LLC V. RUSSO; Congressional Record Vol. 166, No. 45",https://www.congress.gov/congressional-record/volume-166/issue-45/extensions-of-remarks-section/article/E277-4,3/9/20,Extensions of Remarks,166,45,E277
"FEDERAL MINIMUM WAGE; Congressional Record Vol. 167, No. 41",https://www.congress.gov/congressional-record/volume-167/issue-41/senate-section/article/S1046-1,3/4/21,Senate,167,41,S1046
"INTRODUCTION OF BILLS AND JOINT RESOLUTIONS; Congressional Record Vol. 171, No. 99",https://www.congress.gov/congressional-record/volume-171/issue-99/senate-section/article/S3314-6,6/10/25,Senate,171,99,S3314
"SUBMITTED RESOLUTIONS; Congressional Record Vol. 169, No. 64",https://www.congress.gov/congressional-record/volume-169/issue-64/senate-section/article/S1213-1,4/18/23,Senate,169,64,S1213
"Text of Senate Amendment 3872; Congressional Record Vol. 167, No. 187",https://www.congress.gov/congressional-record/volume-167/issue-187/senate-section/article/S7345-2,10/25/21,Senate,167,187,S7345
"STATEMENTS ON INTRODUCED BILLS AND JOINT RESOLUTIONS; Congressional Record Vol. 165, No. 61",https://www.congress.gov/congressional-record/volume-165/issue-61/senate-section/article/S2331-1,4/9/19,Senate,165,61,S2331
"EXECUTIVE COMMUNICATIONS, ETC.; Congressional Record Vol. 171, No. 60",https://www.congress.gov/congressional-record/volume-171/issue-60/house-section/article/H1415-10,4/3/25,House,171,60,H1415
"Introductory Statement on S. 1524; Congressional Record Vol. 163, No. 116",https://www.congress.gov/congressional-record/volume-163/issue-116/senate-section/article/S3922-2,7/11/17,Senate,163,116,S3922
"STATEMENTS ON INTRODUCED BILLS AND JOINT RESOLUTIONS; Congressional Record Vol. 163, No. 116",https://www.congress.gov/congressional-record/volume-163/issue-116/senate-section/article/S3922-1,7/11/17,Senate,163,116,S3922
"Daily Digest/House Committee Meetings; Congressional Record Vol. 167, No. 55",https://www.congress.gov/congressional-record/volume-167/issue-55/daily-digest/article/D298-2,3/24/21,Daily Digest,167,55,D298
"Daily Digest/House of Representatives; Congressional Record Vol. 164, No. 108",https://www.congress.gov/congressional-record/volume-164/issue-108/daily-digest/article/D746-1,6/27/18,Daily Digest,164,108,D746
"WOMEN OF THE REPRODUCTIVE RIGHTS MOVEMENT; Congressional Record Vol. 168, No. 56",https://www.congress.gov/congressional-record/volume-168/issue-56/extensions-of-remarks-section/article/E319-4,3/30/22,Extensions of Remarks,168,56,E319
"SEPARATE AND UNEQUAL: RACISM AND POVERTY 50 YEARS AFTER THE KERNER REPORT; Congressional Record Vol. 164, No. 41",https://www.congress.gov/congressional-record/volume-164/issue-41/extensions-of-remarks-section/article/E281-2,3/8/18,Extensions of Remarks,164,41,E281
"INTRODUCTION OF BILLS AND JOINT RESOLUTIONS; Congressional Record Vol. 167, No. 105",https://www.congress.gov/congressional-record/volume-167/issue-105/senate-section/article/S4589-2,6/16/21,Senate,167,105,S4589
"Text of Senate Amendment 2020; Congressional Record Vol. 166, No. 117",https://www.congress.gov/congressional-record/volume-166/issue-117/senate-section/article/S3483-2,6/25/20,Senate,166,117,S3483
"Introductory Statement on S. 2008; Congressional Record Vol. 165, No. 109",https://www.congress.gov/congressional-record/volume-165/issue-109/senate-section/article/S4631-2,6/27/19,Senate,165,109,S4631
"PUBLIC BILLS AND RESOLUTIONS; Congressional Record Vol. 168, No. 69",https://www.congress.gov/congressional-record/volume-168/issue-69/house-section/article/H4574-2,4/27/22,House,168,69,H4574
"SENATE RESOLUTION 240--AFFIRMING THE ROLE OF THE UNITED STATES IN IMPROVING ACCESS TO QUALITY, INCLUSIVE PUBLIC EDUCATION AND IMPROVED LEARNING OUTCOMES FOR CHILDREN AND ADOLESCENTS, PARTICULARLY...; Congressional Record Vol. 167, No. 92",https://www.congress.gov/congressional-record/volume-167/issue-92/senate-section/article/S3507-2,5/26/21,Senate,167,92,S3507
"JOINT EXPLANATORY STATEMENT; Congressional Record Vol. 168, No. 197",https://www.congress.gov/congressional-record/volume-168/issue-197/senate-section/article/S7306-3,12/19/22,Senate,168,197,S7306
"Introductory Statement on S. 2659; Congressional Record Vol. 165, No. 167",https://www.congress.gov/congressional-record/volume-165/issue-167/senate-section/article/S5968-2,10/22/19,Senate,165,167,S5968
"ADDITIONAL COSPONSORS; Congressional Record Vol. 164, No. 154",https://www.congress.gov/congressional-record/volume-164/issue-154/senate-section/article/S6189-3,9/17/18,Senate,164,154,S6189
"PUBLIC BILLS AND RESOLUTIONS; Congressional Record Vol. 163, No. 47",https://www.congress.gov/congressional-record/volume-163/issue-47/house-section/article/H2182-2,3/17/17,House,163,47,H2182
"AMENDMENT NO. 1 OFFERED BY MR. MASSIE; Congressional Record Vol. 172, No. 15",https://www.congress.gov/congressional-record/volume-172/issue-15/house-section/article/H1297-1,1/22/26,House,172,15,H1297
"Daily Digest/House of Representatives; Congressional Record Vol. 172, No. 9",https://www.congress.gov/congressional-record/volume-172/issue-9/daily-digest/article/D71-1,1/13/26,Daily Digest,172,9,D71
"Daily Digest/House of Representatives; Congressional Record Vol. 165, No. 183",https://www.congress.gov/congressional-record/volume-165/issue-183/daily-digest/article/D1253-3,11/15/19,Daily Digest,165,183,D1253
"MOTION TO SUSPEND THE RULES AND PASS CERTAIN BILLS; Congressional Record Vol. 167, No. 86",https://www.congress.gov/congressional-record/volume-167/issue-86/house-section/article/H2482-1,5/18/21,House,167,86,H2482
"PETITIONS AND MEMORIALS; Congressional Record Vol. 170, No. 99",https://www.congress.gov/congressional-record/volume-170/issue-99/senate-section/article/S4049-5,6/12/24,Senate,170,99,S4049
"SUBMITTED RESOLUTIONS; Congressional Record Vol. 170, No. 67",https://www.congress.gov/congressional-record/volume-170/issue-67/senate-section/article/S2829-4,4/17/24,Senate,170,67,S2829
"SENATE RESOLUTION 599--PROTECTING THE IRANIAN POLITICAL REFUGEES, INCLUDING FEMALE FORMER POLITICAL PRISONERS, IN ASHRAF-3 IN ALBANIA; Congressional Record Vol. 170, No. 49",https://www.congress.gov/congressional-record/volume-170/issue-49/senate-section/article/S2473-1,3/20/24,Senate,170,49,S2473
"SUBMITTED RESOLUTIONS; Congressional Record Vol. 170, No. 46",https://www.congress.gov/congressional-record/volume-170/issue-46/senate-section/article/S2414-2,3/14/24,Senate,170,46,S2414
"ADDITIONAL COSPONSORS; Congressional Record Vol. 169, No. 52",https://www.congress.gov/congressional-record/volume-169/issue-52/senate-section/article/S910-2,3/22/23,Senate,169,52,S910
"Text of Senate Amendment 4317; Congressional Record Vol. 167, No. 194",https://www.congress.gov/congressional-record/volume-167/issue-194/senate-section/article/S7864-2,11/4/21,Senate,167,194,S7864
"SUBMITTED RESOLUTIONS; Congressional Record Vol. 167, No. 93",https://www.congress.gov/congressional-record/volume-167/issue-93/senate-section/article/S3901-1,5/27/21,Senate,167,93,S3901
"Text of Senate Amendment 1826; Congressional Record Vol. 167, No. 88",https://www.congress.gov/congressional-record/volume-167/issue-88/senate-section/article/S3259-2,5/20/21,Senate,167,88,S3259
"SUBMITTED RESOLUTIONS; Congressional Record Vol. 167, No. 40",https://www.congress.gov/congressional-record/volume-167/issue-40/senate-section/article/S1030-3,3/3/21,Senate,167,40,S1030
"SUBMITTED RESOLUTIONS; Congressional Record Vol. 167, No. 40",https://www.congress.gov/congressional-record/volume-167/issue-40/senate-section/article/S1030-1,3/3/21,Senate,167,40,S1030
"INTRODUCTION OF BILLS AND JOINT RESOLUTIONS; Congressional Record Vol. 166, No. 113",https://www.congress.gov/congressional-record/volume-166/issue-113/senate-section/article/S3101-1,6/18/20,Senate,166,113,S3101
"ADDITIONAL COSPONSORS; Congressional Record Vol. 164, No. 194",https://www.congress.gov/congressional-record/volume-164/issue-194/senate-section/article/S7386-1,12/10/18,Senate,164,194,S7386
"EXECUTIVE SESSION; Congressional Record Vol. 163, No. 178",https://www.congress.gov/congressional-record/volume-163/issue-178/senate-section/article/S6996-1,11/2/17,Senate,163,178,S6996
"BLACK HISTORY MONTH; Congressional Record Vol. 163, No. 28",https://www.congress.gov/congressional-record/volume-163/issue-28/senate-section/article/S1296-1,2/16/17,Senate,163,28,S1296
"Abortion (Executive Calendar); Congressional Record Vol. 167, No. 170",https://www.congress.gov/congressional-record/volume-167/issue-170/senate-section/article/S6760-1,9/29/21,Senate,167,170,S6760
"REINFORCING EDUCATION ACCOUNTABILITY IN DEVELOPMENT ACT; Congressional Record Vol. 163, No. 13",https://www.congress.gov/congressional-record/volume-163/issue-13/house-section/article/H662-3,1/24/17,House,163,13,H662
"SENATE RESOLUTION 675--SUPPORTING THE DESIGNATION OF THE WEEK OF APRIL 11 THROUGH APRIL 17, 2026, AS ""BLACK MATERNAL HEALTH WEEK"", FOUNDED BY BLACK MAMAS MATTER ALLIANCE, INC., TO BRING NATIONAL...; Congressional Record Vol. 172, No. 67",https://www.congress.gov/congressional-record/volume-172/issue-67/senate-section/article/S1824-2,4/16/26,Senate,172,67,S1824
"SENATE RESOLUTION 172--SUPPORTING THE DESIGNATION OF THE WEEK OF APRIL 11 THROUGH APRIL 17, 2025, AS THE EIGHTH ANNUAL ""BLACK MATERNAL HEALTH WEEK"", FOUNDED BY BLACK MAMAS MATTER ALLIANCE, INC...; Congressional Record Vol. 171, No. 65",https://www.congress.gov/congressional-record/volume-171/issue-65/senate-section/article/S2570-1,4/10/25,Senate,171,65,S2570
"SENATE RESOLUTION 306--RECOGNIZING THAT THE UNITED STATES NEEDS TO SUPPORT AND EMPOWER MOTHERS IN THE WORKFORCE BY INVESTING IN THE MOM ECONOMY; Congressional Record Vol. 169, No. 125",https://www.congress.gov/congressional-record/volume-169/issue-125/senate-section/article/S3463-1,7/20/23,Senate,169,125,S3463
"FOWLER AND BOSKOFF PEAKS DESIGNATION ACT; Congressional Record Vol. 163, No. 193",https://www.congress.gov/congressional-record/volume-163/issue-193/house-section/article/H9441-4,11/28/17,House,163,193,H9441
"LEFT'S LITANY OF LIES; Congressional Record Vol. 169, No. 83",https://www.congress.gov/congressional-record/volume-169/issue-83/house-section/article/H2419-1,5/17/23,House,169,83,H2419
"PARENTS BILL OF RIGHTS ACT; Congressional Record Vol. 169, No. 53",https://www.congress.gov/congressional-record/volume-169/issue-53/house-section/article/H1348-1,3/23/23,House,169,53,H1348
"PROTECTING GIRLS' ACCESS TO EDUCATION IN VULNERABLE SETTINGS ACT; Congressional Record Vol. 163, No. 158",https://www.congress.gov/congressional-record/volume-163/issue-158/house-section/article/H7698-1,10/3/17,House,163,158,H7698
"REMEMBERING JUSTICE RUTH BADER GINSBURG; Congressional Record Vol. 166, No. 164",https://www.congress.gov/congressional-record/volume-166/issue-164/senate-section/article/S5751-5,9/22/20,Senate,166,164,S5751
"PROVIDING FOR CONSIDERATION OF H.R. 803, COLORADO WILDERNESS ACT OF 2021, AND PROVIDING FOR CONSIDERATION OF H.R. 5, EQUALITY ACT; Congressional Record Vol. 167, No. 35",https://www.congress.gov/congressional-record/volume-167/issue-35/house-section/article/H602-2,2/24/21,House,167,35,H602
"ISSUES OF THE DAY; Congressional Record Vol. 163, No. 118",https://www.congress.gov/congressional-record/volume-163/issue-118/house-section/article/H5823-1,7/13/17,House,163,118,H5823
"EXECUTIVE SESSION; Congressional Record Vol. 166, No. 115",https://www.congress.gov/congressional-record/volume-166/issue-115/senate-section/article/S3132-4,6/23/20,Senate,166,115,S3132
"IMMIGRATION; Congressional Record Vol. 166, No. 139",https://www.congress.gov/congressional-record/volume-166/issue-139/senate-section/article/S4911-1,8/5/20,Senate,166,139,S4911
"Child Nutrition (Executive Session); Congressional Record Vol. 167, No. 101",https://www.congress.gov/congressional-record/volume-167/issue-101/senate-section/article/S4029-7,6/10/21,Senate,167,101,S4029
"CONGENITAL HEART FUTURES REAUTHORIZATION ACT OF 2017; Congressional Record Vol. 164, No. 34",https://www.congress.gov/congressional-record/volume-164/issue-34/house-section/article/H1238-1,2/26/18,House,164,34,H1238
"TEXT OF AMENDMENTS; Congressional Record Vol. 166, No. 104",https://www.congress.gov/congressional-record/volume-166/issue-104/senate-section/article/S2738-2,6/4/20,Senate,166,104,S2738
"PRIDE MONTH; Congressional Record Vol. 170, No. 108",https://www.congress.gov/congressional-record/volume-170/issue-108/house-section/article/H4400-1,6/27/24,House,170,108,H4400
"SUPPORT OF THE LAWYERS DEFENDING DEMOCRACY ``OPEN LETTER TO THE PRESIDENT AND CONGRESS''; Congressional Record Vol. 165, No. 77",https://www.congress.gov/congressional-record/volume-165/issue-77/extensions-of-remarks-section/article/E567-5,5/9/19,Extensions of Remarks,165,77,E567
"SENATE RESOLUTION 145--PROTECTING THE IRANIAN POLITICAL REFUGEES, INCLUDING FEMALE FORMER POLITICAL PRISONERS, IN ASHRAF-3 IN ALBANIA; Congressional Record Vol. 171, No. 56",https://www.congress.gov/congressional-record/volume-171/issue-56/senate-section/article/S1912-2,3/27/25,Senate,171,56,S1912
"STATEMENTS ON INTRODUCED BILLS AND JOINT RESOLUTIONS; Congressional Record Vol. 169, No. 128",https://www.congress.gov/congressional-record/volume-169/issue-128/senate-section/article/S3525-1,7/25/23,Senate,169,128,S3525
"Equal Rights Amendment (Executive Calendar); Congressional Record Vol. 169, No. 39",https://www.congress.gov/congressional-record/volume-169/issue-39/senate-section/article/S557-1,3/1/23,Senate,169,39,S557
"THE EQUALITY ACT; Congressional Record Vol. 165, No. 43",https://www.congress.gov/congressional-record/volume-165/issue-43/senate-section/article/S1766-1,3/11/19,Senate,165,43,S1766
"ADDITIONAL COSPONSORS; Congressional Record Vol. 164, No. 79",https://www.congress.gov/congressional-record/volume-164/issue-79/senate-section/article/S2679-2,5/15/18,Senate,164,79,S2679
"LGBTQ PRIDE MONTH; Congressional Record Vol. 163, No. 112",https://www.congress.gov/congressional-record/volume-163/issue-112/senate-section/article/S3854-3,6/29/17,Senate,163,112,S3854
"BLACK HISTORY MONTH; Congressional Record Vol. 163, No. 28",https://www.congress.gov/congressional-record/volume-163/issue-28/senate-section/article/S1392-3,2/16/17,Senate,163,28,S1392
"STATEMENTS ON INTRODUCED BILLS AND JOINT RESOLUTIONS; Congressional Record Vol. 165, No. 126",https://www.congress.gov/congressional-record/volume-165/issue-126/senate-section/article/S5110-1,7/25/19,Senate,165,126,S5110
"SUPPORTING ROBUST RELATIONS WITH THE STATE OF ISRAEL BILATERALLY AND IN MULTILATERAL FORA UPON SEVENTY YEARS OF STATEHOOD; Congressional Record Vol. 164, No. 76",https://www.congress.gov/congressional-record/volume-164/issue-76/house-section/article/H3912-5,5/10/18,House,164,76,H3912
"SUBMITTED RESOLUTIONS; Congressional Record Vol. 167, No. 106",https://www.congress.gov/congressional-record/volume-167/issue-106/senate-section/article/S4630-1,6/17/21,Senate,167,106,S4630
"REPUBLICANS' FIRST 100 DAYS; Congressional Record Vol. 169, No. 65",https://www.congress.gov/congressional-record/volume-169/issue-65/house-section/article/H1881-1,4/19/23,House,169,65,H1881
"WOMEN, PEACE, AND SECURITY ACT OF 2017; Congressional Record Vol. 163, No. 153",https://www.congress.gov/congressional-record/volume-163/issue-153/house-section/article/H7446-1,9/25/17,House,163,153,H7446
"EXECUTIVE SESSION; Congressional Record Vol. 166, No. 113",https://www.congress.gov/congressional-record/volume-166/issue-113/senate-section/article/S3075-1,6/18/20,Senate,166,113,S3075
"Daily Digest/House Committee Meetings; Congressional Record Vol. 165, No. 154",https://www.congress.gov/congressional-record/volume-165/issue-154/daily-digest/article/D1059-1,9/24/19,Daily Digest,165,154,D1059
"Daily Digest/House of Representatives; Congressional Record Vol. 168, No. 102",https://www.congress.gov/congressional-record/volume-168/issue-102/daily-digest/article/D662-1,6/15/22,Daily Digest,168,102,D662
"Text of Senate Amendment 4637; Congressional Record Vol. 172, No. 49",https://www.congress.gov/congressional-record/volume-172/issue-49/senate-section/article/S1288-1,3/18/26,Senate,172,49,S1288
"Public Broadcasting (Executive Calendar); Congressional Record Vol. 171, No. 63",https://www.congress.gov/congressional-record/volume-171/issue-63/senate-section/article/S2471-1,4/8/25,Senate,171,63,S2471
"INTRODUCTION OF BILLS AND JOINT RESOLUTIONS; Congressional Record Vol. 169, No. 163",https://www.congress.gov/congressional-record/volume-169/issue-163/senate-section/article/S4947-3,10/4/23,Senate,169,163,S4947
"PUBLIC BILLS AND RESOLUTIONS; Congressional Record Vol. 170, No. 128",https://www.congress.gov/congressional-record/volume-170/issue-128/house-section/article/H4978-1,8/6/24,House,170,128,H4978
"SENATE RESOLUTION 646--RECOGNIZING MARCH 14, 2026, AS ""BLACK MIDWIVES DAY"" AND THE LONGSTANDING AND INVALUABLE CONTRIBUTIONS OF BLACK MIDWIVES TO MATERNAL AND INFANT HEALTH IN THE UNITED STATES; Congressional Record Vol. 172, No. 48",https://www.congress.gov/congressional-record/volume-172/issue-48/senate-section/article/S1094-1,3/17/26,Senate,172,48,S1094
"SENATE RESOLUTION 128--RECOGNIZING MARCH 14, 2025, AS ""BLACK MIDWIVES DAY"" AND THE LONGSTANDING AND INVALUABLE CONTRIBUTIONS OF BLACK MIDWIVES TO MATERNAL AND INFANT HEALTH IN THE UNITED STATES; Congressional Record Vol. 171, No. 49",https://www.congress.gov/congressional-record/volume-171/issue-49/senate-section/article/S1781-2,3/14/25,Senate,171,49,S1781
"Saule Omarova (Executive Calendar); Congressional Record Vol. 167, No. 176",https://www.congress.gov/congressional-record/volume-167/issue-176/senate-section/article/S6930-1,10/6/21,Senate,167,176,S6930
"ANNE HEDGEPETH: TESTIMONY BEFORE THE BIPARTISAN TASK FORCE TO END SEXUAL VIOLENCE; Congressional Record Vol. 163, No. 176",https://www.congress.gov/congressional-record/volume-163/issue-176/extensions-of-remarks-section/article/E1458-1,10/31/17,Extensions of Remarks,163,176,E1458
"Constitutional Authority and Single Subject Statements for H.R. 3101; Congressional Record Vol. 169, No. 77",https://www.congress.gov/congressional-record/volume-169/issue-77/house-section/article/H2137-12,5/5/23,House,169,77,H2137
"Constitutional Authority and Single Subject Statements for H.R. 3102; Congressional Record Vol. 169, No. 77",https://www.congress.gov/congressional-record/volume-169/issue-77/house-section/article/H2137-13,5/5/23,House,169,77,H2137
"ADDITIONAL COSPONSORS; Congressional Record Vol. 171, No. 63",https://www.congress.gov/congressional-record/volume-171/issue-63/senate-section/article/S2476-2,4/8/25,Senate,171,63,S2476
"ADDITIONAL COSPONSORS; Congressional Record Vol. 171, No. 202",https://www.congress.gov/congressional-record/volume-171/issue-202/senate-section/article/S8483-2,12/3/25,Senate,171,202,S8483
"REMEMBERING LOWELL SACHNOFF; Congressional Record Vol. 169, No. 73",https://www.congress.gov/congressional-record/volume-169/issue-73/senate-section/article/S1437-7,5/1/23,Senate,169,73,S1437
"Business Before the Senate (Executive Session); Congressional Record Vol. 167, No. 53",https://www.congress.gov/congressional-record/volume-167/issue-53/senate-section/article/S1664-1,3/22/21,Senate,167,53,S1664
"ADDITIONAL COSPONSORS; Congressional Record Vol. 164, No. 84",https://www.congress.gov/congressional-record/volume-164/issue-84/senate-section/article/S2836-2,5/22/18,Senate,164,84,S2836
"ADDITIONAL COSPONSORS; Congressional Record Vol. 164, No. 57",https://www.congress.gov/congressional-record/volume-164/issue-57/senate-section/article/S2040-3,4/10/18,Senate,164,57,S2040
"ADDITIONAL COSPONSORS; Congressional Record Vol. 163, No. 100",https://www.congress.gov/congressional-record/volume-163/issue-100/senate-section/article/S3456-3,6/13/17,Senate,163,100,S3456
"Constitutional Authority and Single Subject Statements for H.R. 9874; Congressional Record Vol. 170, No. 151",https://www.congress.gov/congressional-record/volume-170/issue-151/house-section/article/H5839-16,9/27/24,House,170,151,H5839
"Constitutional Authority and Single Subject Statements for H.R. 3328; Congressional Record Vol. 169, No. 81",https://www.congress.gov/congressional-record/volume-169/issue-81/house-section/article/H2349-11,5/15/23,House,169,81,H2349
"Constitutional Authority and Single Subject Statements for H.R. 1838; Congressional Record Vol. 169, No. 56",https://www.congress.gov/congressional-record/volume-169/issue-56/house-section/article/H1529-3,3/28/23,House,169,56,H1529
"PAYCHECK FAIRNESS ACT; Congressional Record Vol. 167, No. 99",https://www.congress.gov/congressional-record/volume-167/issue-99/senate-section/article/S3980-1,6/8/21,Senate,167,99,S3980
"FREE IRAN; Congressional Record Vol. 171, No. 207",https://www.congress.gov/congressional-record/volume-171/issue-207/house-section/article/H5104-3,12/9/25,House,171,207,H5104
"ADDITIONAL COSPONSORS; Congressional Record Vol. 166, No. 156",https://www.congress.gov/congressional-record/volume-166/issue-156/senate-section/article/S5550-1,9/10/20,Senate,166,156,S5550
"Constitutional Authority and Single Subject Statements for H.R. 9599; Congressional Record Vol. 170, No. 143",https://www.congress.gov/congressional-record/volume-170/issue-143/house-section/article/H5239-8,9/16/24,House,170,143,H5239
"Constitutional Authority and Single Subject Statements for H.R. 7783; Congressional Record Vol. 170, No. 50",https://www.congress.gov/congressional-record/volume-170/issue-50/house-section/article/H1354-14,3/21/24,House,170,50,H1354
"Public Bills and Resolutions for H.R. 6177; Congressional Record Vol. 169, No. 181",https://www.congress.gov/congressional-record/volume-169/issue-181/house-section/article/H5363-7,11/2/23,House,169,181,H5363
"Constitutional Authority and Single Subject Statements for H.R. 15; Congressional Record Vol. 169, No. 108",https://www.congress.gov/congressional-record/volume-169/issue-108/house-section/article/H3072-1,6/21/23,House,169,108,H3072
"Equal Rights Amendment (Executive Session); Congressional Record Vol. 167, No. 55",https://www.congress.gov/congressional-record/volume-167/issue-55/senate-section/article/S1732-1,3/24/21,Senate,167,55,S1732
"WOMEN'S SUFFRAGE; Congressional Record Vol. 166, No. 104",https://www.congress.gov/congressional-record/volume-166/issue-104/senate-section/article/S2718-2,6/4/20,Senate,166,104,S2718
"SAVANNA'S ACT; Congressional Record Vol. 166, No. 163",https://www.congress.gov/congressional-record/volume-166/issue-163/house-section/article/H4573-1,9/21/20,House,166,163,H4573
"HEALTHCARE LEGISLATION; Congressional Record Vol. 163, No. 106",https://www.congress.gov/congressional-record/volume-163/issue-106/senate-section/article/S3690-5,6/21/17,Senate,163,106,S3690
"Constitutional Authority and Single Subject Statements for H.R. 5636; Congressional Record Vol. 169, No. 153",https://www.congress.gov/congressional-record/volume-169/issue-153/house-section/article/H4458-1,9/21/23,House,169,153,H4458
"Constitutional Authority and Single Subject Statements for H.R. 3924; Congressional Record Vol. 169, No. 99",https://www.congress.gov/congressional-record/volume-169/issue-99/house-section/article/H2781-5,6/7/23,House,169,99,H2781
"Constitutional Authority and Single Subject Statements for H.R. 3329; Congressional Record Vol. 169, No. 81",https://www.congress.gov/congressional-record/volume-169/issue-81/house-section/article/H2349-12,5/15/23,House,169,81,H2349
"MEASURES READ THE FIRST TIME; Congressional Record Vol. 167, No. 39",https://www.congress.gov/congressional-record/volume-167/issue-39/senate-section/article/S990-3,3/2/21,Senate,167,39,S990
"Constitutional Authority and Single Subject Statements for H.R. 8867; Congressional Record Vol. 170, No. 108",https://www.congress.gov/congressional-record/volume-170/issue-108/house-section/article/H4411-8,6/27/24,House,170,108,H4411
"Constitutional Authority and Single Subject Statements for H.R. 8454; Congressional Record Vol. 170, No. 86",https://www.congress.gov/congressional-record/volume-170/issue-86/house-section/article/H3357-12,5/17/24,House,170,86,H3357
"Constitutional Authority and Single Subject Statements for H.R. 2404; Congressional Record Vol. 169, No. 58",https://www.congress.gov/congressional-record/volume-169/issue-58/house-section/article/H1693-7,3/30/23,House,169,58,H1693
"Constitutional Authority and Single Subject Statements for H.R. 1399; Congressional Record Vol. 169, No. 43",https://www.congress.gov/congressional-record/volume-169/issue-43/house-section/article/H1151-7,3/7/23,House,169,43,H1151
"MEASURES PLACED ON THE CALENDAR; Congressional Record Vol. 167, No. 39",https://www.congress.gov/congressional-record/volume-167/issue-39/senate-section/article/S997-8,3/2/21,Senate,167,39,S997
"RESPECT FOR MARRIAGE ACT; Congressional Record Vol. 168, No. 191",https://www.congress.gov/congressional-record/volume-168/issue-191/house-section/article/H8827-3,12/8/22,House,168,191,H8827
"Constitutional Authority and Single Subject Statements for H.R. 4342; Congressional Record Vol. 169, No. 110",https://www.congress.gov/congressional-record/volume-169/issue-110/house-section/article/H3144-6,6/23/23,House,169,110,H3144
"Text of Senate Amendment 5086; Congressional Record Vol. 168, No. 100",https://www.congress.gov/congressional-record/volume-168/issue-100/senate-section/article/S2914-2,6/13/22,Senate,168,100,S2914
"Constitutional Authority and Single Subject Statements for H.R. 10497; Congressional Record Vol. 170, No. 188",https://www.congress.gov/congressional-record/volume-170/issue-188/house-section/article/H7361-5,12/18/24,House,170,188,H7361
"MESSAGE FROM THE HOUSE; Congressional Record Vol. 167, No. 38",https://www.congress.gov/congressional-record/volume-167/issue-38/senate-section/article/S953-3,3/1/21,Senate,167,38,S953
"Constitutional Authority and Single Subject Statements for H.R. 4422; Congressional Record Vol. 169, No. 114",https://www.congress.gov/congressional-record/volume-169/issue-114/house-section/article/H3161-12,6/30/23,House,169,114,H3161
"Constitutional Authority and Single Subject Statements for H.R. 4042; Congressional Record Vol. 169, No. 102",https://www.congress.gov/congressional-record/volume-169/issue-102/house-section/article/H2811-5,6/12/23,House,169,102,H2811
"Constitutional Authority and Single Subject Statements for H.R. 3970; Congressional Record Vol. 169, No. 101",https://www.congress.gov/congressional-record/volume-169/issue-101/house-section/article/H2790-4,6/9/23,House,169,101,H2790
"Constitutional Authority and Single Subject Statements for H.R. 9586; Congressional Record Vol. 170, No. 142",https://www.congress.gov/congressional-record/volume-170/issue-142/house-section/article/H5231-26,9/12/24,House,170,142,H5231
"Constitutional Authority and Single Subject Statements for H.R. 4980; Congressional Record Vol. 169, No. 130",https://www.congress.gov/congressional-record/volume-169/issue-130/house-section/article/H4143-20,7/27/23,House,169,130,H4143
"Constitutional Authority and Single Subject Statements for H.R. 1585; Congressional Record Vol. 169, No. 47",https://www.congress.gov/congressional-record/volume-169/issue-47/house-section/article/H1287-10,3/14/23,House,169,47,H1287
"MEASURES REFERRED; Congressional Record Vol. 165, No. 84",https://www.congress.gov/congressional-record/volume-165/issue-84/senate-section/article/S2962-1,5/20/19,Senate,165,84,S2962
"Text of Senate Amendment 1696; Congressional Record Vol. 170, No. 50",https://www.congress.gov/congressional-record/volume-170/issue-50/senate-section/article/S2523-1,3/21/24,Senate,170,50,S2523
"Constitutional Authority and Single Subject Statements for H.R. 7844; Congressional Record Vol. 170, No. 54",https://www.congress.gov/congressional-record/volume-170/issue-54/house-section/article/H2129-15,3/29/24,House,170,54,H2129
"Constitutional Authority and Single Subject Statements for H.R. 6269; Congressional Record Vol. 169, No. 184",https://www.congress.gov/congressional-record/volume-169/issue-184/house-section/article/H5545-9,11/7/23,House,169,184,H5545
"Constitutional Authority and Single Subject Statements for H.R. 736; Congressional Record Vol. 169, No. 21",https://www.congress.gov/congressional-record/volume-169/issue-21/house-section/article/H630-18,2/1/23,House,169,21,H630
"MEASURES REFERRED; Congressional Record Vol. 165, No. 116",https://www.congress.gov/congressional-record/volume-165/issue-116/senate-section/article/S4804-4,7/11/19,Senate,165,116,S4804
"PETITIONS, ETC.; Congressional Record Vol. 163, No. 56",https://www.congress.gov/congressional-record/volume-163/issue-56/house-section/article/H2601-14,3/30/17,House,163,56,H2601
"PERSONAL EXPLANATION; Congressional Record Vol. 171, No. 214",https://www.congress.gov/congressional-record/volume-171/issue-214/extensions-of-remarks-section/article/E1231-2,12/18/25,Extensions of Remarks,171,214,E1231
"Text of Senate Amendment 2523; Congressional Record Vol. 167, No. 139",https://www.congress.gov/congressional-record/volume-167/issue-139/senate-section/article/S5865-1,8/4/21,Senate,167,139,S5865
"Text of Senate Amendment 2382; Congressional Record Vol. 167, No. 138",https://www.congress.gov/congressional-record/volume-167/issue-138/senate-section/article/S5755-6,8/3/21,Senate,167,138,S5755
"Constitutional Authority and Single Subject Statements for H.R. 6040; Congressional Record Vol. 169, No. 176",https://www.congress.gov/congressional-record/volume-169/issue-176/house-section/article/H5106-3,10/25/23,House,169,176,H5106
"Constitutional Authority and Single Subject Statements for H.R. 4393; Congressional Record Vol. 169, No. 112",https://www.congress.gov/congressional-record/volume-169/issue-112/house-section/article/H3153-4,6/27/23,House,169,112,H3153
"Text of Senate Amendment 4727; Congressional Record Vol. 172, No. 51",https://www.congress.gov/congressional-record/volume-172/issue-51/senate-section/article/S1451-2,3/20/26,Senate,172,51,S1451
"Text of Senate Amendment 2380; Congressional Record Vol. 167, No. 138",https://www.congress.gov/congressional-record/volume-167/issue-138/senate-section/article/S5755-4,8/3/21,Senate,167,138,S5755
"Text of Senate Amendment 2643; Congressional Record Vol. 167, No. 142",https://www.congress.gov/congressional-record/volume-167/issue-142/senate-section/article/S6019-5,8/7/21,Senate,167,142,S6019
"PERMISSION FOR MEMBER TO BE CONSIDERED AS FIRST SPONSOR OF H.R. 3828; Congressional Record Vol. 164, No. 99",https://www.congress.gov/congressional-record/volume-164/issue-99/house-section/article/H5162-1,6/14/18,House,164,99,H5162
"REPORTS OF COMMITTEES ON PUBLIC BILLS AND RESOLUTIONS; Congressional Record Vol. 167, No. 34",https://www.congress.gov/congressional-record/volume-167/issue-34/house-section/article/H584-3,2/23/21,House,167,34,H584
"PERSONAL EXPLANATION; Congressional Record Vol. 171, No. 149",https://www.congress.gov/congressional-record/volume-171/issue-149/extensions-of-remarks-section/article/E841-1,9/11/25,Extensions of Remarks,171,149,E841
"Text of Senate Amendment 1505; Congressional Record Vol. 163, No. 169",https://www.congress.gov/congressional-record/volume-163/issue-169/senate-section/article/S6684-6,10/19/17,Senate,163,169,S6684
"Text of Senate Amendment 2494; Congressional Record Vol. 170, No. 115",https://www.congress.gov/congressional-record/volume-170/issue-115/senate-section/article/S4811-3,7/11/24,Senate,170,115,S4811
"MORNING BUSINESS; Congressional Record Vol. 170, No. 24",https://www.congress.gov/congressional-record/volume-170/issue-24/senate-section/article/S594-1,2/9/24,Senate,170,24,S594
"ADDITIONAL COSPONSORS; Congressional Record Vol. 163, No. 107",https://www.congress.gov/congressional-record/volume-163/issue-107/senate-section/article/S3732-2,6/22/17,Senate,163,107,S3732
"VIETNAM VETERANS LIVER FLUKE CANCER STUDY ACT; Congressional Record Vol. 170, No. 144",https://www.congress.gov/congressional-record/volume-170/issue-144/house-section/article/H5277-1,9/17/24,House,170,144,H5277
"MEASURES REFERRED; Congressional Record Vol. 168, No. 106",https://www.congress.gov/congressional-record/volume-168/issue-106/senate-section/article/S3069-4,6/22/22,Senate,168,106,S3069
"MESSAGE FROM THE HOUSE; Congressional Record Vol. 168, No. 106",https://www.congress.gov/congressional-record/volume-168/issue-106/senate-section/article/S3069-3,6/22/22,Senate,168,106,S3069
"VOTE EXPLANATION; Congressional Record Vol. 171, No. 43",https://www.congress.gov/congressional-record/volume-171/issue-43/senate-section/article/S1601-4,3/6/25,Senate,171,43,S1601
"Text of Senate Amendment 1963; Congressional Record Vol. 170, No. 76",https://www.congress.gov/congressional-record/volume-170/issue-76/senate-section/article/S3352-1,5/2/24,Senate,170,76,S3352
"REPORTS OF COMMITTEES ON PUBLIC BILLS AND RESOLUTIONS; Congressional Record Vol. 170, No. 152",https://www.congress.gov/congressional-record/volume-170/issue-152/house-section/article/H5846-1,10/1/24,House,170,152,H5846
"ADDITIONAL COSPONSORS; Congressional Record Vol. 168, No. 4",https://www.congress.gov/congressional-record/volume-168/issue-4/senate-section/article/S81-2,1/6/22,Senate,168,4,S81
"Text of Senate Amendment 1748; Congressional Record Vol. 170, No. 50",https://www.congress.gov/congressional-record/volume-170/issue-50/senate-section/article/S2545-6,3/21/24,Senate,170,50,S2545
"Text of Senate Amendment 1666; Congressional Record Vol. 170, No. 41",https://www.congress.gov/congressional-record/volume-170/issue-41/senate-section/article/S2290-4,3/7/24,Senate,170,41,S2290
"Text of Senate Amendment 500; Congressional Record Vol. 163, No. 127",https://www.congress.gov/congressional-record/volume-163/issue-127/senate-section/article/S4514-1,7/27/17,Senate,163,127,S4514
"Daily Digest/House of Representatives; Congressional Record Vol. 170, No. 152",https://www.congress.gov/congressional-record/volume-170/issue-152/daily-digest/article/D967-3,10/1/24,Daily Digest,170,152,D967
"Department of Government Efficiency (Executive Calendar); Congressional Record Vol. 171, No. 24",https://www.congress.gov/congressional-record/volume-171/issue-24/senate-section/article/S632-1,2/5/25,Senate,171,24,S632
"REMEMBERING JUSTICE RUTH BADER GINSBURG; Congressional Record Vol. 166, No. 164",https://www.congress.gov/congressional-record/volume-166/issue-164/senate-section/article/S5775-2,9/22/20,Senate,166,164,S5775
"PETITIONS AND MEMORIALS; Congressional Record Vol. 165, No. 72",https://www.congress.gov/congressional-record/volume-165/issue-72/senate-section/article/S2605-5,5/2/19,Senate,165,72,S2605
"RECOGNIZING VICKI HELFER; Congressional Record Vol. 169, No. 149",https://www.congress.gov/congressional-record/volume-169/issue-149/extensions-of-remarks-section/article/E848-5,9/14/23,Extensions of Remarks,169,149,E848
"VOTE EXPLANATION; Congressional Record Vol. 168, No. 43",https://www.congress.gov/congressional-record/volume-168/issue-43/senate-section/article/S1113-4,3/10/22,Senate,168,43,S1113
"VIOLENCE AGAINST WOMEN REAUTHORIZATION ACT OF 2021; Congressional Record Vol. 167, No. 52",https://www.congress.gov/congressional-record/volume-167/issue-52/extensions-of-remarks-section/article/E282-2,3/19/21,Extensions of Remarks,167,52,E282
"MEASURES PLACED ON THE CALENDAR--H.R. 5 and H.R. 1319; Congressional Record Vol. 167, No. 39",https://www.congress.gov/congressional-record/volume-167/issue-39/senate-section/article/S997-5,3/2/21,Senate,167,39,S997
"Daily Digest/House Committee Meetings; Congressional Record Vol. 169, No. 130",https://www.congress.gov/congressional-record/volume-169/issue-130/daily-digest/article/D808-1,7/27/23,Daily Digest,169,130,D808
"Text of Senate Amendment 1815; Congressional Record Vol. 170, No. 51",https://www.congress.gov/congressional-record/volume-170/issue-51/senate-section/article/S2615-8,3/22/24,Senate,170,51,S2615
"Text of Senate Amendment 600; Congressional Record Vol. 169, No. 120",https://www.congress.gov/congressional-record/volume-169/issue-120/senate-section/article/S2717-1,7/13/23,Senate,169,120,S2717
"21ST CENTURY PRESIDENT ACT; Congressional Record Vol. 168, No. 198",https://www.congress.gov/congressional-record/volume-168/issue-198/senate-section/article/S9610-1,12/20/22,Senate,168,198,S9610
"Text of Senate Amendment 5128; Congressional Record Vol. 168, No. 107",https://www.congress.gov/congressional-record/volume-168/issue-107/senate-section/article/S3170-3,6/23/22,Senate,168,107,S3170
"CELEBRATING INTERNATIONAL WOMEN'S DAY; Congressional Record Vol. 170, No. 42",https://www.congress.gov/congressional-record/volume-170/issue-42/house-section/article/H1049-5,3/8/24,House,170,42,H1049
"THE EQUALITY ACT ENDGAME; Congressional Record Vol. 165, No. 81",https://www.congress.gov/congressional-record/volume-165/issue-81/house-section/article/H3827-4,5/15/19,House,165,81,H3827
"Daily Digest/House of Representatives; Congressional Record Vol. 170, No. 100",https://www.congress.gov/congressional-record/volume-170/issue-100/daily-digest/article/D619-1,6/13/24,Daily Digest,170,100,D619
"MEASURES READ THE FIRST TIME--H.R. 5 and H.R. 1319; Congressional Record Vol. 167, No. 39",https://www.congress.gov/congressional-record/volume-167/issue-39/senate-section/article/S996-2,3/2/21,Senate,167,39,S996
"RECOGNIZING PRIDE MONTH; Congressional Record Vol. 170, No. 94",https://www.congress.gov/congressional-record/volume-170/issue-94/house-section/article/H3571-6,6/3/24,House,170,94,H3571
"MORAL ARC OF THE UNIVERSE BENDS TOWARD JUSTICE; Congressional Record Vol. 165, No. 83",https://www.congress.gov/congressional-record/volume-165/issue-83/house-section/article/H3954-1,5/17/19,House,165,83,H3954
"REPORT ON RESOLUTION PROVIDING FOR CONSIDERATION OF H.R. 5, EQUALITY
 ACT; PROVIDING FOR CONSIDERATION OF H.R. 312, MASHPEE WAMPANOAG TRIBE 
RESERVATION REAFFIRMATION ACT; AND PROVIDING FOR...; Congressional Record Vol. 165, No. 80",https://www.congress.gov/congressional-record/volume-165/issue-80/house-section/article/H3781-1,5/14/19,House,165,80,H3781
"MEASURES REFERRED; Congressional Record Vol. 168, No. 113",https://www.congress.gov/congressional-record/volume-168/issue-113/senate-section/article/S3200-5,7/11/22,Senate,168,113,S3200
"ADDITIONAL STATEMENTS; Congressional Record Vol. 167, No. 74",https://www.congress.gov/congressional-record/volume-167/issue-74/senate-section/article/S2349-3,4/29/21,Senate,167,74,S2349
"PRAYER; Congressional Record Vol. 169, No. 84",https://www.congress.gov/congressional-record/volume-169/issue-84/house-section/article/H2431-2,5/18/23,House,169,84,H2431
"PRAYER; Congressional Record Vol. 165, No. 57",https://www.congress.gov/congressional-record/volume-165/issue-57/house-section/article/H2945-3,4/2/19,House,165,57,H2945
"DREAMERS; Congressional Record Vol. 164, No. 15",https://www.congress.gov/congressional-record/volume-164/issue-15/house-section/article/H622-5,1/22/18,House,164,15,H622
"PRAYER; Congressional Record Vol. 163, No. 71",https://www.congress.gov/congressional-record/volume-163/issue-71/house-section/article/H2856-3,4/26/17,House,163,71,H2856
"Text of Senate Amendment 3837; Congressional Record Vol. 164, No. 139",https://www.congress.gov/congressional-record/volume-164/issue-139/senate-section/article/S5774-7,8/21/18,Senate,164,139,S5774
"PROUD OF 360 YOUTH SERVICES; Congressional Record Vol. 168, No. 54",https://www.congress.gov/congressional-record/volume-168/issue-54/house-section/article/H3867-8,3/28/22,House,168,54,H3867
"VIOLENCE AGAINST WOMEN ACT; Congressional Record Vol. 167, No. 50",https://www.congress.gov/congressional-record/volume-167/issue-50/house-section/article/H1419-1,3/17/21,House,167,50,H1419
"INTERNATIONAL WOMEN'S DAY; Congressional Record Vol. 167, No. 43",https://www.congress.gov/congressional-record/volume-167/issue-43/house-section/article/H1096-1,3/8/21,House,167,43,H1096
"LATINA EQUAL PAY DAY; Congressional Record Vol. 165, No. 187",https://www.congress.gov/congressional-record/volume-165/issue-187/house-section/article/H9155-5,11/21/19,House,165,187,H9155
"HONORING TRACY SINGLE ON TRANSGENDER DAY OF REMEMBRANCE; Congressional Record Vol. 165, No. 186",https://www.congress.gov/congressional-record/volume-165/issue-186/house-section/article/H9104-2,11/20/19,House,165,186,H9104
"RECOGNIZING WOMEN ATHLETES AT NORTH CAROLINA STATE UNIVERSITY; Congressional Record Vol. 168, No. 126",https://www.congress.gov/congressional-record/volume-168/issue-126/house-section/article/H7263-5,7/28/22,House,168,126,H7263
"IN HONOR OF INTERNATIONAL TRANSGENDER DAY OF REMEMBRANCE; Congressional Record Vol. 166, No. 198",https://www.congress.gov/congressional-record/volume-166/issue-198/house-section/article/H5992-2,11/20/20,House,166,198,H5992
"EXPRESSING SUPPORT FOR EQUAL PAY DAY; Congressional Record Vol. 164, No. 58",https://www.congress.gov/congressional-record/volume-164/issue-58/house-section/article/H3104-5,4/11/18,House,164,58,H3104
"Text of Senate Amendment 5793; Congressional Record Vol. 168, No. 157",https://www.congress.gov/congressional-record/volume-168/issue-157/senate-section/article/S5266-1,9/28/22,Senate,168,157,S5266
"ADDITIONAL COSPONSORS; Congressional Record Vol. 168, No. 152",https://www.congress.gov/congressional-record/volume-168/issue-152/senate-section/article/S4913-2,9/21/22,Senate,168,152,S4913
"ADDITIONAL COSPONSORS; Congressional Record Vol. 168, No. 106",https://www.congress.gov/congressional-record/volume-168/issue-106/senate-section/article/S3075-4,6/22/22,Senate,168,106,S3075
"Text of Senate Amendment 4787; Congressional Record Vol. 167, No. 201",https://www.congress.gov/congressional-record/volume-167/issue-201/senate-section/article/S8459-2,11/18/21,Senate,167,201,S8459
"PUBLIC BILLS AND RESOLUTIONS; Congressional Record Vol. 171, No. 120",https://www.congress.gov/congressional-record/volume-171/issue-120/house-section/article/H3244-1,7/14/25,House,171,120,H3244
"Text of Senate Amendment 6473; Congressional Record Vol. 172, No. 106",https://www.congress.gov/congressional-record/volume-172/issue-106/senate-section/article/S3600-1,6/24/26,Senate,172,106,S3600
"PRAYER; Congressional Record Vol. 165, No. 148",https://www.congress.gov/congressional-record/volume-165/issue-148/house-section/article/H7713-3,9/16/19,House,165,148,H7713
"TRIBUTE TO DR JOYCE TURNER KELLER; Congressional Record Vol. 167, No. 211",https://www.congress.gov/congressional-record/volume-167/issue-211/senate-section/article/S8960-3,12/7/21,Senate,167,211,S8960
"HONORING CONSTITUTION DAY; Congressional Record Vol. 171, No. 151",https://www.congress.gov/congressional-record/volume-171/issue-151/house-section/article/H4320-2,9/16/25,House,171,151,H4320
"BAN THIS QUACKERY; Congressional Record Vol. 171, No. 55",https://www.congress.gov/congressional-record/volume-171/issue-55/house-section/article/H1283-8,3/26/25,House,171,55,H1283
"TRUMP ADMINISTRATION IS DISMANTLING VETERANS' PROGRAMS; Congressional Record Vol. 171, No. 26",https://www.congress.gov/congressional-record/volume-171/issue-26/house-section/article/H572-5,2/7/25,House,171,26,H572
"WOMEN'S SPORTS FOR WOMEN ONLY; Congressional Record Vol. 171, No. 8",https://www.congress.gov/congressional-record/volume-171/issue-8/house-section/article/H160-2,1/15/25,House,171,8,H160
"FAIR COMPETITION IN SPORTS; Congressional Record Vol. 170, No. 86",https://www.congress.gov/congressional-record/volume-170/issue-86/house-section/article/H3342-4,5/17/24,House,170,86,H3342
"WHAT PARENTS WANT; Congressional Record Vol. 169, No. 53",https://www.congress.gov/congressional-record/volume-169/issue-53/house-section/article/H1336-5,3/23/23,House,169,53,H1336
"LEAKED DRAFT OPINION OVERTURNING ROE; Congressional Record Vol. 168, No. 80",https://www.congress.gov/congressional-record/volume-168/issue-80/house-section/article/H4813-1,5/11/22,House,168,80,H4813
"ECONOMIC OPTIMISM; Congressional Record Vol. 166, No. 39",https://www.congress.gov/congressional-record/volume-166/issue-39/house-section/article/H1243-1,2/27/20,House,166,39,H1243
"CELEBRATING WOMEN'S HISTORY MONTH; Congressional Record Vol. 169, No. 43",https://www.congress.gov/congressional-record/volume-169/issue-43/house-section/article/H1133-3,3/7/23,House,169,43,H1133
"WE WON'T GO BACK; Congressional Record Vol. 168, No. 120",https://www.congress.gov/congressional-record/volume-168/issue-120/house-section/article/H6902-3,7/20/22,House,168,120,H6902
"LGBTQ+ RIGHTS ARE UNDER ATTACK; Congressional Record Vol. 168, No. 119",https://www.congress.gov/congressional-record/volume-168/issue-119/house-section/article/H6869-1,7/19/22,House,168,119,H6869
"HONORING JUSTICE RUTH BADER GINSBURG; Congressional Record Vol. 166, No. 166",https://www.congress.gov/congressional-record/volume-166/issue-166/house-section/article/H4897-4,9/24/20,House,166,166,H4897
"TOGETHER WE FIGHT FOR THE PEOPLE; Congressional Record Vol. 165, No. 187",https://www.congress.gov/congressional-record/volume-165/issue-187/house-section/article/H9155-3,11/21/19,House,165,187,H9155
"LGBTQ AMERICANS DESERVE THE EQUALITY ACT; Congressional Record Vol. 165, No. 83",https://www.congress.gov/congressional-record/volume-165/issue-83/house-section/article/H3930-1,5/17/19,House,165,83,H3930
"RECOGNIZING APRIL VASSELL AND NEVAEH PARKER; Congressional Record Vol. 164, No. 99",https://www.congress.gov/congressional-record/volume-164/issue-99/house-section/article/H5185-3,6/14/18,House,164,99,H5185
"REPEAL AND REPLACE THE AFFORDABLE CARE ACT; Congressional Record Vol. 163, No. 76",https://www.congress.gov/congressional-record/volume-163/issue-76/house-section/article/H3080-1,5/3/17,House,163,76,H3080
"PRESERVING WORKPLACE PROTECTIONS FOR LGBT FEDERAL CONTRACTORS; Congressional Record Vol. 163, No. 16",https://www.congress.gov/congressional-record/volume-163/issue-16/house-section/article/H757-9,1/31/17,House,163,16,H757
"SCIENTIFIC INTEGRITY; Congressional Record Vol. 171, No. 25",https://www.congress.gov/congressional-record/volume-171/issue-25/house-section/article/H543-1,2/6/25,House,171,25,H543
"MARY WALLACE ``WALLY'' FUNK HAS LED AN AMAZING LIFE; Congressional Record Vol. 167, No. 127",https://www.congress.gov/congressional-record/volume-167/issue-127/house-section/article/H3739-3,7/20/21,House,167,127,H3739
"RECOGNIZING MACY PETTY; Congressional Record Vol. 170, No. 150",https://www.congress.gov/congressional-record/volume-170/issue-150/extensions-of-remarks-section/article/E968-4,9/25/24,Extensions of Remarks,170,150,E968
"HONORING MRS. TAMMIE JO SHULTS; Congressional Record Vol. 164, No. 71",https://www.congress.gov/congressional-record/volume-164/issue-71/extensions-of-remarks-section/article/E574-2,5/1/18,Extensions of Remarks,164,71,E574
"RECOGNIZING FIRST KOREAN UNITED METHODIST CHURCH'S 100TH ANNIVERSARY; Congressional Record Vol. 169, No. 88",https://www.congress.gov/congressional-record/volume-169/issue-88/extensions-of-remarks-section/article/E488-1,5/24/23,Extensions of Remarks,169,88,E488
"16TH ANNUAL OBSERVANCE OF WORLD LUPUS DAY; Congressional Record Vol. 165, No. 78",https://www.congress.gov/congressional-record/volume-165/issue-78/extensions-of-remarks-section/article/E579-5,5/10/19,Extensions of Remarks,165,78,E579
"MEASURES REFERRED; Congressional Record Vol. 171, No. 214",https://www.congress.gov/congressional-record/volume-171/issue-214/senate-section/article/S8919-5,12/18/25,Senate,171,214,S8919
"INTRODUCTION OF BILLS AND JOINT RESOLUTIONS; Congressional Record Vol. 171, No. 111",https://www.congress.gov/congressional-record/volume-171/issue-111/senate-section/article/S3598-1,6/27/25,Senate,171,111,S3598
"MESSAGE FROM THE HOUSE; Congressional Record Vol. 168, No. 113",https://www.congress.gov/congressional-record/volume-168/issue-113/senate-section/article/S3200-4,7/11/22,Senate,168,113,S3200
"MESSAGE FROM THE HOUSE; Congressional Record Vol. 165, No. 116",https://www.congress.gov/congressional-record/volume-165/issue-116/senate-section/article/S4804-3,7/11/19,Senate,165,116,S4804
"EQUAL RIGHTS AMENDMENT; Congressional Record Vol. 167, No. 50",https://www.congress.gov/congressional-record/volume-167/issue-50/house-section/article/H1419-2,3/17/21,House,167,50,H1419
"LGBT PRIDE MONTH; Congressional Record Vol. 163, No. 99",https://www.congress.gov/congressional-record/volume-163/issue-99/house-section/article/H4836-1,6/12/17,House,163,99,H4836
"Text of Senate Amendment 6362; Congressional Record Vol. 172, No. 106",https://www.congress.gov/congressional-record/volume-172/issue-106/senate-section/article/S3479-4,6/24/26,Senate,172,106,S3479
"Text of Senate Amendment 3524; Congressional Record Vol. 171, No. 133",https://www.congress.gov/congressional-record/volume-171/issue-133/senate-section/article/S5305-1,8/1/25,Senate,171,133,S5305
"Text of Senate Amendment 1736; Congressional Record Vol. 171, No. 60",https://www.congress.gov/congressional-record/volume-171/issue-60/senate-section/article/S2259-6,4/3/25,Senate,171,60,S2259
"Text of Senate Amendment 1620; Congressional Record Vol. 171, No. 60",https://www.congress.gov/congressional-record/volume-171/issue-60/senate-section/article/S2236-7,4/3/25,Senate,171,60,S2236
"Text of Senate Amendment 637; Congressional Record Vol. 171, No. 34",https://www.congress.gov/congressional-record/volume-171/issue-34/senate-section/article/S1220-4,2/20/25,Senate,171,34,S1220
"Text of Senate Amendment 3858; Congressional Record Vol. 167, No. 177",https://www.congress.gov/congressional-record/volume-167/issue-177/senate-section/article/S7010-3,10/7/21,Senate,167,177,S7010
"CELEBRATING TRANSGENDER AWARENESS WEEK; Congressional Record Vol. 169, No. 187",https://www.congress.gov/congressional-record/volume-169/issue-187/house-section/article/H5716-3,11/13/23,House,169,187,H5716
"CELEBRATING BEN TAUB HOSPITAL; Congressional Record Vol. 169, No. 89",https://www.congress.gov/congressional-record/volume-169/issue-89/house-section/article/H2602-1,5/25/23,House,169,89,H2602
"RECOGNIZING EATING DISORDERS AWARENESS WEEK; Congressional Record Vol. 169, No. 37",https://www.congress.gov/congressional-record/volume-169/issue-37/house-section/article/H881-2,2/27/23,House,169,37,H881
"PRIORITIES FOR SOUTH TEXAS; Congressional Record Vol. 169, No. 8",https://www.congress.gov/congressional-record/volume-169/issue-8/house-section/article/H121-2,1/10/23,House,169,8,H121
"SUPPORTING WOMEN WITH EQUAL PAY; Congressional Record Vol. 167, No. 65",https://www.congress.gov/congressional-record/volume-167/issue-65/house-section/article/H1798-3,4/15/21,House,167,65,H1798
"EQUALITY ACT DESTROYS WOMEN'S RIGHTS; Congressional Record Vol. 167, No. 43",https://www.congress.gov/congressional-record/volume-167/issue-43/house-section/article/H1086-1,3/8/21,House,167,43,H1086
"EQUALITY ACT WILL BE LIFE-CHANGING; Congressional Record Vol. 167, No. 35",https://www.congress.gov/congressional-record/volume-167/issue-35/house-section/article/H600-3,2/24/21,House,167,35,H600
"CONGRATULATING VIRGINIA ON ERA RATIFICATION; Congressional Record Vol. 166, No. 17",https://www.congress.gov/congressional-record/volume-166/issue-17/house-section/article/H558-1,1/27/20,House,166,17,H558
"RECOGNIZING LATINA EQUAL PAY DAY; Congressional Record Vol. 165, No. 186",https://www.congress.gov/congressional-record/volume-165/issue-186/house-section/article/H9102-4,11/20/19,House,165,186,H9102
"HONORING COMMUNITY MATRIARCH MARY NAOMI GINWRIGHT SANKS; Congressional Record Vol. 164, No. 60",https://www.congress.gov/congressional-record/volume-164/issue-60/house-section/article/H3214-2,4/13/18,House,164,60,H3214
"ENCOURAGING GIRLS TO TAKE UP COMPUTER SCIENCE; Congressional Record Vol. 163, No. 123",https://www.congress.gov/congressional-record/volume-163/issue-123/house-section/article/H6046-2,7/20/17,House,163,123,H6046
"EQUAL PAY DAY; Congressional Record Vol. 163, No. 58",https://www.congress.gov/congressional-record/volume-163/issue-58/house-section/article/H2679-2,4/4/17,House,163,58,H2679
"HONORING EQUAL PAY DAY; Congressional Record Vol. 163, No. 57",https://www.congress.gov/congressional-record/volume-163/issue-57/house-section/article/H2617-4,4/3/17,House,163,57,H2617
"CONCERNS REGARDING HATE SPEECH AND THREATS IN OUR COUNTRY; Congressional Record Vol. 169, No. 198",https://www.congress.gov/congressional-record/volume-169/issue-198/house-section/article/H6054-3,12/1/23,House,169,198,H6054
"WISHING SUPREME COURT JUSTICE RUTH BADER GINSBURG A HAPPY 86TH BIRTHDAY; Congressional Record Vol. 165, No. 46",https://www.congress.gov/congressional-record/volume-165/issue-46/house-section/article/H2733-5,3/14/19,House,165,46,H2733
"OPPOSE REPEAL OF THE AFFORDABLE CARE ACT; Congressional Record Vol. 163, No. 13",https://www.congress.gov/congressional-record/volume-163/issue-13/house-section/article/H616-6,1/24/17,House,163,13,H616
"CELEBRATING A CHAMPION, CASSANDRA WILSON; Congressional Record Vol. 171, No. 124",https://www.congress.gov/congressional-record/volume-171/issue-124/extensions-of-remarks-section/article/E698-4,7/21/25,Extensions of Remarks,171,124,E698
"RECOGNIZING THE ESSENTIAL WORK OF EQUALITY NC; Congressional Record Vol. 170, No. 128",https://www.congress.gov/congressional-record/volume-170/issue-128/extensions-of-remarks-section/article/E807-2,8/6/24,Extensions of Remarks,170,128,E807
"INTRODUCTION OF THE COMBATING IMPLICIT BIAS IN EDUCATION ACT; Congressional Record Vol. 170, No. 54",https://www.congress.gov/congressional-record/volume-170/issue-54/extensions-of-remarks-section/article/E294-1,3/29/24,Extensions of Remarks,170,54,E294
"INTRODUCTION OF THE SALARY TRANSPARENCY ACT; Congressional Record Vol. 169, No. 47",https://www.congress.gov/congressional-record/volume-169/issue-47/extensions-of-remarks-section/article/E214-5,3/14/23,Extensions of Remarks,169,47,E214
"INTRODUCTION OF THE PROTECTING INDEPENDENT CONTRACTORS FROM DISCRIMINATION ACT; Congressional Record Vol. 165, No. 142",https://www.congress.gov/congressional-record/volume-165/issue-142/extensions-of-remarks-section/article/E1092-1,9/6/19,Extensions of Remarks,165,142,E1092
"Text of Senate Amendment 4406; Congressional Record Vol. 172, No. 48",https://www.congress.gov/congressional-record/volume-172/issue-48/senate-section/article/S1100-1,3/17/26,Senate,172,48,S1100
"Text of Senate Amendment 632; Congressional Record Vol. 171, No. 34",https://www.congress.gov/congressional-record/volume-171/issue-34/senate-section/article/S1219-6,2/20/25,Senate,171,34,S1219
"INTRODUCTION OF BILLS AND JOINT RESOLUTIONS; Congressional Record Vol. 163, No. 120",https://www.congress.gov/congressional-record/volume-163/issue-120/senate-section/article/S4026-1,7/17/17,Senate,163,120,S4026
"WOMEN'S HEALTH; Congressional Record Vol. 169, No. 84",https://www.congress.gov/congressional-record/volume-169/issue-84/house-section/article/H2431-8,5/18/23,House,169,84,H2431
"HONORING TRANSGENDER AWARENESS WEEK; Congressional Record Vol. 168, No. 178",https://www.congress.gov/congressional-record/volume-168/issue-178/house-section/article/H8547-1,11/17/22,House,168,178,H8547
"SAFEGUARDING WOMEN'S RIGHTS; Congressional Record Vol. 168, No. 117",https://www.congress.gov/congressional-record/volume-168/issue-117/house-section/article/H6628-4,7/15/22,House,168,117,H6628
"ACKNOWLEDGING LOCAL NAACP LEADERS; Congressional Record Vol. 166, No. 40",https://www.congress.gov/congressional-record/volume-166/issue-40/house-section/article/H1256-2,2/28/20,House,166,40,H1256
"RECOGNIZING SUICIDE PREVENTION MONTH; Congressional Record Vol. 165, No. 151",https://www.congress.gov/congressional-record/volume-165/issue-151/house-section/article/H7818-5,9/19/19,House,165,151,H7818
"HONORING SOJOURNER TRUTH; Congressional Record Vol. 165, No. 28",https://www.congress.gov/congressional-record/volume-165/issue-28/house-section/article/H1532-7,2/13/19,House,165,28,H1532
"REVERSE TRANSGENDER MILITARY BAN; Congressional Record Vol. 165, No. 23",https://www.congress.gov/congressional-record/volume-165/issue-23/house-section/article/H1368-2,2/6/19,House,165,23,H1368
"OPEN ENROLLMENT; Congressional Record Vol. 164, No. 195",https://www.congress.gov/congressional-record/volume-164/issue-195/house-section/article/H10037-8,12/11/18,House,164,195,H10037
"PROVIDE MORE FOR FEMALE VETERANS; Congressional Record Vol. 163, No. 182",https://www.congress.gov/congressional-record/volume-163/issue-182/house-section/article/H8647-2,11/8/17,House,163,182,H8647
"Text of Senate Amendment 3973; Congressional Record Vol. 167, No. 190",https://www.congress.gov/congressional-record/volume-167/issue-190/senate-section/article/S7480-1,10/28/21,Senate,167,190,S7480
"PROTECTING CHILDREN FROM HARMFUL AND IRREVERSIBLE MEDICAL PROCEDURES; Congressional Record Vol. 170, No. 184",https://www.congress.gov/congressional-record/volume-170/issue-184/house-section/article/H7102-2,12/11/24,House,170,184,H7102
"COMMEMORATING 60TH ANNIVERSARY OF EQUAL PAY ACT; Congressional Record Vol. 169, No. 129",https://www.congress.gov/congressional-record/volume-169/issue-129/house-section/article/H4016-2,7/26/23,House,169,129,H4016
"LIBERTY, JUSTICE, AND EQUAL PROTECTION UNDER THE LAW FOR ALL; Congressional Record Vol. 169, No. 125",https://www.congress.gov/congressional-record/volume-169/issue-125/house-section/article/H3863-1,7/20/23,House,169,125,H3863
"HONORING SUNNY BRYANT FROM HOUSTON, TEXAS; Congressional Record Vol. 168, No. 37",https://www.congress.gov/congressional-record/volume-168/issue-37/house-section/article/H1186-2,3/1/22,House,168,37,H1186
"RACIAL EQUITY IN AMERICA JOBS AND FAMILY PLAN; Congressional Record Vol. 167, No. 130",https://www.congress.gov/congressional-record/volume-167/issue-130/house-section/article/H3851-3,7/26/21,House,167,130,H3851
"HATE CRIMES IN AMERICA; Congressional Record Vol. 167, No. 51",https://www.congress.gov/congressional-record/volume-167/issue-51/house-section/article/H1572-1,3/18/21,House,167,51,H1572
"MOURNING THE LOSS OF DUSTIN PARKER; Congressional Record Vol. 166, No. 6",https://www.congress.gov/congressional-record/volume-166/issue-6/house-section/article/H152-1,1/10/20,House,166,6,H152
"TRANSGENDER REMEMBRANCE DAY; Congressional Record Vol. 165, No. 185",https://www.congress.gov/congressional-record/volume-165/issue-185/house-section/article/H9042-6,11/19/19,House,165,185,H9042
"SUBSTANCE USE DISORDER IS A CRISIS; Congressional Record Vol. 165, No. 154",https://www.congress.gov/congressional-record/volume-165/issue-154/house-section/article/H7869-5,9/24/19,House,165,154,H7869
"SUPPORTING THE EQUALITY ACT; Congressional Record Vol. 165, No. 46",https://www.congress.gov/congressional-record/volume-165/issue-46/house-section/article/H2735-2,3/14/19,House,165,46,H2735
"NOT A SOCIAL EXPERIMENT; Congressional Record Vol. 163, No. 118",https://www.congress.gov/congressional-record/volume-163/issue-118/house-section/article/H5770-8,7/13/17,House,163,118,H5770
"EQUALITY ACT; Congressional Record Vol. 167, No. 35",https://www.congress.gov/congressional-record/volume-167/issue-35/extensions-of-remarks-section/article/E161-3,2/24/21,Extensions of Remarks,167,35,E161
"NOMINATION OF ROBERT F. KENNEDY, JR.; Congressional Record Vol. 171, No. 29",https://www.congress.gov/congressional-record/volume-171/issue-29/senate-section/article/S949-1,2/12/25,Senate,171,29,S949
"STATEMENTS ON INTRODUCED BILLS AND JOINT RESOLUTIONS; Congressional Record Vol. 164, No. 200",https://www.congress.gov/congressional-record/volume-164/issue-200/senate-section/article/S7927-1,12/19/18,Senate,164,200,S7927
"HONORING PRIDE MONTH; Congressional Record Vol. 172, No. 109",https://www.congress.gov/congressional-record/volume-172/issue-109/house-section/article/H4350-3,6/30/26,House,172,109,H4350
"INTRODUCTION OF THE NATIONAL COMMISSION TO COMBAT WORKPLACE SEXUAL HARASSMENT ACT; Congressional Record Vol. 170, No. 92",https://www.congress.gov/congressional-record/volume-170/issue-92/extensions-of-remarks-section/article/E568-2,5/28/24,Extensions of Remarks,170,92,E568
"RECOGNIZING SOUTH CAROLINA SMALL BUSINESS DEVELOPMENT CENTERS FOR HELPING BUSINESSES SUCCEED; Congressional Record Vol. 170, No. 72",https://www.congress.gov/congressional-record/volume-170/issue-72/extensions-of-remarks-section/article/E386-2,4/26/24,Extensions of Remarks,170,72,E386
"PROVIDING URGENT MATERNAL PROTECTIONS FOR NURSING MOTHERS ACT; Congressional Record Vol. 167, No. 187",https://www.congress.gov/congressional-record/volume-167/issue-187/extensions-of-remarks-section/article/E1141-4,10/25/21,Extensions of Remarks,167,187,E1141
"INTRODUCTION OF THE PROTECTING INDEPENDENT CONTRACTORS FROM DISCRIMINATION ACT; Congressional Record Vol. 167, No. 152",https://www.congress.gov/congressional-record/volume-167/issue-152/extensions-of-remarks-section/article/E942-2,8/31/21,Extensions of Remarks,167,152,E942
"CONGRATULATING PAUL RUMLER ON WINNING THE QUAD-CITIES MALE CHAMPION OF CHANGE AWARD; Congressional Record Vol. 165, No. 68",https://www.congress.gov/congressional-record/volume-165/issue-68/extensions-of-remarks-section/article/E484-2,4/25/19,Extensions of Remarks,165,68,E484
"INTRODUCTION OF THE PROTECTING INDEPENDENT CONTRACTORS FROM DISCRIMINATION ACT; Congressional Record Vol. 164, No. 24",https://www.congress.gov/congressional-record/volume-164/issue-24/extensions-of-remarks-section/article/E153-3,2/7/18,Extensions of Remarks,164,24,E153
"Daily Digest/House of Representatives; Congressional Record Vol. 168, No. 115",https://www.congress.gov/congressional-record/volume-168/issue-115/daily-digest/article/D744-1,7/13/22,Daily Digest,168,115,D744
"INTRODUCTION OF BILLS AND JOINT RESOLUTIONS; Congressional Record Vol. 171, No. 169",https://www.congress.gov/congressional-record/volume-171/issue-169/senate-section/article/S7115-5,10/14/25,Senate,171,169,S7115
"SUBMISSION OF CONCURRENT AND SENATE RESOLUTIONS; Congressional Record Vol. 168, No. 98",https://www.congress.gov/congressional-record/volume-168/issue-98/senate-section/article/S2865-4,6/8/22,Senate,168,98,S2865
"SUBMISSION OF CONCURRENT AND SENATE RESOLUTIONS; Congressional Record Vol. 165, No. 129",https://www.congress.gov/congressional-record/volume-165/issue-129/senate-section/article/S5196-1,7/30/19,Senate,165,129,S5196
"MESSAGE FROM THE HOUSE; Congressional Record Vol. 165, No. 84",https://www.congress.gov/congressional-record/volume-165/issue-84/senate-section/article/S2961-6,5/20/19,Senate,165,84,S2961
"REPORTS OF COMMITTEES ON PUBLIC BILLS AND RESOLUTIONS; Congressional Record Vol. 165, No. 80",https://www.congress.gov/congressional-record/volume-165/issue-80/house-section/article/H3787-1,5/14/19,House,165,80,H3787
"EQUAL PAY DAY; Congressional Record Vol. 163, No. 58",https://www.congress.gov/congressional-record/volume-163/issue-58/house-section/article/H2678-7,4/4/17,House,163,58,H2678
"Text of Senate Amendment 161; Congressional Record Vol. 163, No. 7",https://www.congress.gov/congressional-record/volume-163/issue-7/senate-section/article/S290-4,1/11/17,Senate,163,7,S290
"LIFE AND LEGACY OF CECILIA GENTILI; Congressional Record Vol. 170, No. 29",https://www.congress.gov/congressional-record/volume-170/issue-29/house-section/article/H621-4,2/14/24,House,170,29,H621
"DEMANDING THE RESIGNATION OF PETE BUTTIGIEG; Congressional Record Vol. 169, No. 54",https://www.congress.gov/congressional-record/volume-169/issue-54/house-section/article/H1415-3,3/24/23,House,169,54,H1415
"ATTACKS ON THE VOTING RIGHTS ACT; Congressional Record Vol. 168, No. 115",https://www.congress.gov/congressional-record/volume-168/issue-115/house-section/article/H5979-9,7/13/22,House,168,115,H5979
"HUMAN DIGNITY IS A BASIC HUMAN RIGHT; Congressional Record Vol. 168, No. 26",https://www.congress.gov/congressional-record/volume-168/issue-26/house-section/article/H1092-3,2/9/22,House,168,26,H1092
"THE AMERICAN PEOPLE DESERVE BETTER; Congressional Record Vol. 167, No. 187",https://www.congress.gov/congressional-record/volume-167/issue-187/house-section/article/H5838-4,10/25/21,House,167,187,H5838
"RECOGNIZING NATIONAL DAY OF SILENCE; Congressional Record Vol. 167, No. 69",https://www.congress.gov/congressional-record/volume-167/issue-69/house-section/article/H2033-6,4/21/21,House,167,69,H2033
"HONORING WOMEN OF STEEL; Congressional Record Vol. 167, No. 50",https://www.congress.gov/congressional-record/volume-167/issue-50/house-section/article/H1418-4,3/17/21,House,167,50,H1418
"RECOGNIZING NATIONAL RECOVERY MONTH; Congressional Record Vol. 166, No. 164",https://www.congress.gov/congressional-record/volume-166/issue-164/house-section/article/H4651-8,9/22/20,House,166,164,H4651
"REPRESENTING NEW YORK'S 25TH DISTRICT; Congressional Record Vol. 165, No. 181",https://www.congress.gov/congressional-record/volume-165/issue-181/house-section/article/H8793-2,11/13/19,House,165,181,H8793
"RECOGNIZING DYSLEXIA AWARENESS MONTH; Congressional Record Vol. 165, No. 166",https://www.congress.gov/congressional-record/volume-165/issue-166/house-section/article/H8285-1,10/21/19,House,165,166,H8285
"REPUBLICANS HAVE NO PLAN TO IMPROVE HEALTH CARE; Congressional Record Vol. 165, No. 78",https://www.congress.gov/congressional-record/volume-165/issue-78/house-section/article/H3719-2,5/10/19,House,165,78,H3719
"MAKE FULL EQUALITY A REALITY; Congressional Record Vol. 165, No. 44",https://www.congress.gov/congressional-record/volume-165/issue-44/house-section/article/H2654-9,3/12/19,House,165,44,H2654
"RECOGNIZING SAVE DURING PRIDE MONTH; Congressional Record Vol. 164, No. 92",https://www.congress.gov/congressional-record/volume-164/issue-92/house-section/article/H4761-4,6/5/18,House,164,92,H4761
"LGBT PRIDE MONTH; Congressional Record Vol. 163, No. 99",https://www.congress.gov/congressional-record/volume-163/issue-99/house-section/article/H4835-4,6/12/17,House,163,99,H4835
"TODAY WE RAISE OUR VOICES; Congressional Record Vol. 163, No. 40",https://www.congress.gov/congressional-record/volume-163/issue-40/house-section/article/H1603-4,3/8/17,House,163,40,H1603
"INTERNATIONAL WOMEN'S DAY AND A DAY WITHOUT A WOMAN; Congressional Record Vol. 163, No. 40",https://www.congress.gov/congressional-record/volume-163/issue-40/house-section/article/H1602-6,3/8/17,House,163,40,H1602
"CELEBRATING 50TH ANNIVERSARY OF MS. FOUNDATION FOR WOMEN; Congressional Record Vol. 170, No. 90",https://www.congress.gov/congressional-record/volume-170/issue-90/house-section/article/H3514-1,5/23/24,House,170,90,H3514
"RAISING AWARENESS FOR ALOPECIA AREATA; Congressional Record Vol. 163, No. 102",https://www.congress.gov/congressional-record/volume-163/issue-102/house-section/article/H4923-1,6/15/17,House,163,102,H4923
"THANK YOU TO LAW ENFORCEMENT PROFESSIONALS; Congressional Record Vol. 163, No. 85",https://www.congress.gov/congressional-record/volume-163/issue-85/house-section/article/H4296-4,5/17/17,House,163,85,H4296
"ADOPTING THE RULES OF THE HOUSE OF REPRESENTATIVES FOR THE 117TH CONGRESS; Congressional Record Vol. 167, No. 2",https://www.congress.gov/congressional-record/volume-167/issue-2/house-section/article/H13-6,1/4/21,House,167,2,H13
"COAST GUARD AUTHORIZATION ACT OF 2019; Congressional Record Vol. 165, No. 125",https://www.congress.gov/congressional-record/volume-165/issue-125/house-section/article/H7263-2,7/24/19,House,165,125,H7263
"ADDITIONAL COSPONSORS; Congressional Record Vol. 168, No. 115",https://www.congress.gov/congressional-record/volume-168/issue-115/senate-section/article/S3270-2,7/13/22,Senate,168,115,S3270
"VERMONT STATE OF THE UNION ESSAY CONTEST FINALISTS; Congressional Record Vol. 167, No. 41",https://www.congress.gov/congressional-record/volume-167/issue-41/senate-section/article/S1117-2,3/4/21,Senate,167,41,S1117
"CORRECTING THE ENROLLMENT OF S. 2330; Congressional Record Vol. 166, No. 165",https://www.congress.gov/congressional-record/volume-166/issue-165/senate-section/article/S5825-1,9/23/20,Senate,166,165,S5825
"ADDITIONAL COSPONSORS; Congressional Record Vol. 164, No. 180",https://www.congress.gov/congressional-record/volume-164/issue-180/senate-section/article/S6964-2,11/14/18,Senate,164,180,S6964
"STATEMENTS ON INTRODUCED BILLS AND JOINT RESOLUTIONS; Congressional Record Vol. 163, No. 186",https://www.congress.gov/congressional-record/volume-163/issue-186/senate-section/article/S7215-1,11/14/17,Senate,163,186,S7215
"VAWA TECHNICAL AMENDMENT ACT OF 2022; Congressional Record Vol. 168, No. 194",https://www.congress.gov/congressional-record/volume-168/issue-194/house-section/article/H9821-5,12/14/22,House,168,194,H9821
"PUBLIC BILLS AND RESOLUTIONS; Congressional Record Vol. 167, No. 179",https://www.congress.gov/congressional-record/volume-167/issue-179/house-section/article/H5630-1,10/12/21,House,167,179,H5630
"TRANSGENDER DAY OF REMEMBRANCE; Congressional Record Vol. 165, No. 186",https://www.congress.gov/congressional-record/volume-165/issue-186/house-section/article/H9110-1,11/20/19,House,165,186,H9110
"PUBLIC BILLS AND RESOLUTIONS; Congressional Record Vol. 165, No. 97",https://www.congress.gov/congressional-record/volume-165/issue-97/house-section/article/H4431-2,6/11/19,House,165,97,H4431
"HONORING DARCY J. DAVIS; Congressional Record Vol. 168, No. 127",https://www.congress.gov/congressional-record/volume-168/issue-127/extensions-of-remarks-section/article/E803-6,7/29/22,Extensions of Remarks,168,127,E803
"HONORING LOVE THY CITY DAY IN TYLER, TEXAS; Congressional Record Vol. 171, No. 123",https://www.congress.gov/congressional-record/volume-171/issue-123/extensions-of-remarks-section/article/E686-1,7/17/25,Extensions of Remarks,171,123,E686
"RECOGNIZING THE SERVICE AND HONOR OF SEAMAN ANGELINA PETRA RESENDIZ; Congressional Record Vol. 171, No. 108",https://www.congress.gov/congressional-record/volume-171/issue-108/extensions-of-remarks-section/article/E615-1,6/24/25,Extensions of Remarks,171,108,E615
"HONORING PINYI WANG; Congressional Record Vol. 170, No. 190",https://www.congress.gov/congressional-record/volume-170/issue-190/extensions-of-remarks-section/article/E1322-1,12/20/24,Extensions of Remarks,170,190,E1322
"HONORING THE 2023 WOMEN OF THE YEAR: ADJOA McDONALD; Congressional Record Vol. 169, No. 164",https://www.congress.gov/congressional-record/volume-169/issue-164/extensions-of-remarks-section/article/E941-2,10/6/23,Extensions of Remarks,169,164,E941
"RECOGNIZING THE YWCA USA, INC.; Congressional Record Vol. 164, No. 201",https://www.congress.gov/congressional-record/volume-164/issue-201/extensions-of-remarks-section/article/E1721-6,12/20/18,Extensions of Remarks,164,201,E1721
"TRIBUTE TO MS. FLORENCE BASS; Congressional Record Vol. 164, No. 81",https://www.congress.gov/congressional-record/volume-164/issue-81/extensions-of-remarks-section/article/E675-1,5/17/18,Extensions of Remarks,164,81,E675
"HONORING DESIREE S. MATTHEWS AS A DISTINGUISHED LEADER IN CENTRAL FLORIDA FOR CARIBBEAN HERITAGE MONTH; Congressional Record Vol. 169, No. 112",https://www.congress.gov/congressional-record/volume-169/issue-112/extensions-of-remarks-section/article/E617-3,6/27/23,Extensions of Remarks,169,112,E617
"INTRODUCTION OF THE COMBATING IMPLICIT BIAS IN EDUCATION ACT; Congressional Record Vol. 168, No. 26",https://www.congress.gov/congressional-record/volume-168/issue-26/extensions-of-remarks-section/article/E135-4,2/9/22,Extensions of Remarks,168,26,E135
"MEASURES REFERRED; Congressional Record Vol. 172, No. 87",https://www.congress.gov/congressional-record/volume-172/issue-87/senate-section/article/S2442-1,5/21/26,Senate,172,87,S2442
"MEASURES REFERRED; Congressional Record Vol. 165, No. 145",https://www.congress.gov/congressional-record/volume-165/issue-145/senate-section/article/S5443-5,9/11/19,Senate,165,145,S5443
"INTRODUCTION OF BILLS AND JOINT RESOLUTIONS; Congressional Record Vol. 171, No. 170",https://www.congress.gov/congressional-record/volume-171/issue-170/senate-section/article/S7139-1,10/15/25,Senate,171,170,S7139
"Text of Senate Amendment 3977; Congressional Record Vol. 164, No. 140",https://www.congress.gov/congressional-record/volume-164/issue-140/senate-section/article/S5854-5,8/22/18,Senate,164,140,S5854
"LOVE THY CITY INITIATIVE; Congressional Record Vol. 171, No. 123",https://www.congress.gov/congressional-record/volume-171/issue-123/house-section/article/H3372-2,7/17/25,House,171,123,H3372
"RECOGNIZING LATRICE POWELL; Congressional Record Vol. 167, No. 52",https://www.congress.gov/congressional-record/volume-167/issue-52/house-section/article/H1603-2,3/19/21,House,167,52,H1603
"APPRECIATING INDIA; Congressional Record Vol. 165, No. 206",https://www.congress.gov/congressional-record/volume-165/issue-206/house-section/article/H12286-3,12/19/19,House,165,206,H12286
"DOMESTIC VIOLENCE AWARENESS MONTH; Congressional Record Vol. 163, No. 173",https://www.congress.gov/congressional-record/volume-163/issue-173/house-section/article/H8258-3,10/26/17,House,163,173,H8258
"AMERICA NEEDS A RAISE; Congressional Record Vol. 163, No. 91",https://www.congress.gov/congressional-record/volume-163/issue-91/house-section/article/H4592-4,5/25/17,House,163,91,H4592
"Nomination of Daniel E. Burrows (Executive Session); Congressional Record Vol. 172, No. 28",https://www.congress.gov/congressional-record/volume-172/issue-28/senate-section/article/S542-2,2/10/26,Senate,172,28,S542
"RECOGNIZING NORDONIA HIGH SCHOOL GIRLS FLAG FOOTBALL TEAM; Congressional Record Vol. 172, No. 95",https://www.congress.gov/congressional-record/volume-172/issue-95/house-section/article/H3840-3,6/4/26,House,172,95,H3840
"SIX MONTHS OF AMERICA FIRST LEADERSHIP; Congressional Record Vol. 171, No. 126",https://www.congress.gov/congressional-record/volume-171/issue-126/house-section/article/H3625-4,7/23/25,House,171,126,H3625
"GIRLS' SPORTS ARE UNDER THREAT IN CALIFORNIA; Congressional Record Vol. 171, No. 94",https://www.congress.gov/congressional-record/volume-171/issue-94/house-section/article/H2407-1,6/3/25,House,171,94,H2407
"HONORING SECRETARY MARCIA FUDGE ON HER RETIREMENT; Congressional Record Vol. 170, No. 49",https://www.congress.gov/congressional-record/volume-170/issue-49/house-section/article/H1247-6,3/20/24,House,170,49,H1247
"RECOGNIZING THE U.S. ARMY'S 54TH COAST ARTILLERY REGIMENT; Congressional Record Vol. 169, No. 110",https://www.congress.gov/congressional-record/volume-169/issue-110/house-section/article/H3132-3,6/23/23,House,169,110,H3132
"WOMEN SHOULD BE ALLOWED TO SERVE IN DIGNITY; Congressional Record Vol. 166, No. 130",https://www.congress.gov/congressional-record/volume-166/issue-130/house-section/article/H3829-2,7/23/20,House,166,130,H3829
"HONORING AMIT ELOR; Congressional Record Vol. 170, No. 143",https://www.congress.gov/congressional-record/volume-170/issue-143/extensions-of-remarks-section/article/E897-5,9/16/24,Extensions of Remarks,170,143,E897
"HONORING TAYLOR BURTCH; Congressional Record Vol. 168, No. 193",https://www.congress.gov/congressional-record/volume-168/issue-193/extensions-of-remarks-section/article/E1265-1,12/13/22,Extensions of Remarks,168,193,E1265
"IMPORTANCE OF MINORITY AND WOMEN OWNED BUSINESSES; Congressional Record Vol. 166, No. 214",https://www.congress.gov/congressional-record/volume-166/issue-214/extensions-of-remarks-section/article/E1172-4,12/17/20,Extensions of Remarks,166,214,E1172
"HONORING LENORA LAPIDUS; Congressional Record Vol. 165, No. 108",https://www.congress.gov/congressional-record/volume-165/issue-108/extensions-of-remarks-section/article/E852-1,6/26/19,Extensions of Remarks,165,108,E852
"LEGISLATIVE SESSION; Congressional Record Vol. 170, No. 187",https://www.congress.gov/congressional-record/volume-170/issue-187/senate-section/article/S7063-4,12/17/24,Senate,170,187,S7063
"RECOGNIZING THE 50TH ANNIVERSARY OF THE NATIONAL ORGANIZATION FOR WOMEN OF NEW JERSEY; Congressional Record Vol. 171, No. 198",https://www.congress.gov/congressional-record/volume-171/issue-198/extensions-of-remarks-section/article/E1124-3,11/25/25,Extensions of Remarks,171,198,E1124
"HONORING THE 2023 WOMEN OF THE YEAR: ANJALI RIMI; Congressional Record Vol. 169, No. 164",https://www.congress.gov/congressional-record/volume-169/issue-164/extensions-of-remarks-section/article/E937-2,10/6/23,Extensions of Remarks,169,164,E937
"RECOGNIZING NATIONAL LEAGUE OF CITIES' LESBIAN, GAY, BISEXUAL, TRANSGENDER LOCAL OFFICIALS CONSTITUENCY GROUP; Congressional Record Vol. 166, No. 7",https://www.congress.gov/congressional-record/volume-166/issue-7/extensions-of-remarks-section/article/E29-4,1/13/20,Extensions of Remarks,166,7,E29
"INTRODUCTION OF THE COMBATING IMPLICIT BIAS IN EDUCATION ACT; Congressional Record Vol. 164, No. 150",https://www.congress.gov/congressional-record/volume-164/issue-150/extensions-of-remarks-section/article/E1228-1,9/10/18,Extensions of Remarks,164,150,E1228
"DAY WITHOUT A WOMAN; Congressional Record Vol. 163, No. 40",https://www.congress.gov/congressional-record/volume-163/issue-40/extensions-of-remarks-section/article/E288-2,3/8/17,Extensions of Remarks,163,40,E288
"ISSUES OF THE DAY; Congressional Record Vol. 165, No. 78",https://www.congress.gov/congressional-record/volume-165/issue-78/house-section/article/H3719-4,5/10/19,House,165,78,H3719
"Text of Senate Amendment 989; Congressional Record Vol. 169, No. 125",https://www.congress.gov/congressional-record/volume-169/issue-125/senate-section/article/S3465-1,7/20/23,Senate,169,125,S3465
"Text of Senate Amendment 3971; Congressional Record Vol. 167, No. 190",https://www.congress.gov/congressional-record/volume-167/issue-190/senate-section/article/S7479-2,10/28/21,Senate,167,190,S7479
"Text of Senate Amendment 1636; Congressional Record Vol. 167, No. 87",https://www.congress.gov/congressional-record/volume-167/issue-87/senate-section/article/S3152-2,5/19/21,Senate,167,87,S3152
"Remembering Justice Ruth Bader Ginsburg (Executive Session); Congressional Record Vol. 166, No. 164",https://www.congress.gov/congressional-record/volume-166/issue-164/senate-section/article/S5736-1,9/22/20,Senate,166,164,S5736
"25TH ANNIVERSARY OF VIRGINIA ORGANIZING; Congressional Record Vol. 166, No. 139",https://www.congress.gov/congressional-record/volume-166/issue-139/senate-section/article/S4939-2,8/5/20,Senate,166,139,S4939
"NEUROFIBROMATOSIS AWARENESS DAY; Congressional Record Vol. 166, No. 91",https://www.congress.gov/congressional-record/volume-166/issue-91/senate-section/article/S2449-1,5/14/20,Senate,166,91,S2449
"Text of Senate Amendment 530; Congressional Record Vol. 165, No. 99",https://www.congress.gov/congressional-record/volume-165/issue-99/senate-section/article/S3534-1,6/13/19,Senate,165,99,S3534
"REPORTS OF COMMITTEES ON PUBLIC BILLS AND RESOLUTIONS; Congressional Record Vol. 171, No. 214",https://www.congress.gov/congressional-record/volume-171/issue-214/house-section/article/H6112-5,12/18/25,House,171,214,H6112
"PARENTS HAVE SACRED ROLE IN RAISING THEIR CHILDREN; Congressional Record Vol. 169, No. 44",https://www.congress.gov/congressional-record/volume-169/issue-44/house-section/article/H1198-3,3/8/23,House,169,44,H1198
"HONORING SUPREME COURT JUSTICE RUTH BADER GINSBURG; Congressional Record Vol. 166, No. 164",https://www.congress.gov/congressional-record/volume-166/issue-164/house-section/article/H4712-2,9/22/20,House,166,164,H4712
"WE DO NOT ALLOW DISCRIMINATION; Congressional Record Vol. 165, No. 82",https://www.congress.gov/congressional-record/volume-165/issue-82/house-section/article/H3851-6,5/16/19,House,165,82,H3851
"EQUAL PAY DAY; Congressional Record Vol. 165, No. 57",https://www.congress.gov/congressional-record/volume-165/issue-57/house-section/article/H2975-1,4/2/19,House,165,57,H2975
"HONORING DR. MARTIN LUTHER KING, JR.; Congressional Record Vol. 164, No. 50",https://www.congress.gov/congressional-record/volume-164/issue-50/house-section/article/H2030-7,3/22/18,House,164,50,H2030
"OUR MILITARY DESERVES BETTER; Congressional Record Vol. 163, No. 126",https://www.congress.gov/congressional-record/volume-163/issue-126/house-section/article/H6306-1,7/26/17,House,163,126,H6306
"SHINING A LIGHT ON THE INJUSTICES BLACK WOMEN FACE IN OUR NATION; Congressional Record Vol. 170, No. 187",https://www.congress.gov/congressional-record/volume-170/issue-187/house-section/article/H7246-6,12/17/24,House,170,187,H7246
"PERSONAL EXPLANATION; Congressional Record Vol. 169, No. 54",https://www.congress.gov/congressional-record/volume-169/issue-54/extensions-of-remarks-section/article/E254-3,3/24/23,Extensions of Remarks,169,54,E254
"REMEMBERING SARAH MILGRIM AND YARON LISCHINSKY; Congressional Record Vol. 172, No. 79",https://www.congress.gov/congressional-record/volume-172/issue-79/extensions-of-remarks-section/article/E423-3,5/11/26,Extensions of Remarks,172,79,E423
"CELEBRATING THE ACTIVISM OF CARIN MROTZ; Congressional Record Vol. 171, No. 209",https://www.congress.gov/congressional-record/volume-171/issue-209/extensions-of-remarks-section/article/E1183-1,12/11/25,Extensions of Remarks,171,209,E1183
"RECOGNIZING DR. QAUMANIQ SUUQIINA; Congressional Record Vol. 170, No. 150",https://www.congress.gov/congressional-record/volume-170/issue-150/extensions-of-remarks-section/article/E967-3,9/25/24,Extensions of Remarks,170,150,E967
"HONORING THE RETIREMENT OF MEGAN RAPINOE; Congressional Record Vol. 169, No. 166",https://www.congress.gov/congressional-record/volume-169/issue-166/extensions-of-remarks-section/article/E951-1,10/11/23,Extensions of Remarks,169,166,E951
"RECOGNIZING MICHAEL GOODNOW; Congressional Record Vol. 169, No. 132",https://www.congress.gov/congressional-record/volume-169/issue-132/extensions-of-remarks-section/article/E751-4,8/1/23,Extensions of Remarks,169,132,E751
"INTRODUCTION OF THE SALARY TRANSPARENCY ACT; Congressional Record Vol. 168, No. 35",https://www.congress.gov/congressional-record/volume-168/issue-35/extensions-of-remarks-section/article/E177-1,2/25/22,Extensions of Remarks,168,35,E177
"CONGRESSIONAL RECOGNITION OF MONICA KATRICE ROBERTS; Congressional Record Vol. 166, No. 186",https://www.congress.gov/congressional-record/volume-166/issue-186/extensions-of-remarks-section/article/E999-3,10/30/20,Extensions of Remarks,166,186,E999
"MEDICAL WOMEN'S INTERNATIONAL ASSOCIATION; Congressional Record Vol. 165, No. 132",https://www.congress.gov/congressional-record/volume-165/issue-132/extensions-of-remarks-section/article/E1030-2,8/2/19,Extensions of Remarks,165,132,E1030
"CONGRATULATING GWEN TOMBERGS ON WINNING THE QUAD-CITIES ATHENA LEADERSHIP AWARD; Congressional Record Vol. 165, No. 75",https://www.congress.gov/congressional-record/volume-165/issue-75/extensions-of-remarks-section/article/E549-2,5/7/19,Extensions of Remarks,165,75,E549
"HONORING THE LIFE OF DIONNE BAGSBY; Congressional Record Vol. 165, No. 14",https://www.congress.gov/congressional-record/volume-165/issue-14/extensions-of-remarks-section/article/E75-3,1/23/19,Extensions of Remarks,165,14,E75
"ATLANTA STUDENTS WINNING PRIZE IN C-SPAN VIDEO DOCUMENTARY COMPETITION); Congressional Record Vol. 164, No. 63",https://www.congress.gov/congressional-record/volume-164/issue-63/extensions-of-remarks-section/article/E502-3,4/18/18,Extensions of Remarks,164,63,E502
"TESTIMONY OF ANNA GOLDFARB; Congressional Record Vol. 163, No. 207",https://www.congress.gov/congressional-record/volume-163/issue-207/extensions-of-remarks-section/article/E1727-5,12/19/17,Extensions of Remarks,163,207,E1727
"2017 WOMAN OF THE YEAR AWARD WINNER--SUSAN SCHWARTZ; Congressional Record Vol. 163, No. 181",https://www.congress.gov/congressional-record/volume-163/issue-181/extensions-of-remarks-section/article/E1525-4,11/7/17,Extensions of Remarks,163,181,E1525
"IN RECOGNITION OF RICHMOND FREE PRESS; Congressional Record Vol. 163, No. 25",https://www.congress.gov/congressional-record/volume-163/issue-25/extensions-of-remarks-section/article/E180-1,2/13/17,Extensions of Remarks,163,25,E180
"TRIBUTE TO CONGREGATION KOL AMI; Congressional Record Vol. 169, No. 60",https://www.congress.gov/congressional-record/volume-169/issue-60/extensions-of-remarks-section/article/E295-3,4/6/23,Extensions of Remarks,169,60,E295
"HONORING DEBRA NESS AND HER OUTSTANDING CONTRIBUTIONS TO THE NATIONAL PARTNERSHIP FOR WOMEN; Congressional Record Vol. 167, No. 62",https://www.congress.gov/congressional-record/volume-167/issue-62/extensions-of-remarks-section/article/E373-1,4/12/21,Extensions of Remarks,167,62,E373
"INTRODUCTION OF THE COMBATING IMPLICIT BIAS IN EDUCATION ACT; Congressional Record Vol. 165, No. 166",https://www.congress.gov/congressional-record/volume-165/issue-166/extensions-of-remarks-section/article/E1314-1,10/21/19,Extensions of Remarks,165,166,E1314
"VISIT WITH HIS DIVINE HOLINESS HARIPRASAD SWAMIJI MAHARAJ AT THE JAIN TEMPLE OF CHICAGO ON AUGUST 12TH; Congressional Record Vol. 163, No. 130",https://www.congress.gov/congressional-record/volume-163/issue-130/extensions-of-remarks-section/article/E1107-2,8/1/17,Extensions of Remarks,163,130,E1107
"PRAYER; Congressional Record Vol. 169, No. 177",https://www.congress.gov/congressional-record/volume-169/issue-177/house-section/article/H5109-2,10/26/23,House,169,177,H5109
"RECOGNIZING THE SIGNIFICANCE OF EQUAL PAY AND THE DISPARITY IN WAGES PAID TO MEN AND TO BLACK WOMEN; Congressional Record Vol. 167, No. 138",https://www.congress.gov/congressional-record/volume-167/issue-138/extensions-of-remarks-section/article/E869-3,8/3/21,Extensions of Remarks,167,138,E869
"REMEMBERING BEVERLY BYRON; Congressional Record Vol. 171, No. 36",https://www.congress.gov/congressional-record/volume-171/issue-36/senate-section/article/S1310-1,2/24/25,Senate,171,36,S1310
"MESSAGE FROM THE HOUSE; Congressional Record Vol. 165, No. 145",https://www.congress.gov/congressional-record/volume-165/issue-145/senate-section/article/S5443-4,9/11/19,Senate,165,145,S5443
"Text of Senate Amendment 1347; Congressional Record Vol. 163, No. 168",https://www.congress.gov/congressional-record/volume-163/issue-168/senate-section/article/S6582-1,10/18/17,Senate,163,168,S6582
"Text of Senate Amendment 120; Congressional Record Vol. 163, No. 7",https://www.congress.gov/congressional-record/volume-163/issue-7/senate-section/article/S283-7,1/11/17,Senate,163,7,S283
"PUBLIC BILLS AND RESOLUTIONS; Congressional Record Vol. 168, No. 204",https://www.congress.gov/congressional-record/volume-168/issue-204/house-section/article/H10550-1,1/3/23,House,168,204,H10550
"REPORTS OF COMMITTEES ON PUBLIC BILLS AND RESOLUTIONS; Congressional Record Vol. 168, No. 195",https://www.congress.gov/congressional-record/volume-168/issue-195/house-section/article/H9901-2,12/15/22,House,168,195,H9901
"SENATE RESOLUTION 270--DESIGNATING JULY 15, 2023, AS ``NATIONAL LEIOMYOSARCOMA AWARENESS DAY''; Congressional Record Vol. 169, No. 109",https://www.congress.gov/congressional-record/volume-169/issue-109/senate-section/article/S2238-2,6/22/23,Senate,169,109,S2238
"Text of Senate Amendment 5638; Congressional Record Vol. 168, No. 153",https://www.congress.gov/congressional-record/volume-168/issue-153/senate-section/article/S5028-3,9/22/22,Senate,168,153,S5028
"Text of Senate Amendment 3867; Congressional Record Vol. 164, No. 139",https://www.congress.gov/congressional-record/volume-164/issue-139/senate-section/article/S5778-4,8/21/18,Senate,164,139,S5778
"RECOGNIZING TRANSGENDER DAY OF REMEMBRANCE; Congressional Record Vol. 166, No. 197",https://www.congress.gov/congressional-record/volume-166/issue-197/house-section/article/H5941-1,11/19/20,House,166,197,H5941
"RECOGNIZING CHAMPION OF THE WEEK RIYA HEGDE; Congressional Record Vol. 170, No. 61",https://www.congress.gov/congressional-record/volume-170/issue-61/house-section/article/H2263-4,4/10/24,House,170,61,H2263
"MARKING THE CENTENNIAL OF PASSAGE OF 19TH AMENDMENT IN THE U.S. HOUSE OF REPRESENTATIVES; Congressional Record Vol. 165, No. 85",https://www.congress.gov/congressional-record/volume-165/issue-85/house-section/article/H4015-3,5/21/19,House,165,85,H4015
"IN HONOR OF THE VICTIMS OF THE SHOOTING AT THE INDIANAPOLIS FEDEX FACILITY; Congressional Record Vol. 167, No. 71",https://www.congress.gov/congressional-record/volume-167/issue-71/extensions-of-remarks-section/article/E452-1,4/26/21,Extensions of Remarks,167,71,E452
"COMMERCE, JUSTICE, SCIENCE, AND RELATED AGENCIES APPROPRIATIONS ACT, 2020; Congressional Record Vol. 165, No. 106",https://www.congress.gov/congressional-record/volume-165/issue-106/house-section/article/H5047-2,6/24/19,House,165,106,H5047
"INTRODUCTION OF BILLS AND JOINT RESOLUTIONS; Congressional Record Vol. 171, No. 19",https://www.congress.gov/congressional-record/volume-171/issue-19/senate-section/article/S479-4,1/29/25,Senate,171,19,S479
"ADDITIONAL COSPONSORS; Congressional Record Vol. 166, No. 165",https://www.congress.gov/congressional-record/volume-166/issue-165/senate-section/article/S5833-2,9/23/20,Senate,166,165,S5833
"ADDITIONAL COSPONSORS; Congressional Record Vol. 164, No. 56",https://www.congress.gov/congressional-record/volume-164/issue-56/senate-section/article/S2012-9,4/9/18,Senate,164,56,S2012
"PUBLIC BILLS AND RESOLUTIONS; Congressional Record Vol. 171, No. 109",https://www.congress.gov/congressional-record/volume-171/issue-109/house-section/article/H2968-3,6/25/25,House,171,109,H2968
"PUBLIC BILLS AND RESOLUTIONS; Congressional Record Vol. 168, No. 107",https://www.congress.gov/congressional-record/volume-168/issue-107/house-section/article/H5877-1,6/23/22,House,168,107,H5877
"WOMEN IN AEROSPACE EDUCATION ACT; Congressional Record Vol. 163, No. 206",https://www.congress.gov/congressional-record/volume-163/issue-206/house-section/article/H10160-1,12/18/17,House,163,206,H10160
"HONORING RIVER ROCK OUTFITTER; Congressional Record Vol. 169, No. 185",https://www.congress.gov/congressional-record/volume-169/issue-185/extensions-of-remarks-section/article/E1077-1,11/8/23,Extensions of Remarks,169,185,E1077
"RECOGNIZING SRI VIJAYESHWARI DEVI; Congressional Record Vol. 164, No. 113",https://www.congress.gov/congressional-record/volume-164/issue-113/extensions-of-remarks-section/article/E975-3,7/6/18,Extensions of Remarks,164,113,E975
"U.S. Armed Forces (Executive Calendar); Congressional Record Vol. 169, No. 40",https://www.congress.gov/congressional-record/volume-169/issue-40/senate-section/article/S625-5,3/2/23,Senate,169,40,S625
"ADDITIONAL COSPONSORS; Congressional Record Vol. 168, No. 68",https://www.congress.gov/congressional-record/volume-168/issue-68/senate-section/article/S2154-2,4/26/22,Senate,168,68,S2154
"ADDITIONAL COSPONSORS; Congressional Record Vol. 167, No. 133",https://www.congress.gov/congressional-record/volume-167/issue-133/senate-section/article/S5177-2,7/29/21,Senate,167,133,S5177
"Nomination of Elizabeth Darling (Executive Session); Congressional Record Vol. 165, No. 130",https://www.congress.gov/congressional-record/volume-165/issue-130/senate-section/article/S5222-1,7/31/19,Senate,165,130,S5222
"Equality Act (Executive Session); Congressional Record Vol. 165, No. 98",https://www.congress.gov/congressional-record/volume-165/issue-98/senate-section/article/S3333-3,6/12/19,Senate,165,98,S3333
"Deputy Attorney General Rosenstein (Executive Session); Congressional Record Vol. 164, No. 66",https://www.congress.gov/congressional-record/volume-164/issue-66/senate-section/article/S2362-1,4/24/18,Senate,164,66,S2362
"VIETNAM VETERANS LIVER FLUKE CANCER STUDY ACT; Congressional Record Vol. 171, No. 62",https://www.congress.gov/congressional-record/volume-171/issue-62/house-section/article/H1435-1,4/7/25,House,171,62,H1435
"ADDRESSING IMPORTANT ISSUES AFFECTING AMERICANS; Congressional Record Vol. 170, No. 80",https://www.congress.gov/congressional-record/volume-170/issue-80/house-section/article/H2989-4,5/8/24,House,170,80,H2989
"ISSUES OF THE DAY; Congressional Record Vol. 169, No. 72",https://www.congress.gov/congressional-record/volume-169/issue-72/house-section/article/H2114-1,4/28/23,House,169,72,H2114
"HOLOCAUST REMEMBRANCE DAY; Congressional Record Vol. 168, No. 70",https://www.congress.gov/congressional-record/volume-168/issue-70/house-section/article/H4578-1,4/28/22,House,168,70,H4578
"PEER SUPPORT COUNSELING PROGRAM FOR WOMEN VETERANS; Congressional Record Vol. 164, No. 98",https://www.congress.gov/congressional-record/volume-164/issue-98/house-section/article/H5137-1,6/13/18,House,164,98,H5137
"RECOGNIZING HENRY BERG-BROUSSEAU; Congressional Record Vol. 169, No. 109",https://www.congress.gov/congressional-record/volume-169/issue-109/house-section/article/H3099-2,6/22/23,House,169,109,H3099
"HONORING THE 140TH ANNIVERSARY OF BETH SHALOM CONGREGATION; Congressional Record Vol. 171, No. 144",https://www.congress.gov/congressional-record/volume-171/issue-144/extensions-of-remarks-section/article/E805-4,9/3/25,Extensions of Remarks,171,144,E805
"CONGRATULATING THE WORK AND DEDICATION OF CAROL HAMILTON; Congressional Record Vol. 171, No. 73",https://www.congress.gov/congressional-record/volume-171/issue-73/extensions-of-remarks-section/article/E373-6,5/1/25,Extensions of Remarks,171,73,E373
"HONORING THE CONTRIBUTIONS OF MR. JOHN McKENZIE; Congressional Record Vol. 169, No. 204",https://www.congress.gov/congressional-record/volume-169/issue-204/extensions-of-remarks-section/article/E1210-2,12/12/23,Extensions of Remarks,169,204,E1210
"POST OFFICE RENAMING THE ``LYNN C. WOOLSEY POST OFFICE BUILDING''; Congressional Record Vol. 168, No. 26",https://www.congress.gov/congressional-record/volume-168/issue-26/extensions-of-remarks-section/article/E135-3,2/9/22,Extensions of Remarks,168,26,E135
"CENTENNIAL OF AMERICAN LEGION EARL GRAHAM POST 159; Congressional Record Vol. 166, No. 135",https://www.congress.gov/congressional-record/volume-166/issue-135/extensions-of-remarks-section/article/E701-4,7/30/20,Extensions of Remarks,166,135,E701
"SUPPORTING THE DBE PROGRAM; Congressional Record Vol. 166, No. 126",https://www.congress.gov/congressional-record/volume-166/issue-126/extensions-of-remarks-section/article/E640-3,7/16/20,Extensions of Remarks,166,126,E640
"IOWAN OF THE WEEK--KRISTI MYERS; Congressional Record Vol. 166, No. 23",https://www.congress.gov/congressional-record/volume-166/issue-23/extensions-of-remarks-section/article/E127-1,2/4/20,Extensions of Remarks,166,23,E127
"HONORING HER HOLINESS YUGA NAYAKI KARUNAMAYI AMMA; Congressional Record Vol. 164, No. 115",https://www.congress.gov/congressional-record/volume-164/issue-115/extensions-of-remarks-section/article/E986-4,7/10/18,Extensions of Remarks,164,115,E986
"HONORING JENNIFER GONZALEZ; Congressional Record Vol. 164, No. 61",https://www.congress.gov/congressional-record/volume-164/issue-61/extensions-of-remarks-section/article/E468-2,4/16/18,Extensions of Remarks,164,61,E468
"Introductory Statement on S. 4119; Congressional Record Vol. 170, No. 64",https://www.congress.gov/congressional-record/volume-170/issue-64/senate-section/article/S2742-2,4/15/24,Senate,170,64,S2742
"Introductory Statement on S. 4119; Congressional Record Vol. 170, No. 65",https://www.congress.gov/congressional-record/volume-170/issue-65/senate-section/article/S2742-2,4/15/24,Senate,170,65,S2742
"COMMEMORATING THE LIFE AND SERVICE OF U.S. CONGRESSWOMAN PATSY MINK OF HAWAII ON THE 50TH ANNIVERSARY OF TITLE IX; Congressional Record Vol. 168, No. 107",https://www.congress.gov/congressional-record/volume-168/issue-107/extensions-of-remarks-section/article/E659-4,6/23/22,Extensions of Remarks,168,107,E659
"IN RECOGNITION OF NATIONAL SARCOIDOSIS AWARENESS MONTH; Congressional Record Vol. 165, No. 70",https://www.congress.gov/congressional-record/volume-165/issue-70/extensions-of-remarks-section/article/E511-1,4/30/19,Extensions of Remarks,165,70,E511
"COMBATTING SEXUAL HARASSMENT IN SCIENCE ACT OF 2019; Congressional Record Vol. 165, No. 1",https://www.congress.gov/congressional-record/volume-165/issue-1/extensions-of-remarks-section/article/E2-2,1/3/19,Extensions of Remarks,165,1,E2
"PERSECUTION OF THE BAHA'I; Congressional Record Vol. 164, No. 200",https://www.congress.gov/congressional-record/volume-164/issue-200/extensions-of-remarks-section/article/E1687-3,12/19/18,Extensions of Remarks,164,200,E1687
"HONORING THE LIFE OF MS. BESSIE ALEXANDER RUSSELL; Congressional Record Vol. 164, No. 104",https://www.congress.gov/congressional-record/volume-164/issue-104/extensions-of-remarks-section/article/E893-2,6/21/18,Extensions of Remarks,164,104,E893
"LEGISLATIVE SESSION; Congressional Record Vol. 168, No. 199",https://www.congress.gov/congressional-record/volume-168/issue-199/senate-section/article/S9756-4,12/21/22,Senate,168,199,S9756
"LEGISLATIVE SESSION; Congressional Record Vol. 168, No. 199",https://www.congress.gov/congressional-record/volume-168/issue-199/senate-section/article/S9756-3,12/21/22,Senate,168,199,S9756
"STATEMENTS ON INTRODUCED BILLS AND JOINT RESOLUTIONS; Congressional Record Vol. 163, No. 3",https://www.congress.gov/congressional-record/volume-163/issue-3/senate-section/article/S114-1,1/5/17,Senate,163,3,S114
"SUBMITTED RESOLUTIONS; Congressional Record Vol. 170, No. 124",https://www.congress.gov/congressional-record/volume-170/issue-124/senate-section/article/S5587-4,7/30/24,Senate,170,124,S5587
"WOMEN'S HISTORY MONTH; Congressional Record Vol. 168, No. 47",https://www.congress.gov/congressional-record/volume-168/issue-47/house-section/article/H3768-1,3/16/22,House,168,47,H3768
"Daily Digest/House of Representatives; Congressional Record Vol. 167, No. 36",https://www.congress.gov/congressional-record/volume-167/issue-36/daily-digest/article/D163-1,2/25/21,Daily Digest,167,36,D163
"HONORING OFFICER GARRETT CRUMBY; Congressional Record Vol. 169, No. 65",https://www.congress.gov/congressional-record/volume-169/issue-65/senate-section/article/S1249-2,4/19/23,Senate,169,65,S1249
"Text of Senate Amendment 1051; Congressional Record Vol. 163, No. 148",https://www.congress.gov/congressional-record/volume-163/issue-148/senate-section/article/S5700-4,9/13/17,Senate,163,148,S5700
"CYSTINURIA AWARENESS DAY; Congressional Record Vol. 163, No. 124",https://www.congress.gov/congressional-record/volume-163/issue-124/senate-section/article/S4135-1,7/24/17,Senate,163,124,S4135
"ENSURING VETERANS' SMOOTH TRANSITION ACT; Congressional Record Vol. 168, No. 13",https://www.congress.gov/congressional-record/volume-168/issue-13/house-section/article/H257-3,1/20/22,House,168,13,H257
"PROVIDING EQUAL PROTECTION FOR ALL; Congressional Record Vol. 167, No. 50",https://www.congress.gov/congressional-record/volume-167/issue-50/house-section/article/H1483-5,3/17/21,House,167,50,H1483
"OPIOID AND HEROIN ADDICTION; Congressional Record Vol. 163, No. 106",https://www.congress.gov/congressional-record/volume-163/issue-106/house-section/article/H4998-1,6/21/17,House,163,106,H4998
"Nomination of Ana C. Reyes (Executive Session); Congressional Record Vol. 169, No. 31",https://www.congress.gov/congressional-record/volume-169/issue-31/senate-section/article/S408-3,2/15/23,Senate,169,31,S408
"NOMINATION OF RACHEL LELAND LEVINE; Congressional Record Vol. 167, No. 55",https://www.congress.gov/congressional-record/volume-167/issue-55/senate-section/article/S1724-1,3/24/21,Senate,167,55,S1724
"EFFECTS OF THE OPIOID EPIDEMIC; Congressional Record Vol. 164, No. 99",https://www.congress.gov/congressional-record/volume-164/issue-99/house-section/article/H5156-1,6/14/18,House,164,99,H5156
"RESPECT FOR MARRIAGE ACT--Continued; Congressional Record Vol. 168, No. 183",https://www.congress.gov/congressional-record/volume-168/issue-183/senate-section/article/S6833-2,11/29/22,Senate,168,183,S6833
"ESG DISCLOSURE SIMPLIFICATION ACT OF 2021; Congressional Record Vol. 167, No. 105",https://www.congress.gov/congressional-record/volume-167/issue-105/house-section/article/H2830-4,6/16/21,House,167,105,H2830
"PERSONAL EXPLANATION; Congressional Record Vol. 169, No. 130",https://www.congress.gov/congressional-record/volume-169/issue-130/extensions-of-remarks-section/article/E732-5,7/27/23,Extensions of Remarks,169,130,E732
"HONORING THE LIFE AND LEGACY OF CLAIRE HALL; Congressional Record Vol. 172, No. 8",https://www.congress.gov/congressional-record/volume-172/issue-8/extensions-of-remarks-section/article/E27-2,1/12/26,Extensions of Remarks,172,8,E27
"HONORING CLINTON McCRACKEN AS A DISTINGUISHED LEADER IN CENTRAL FLORIDA FOR PRIDE MONTH; Congressional Record Vol. 170, No. 157",https://www.congress.gov/congressional-record/volume-170/issue-157/extensions-of-remarks-section/article/E1050-2,10/18/24,Extensions of Remarks,170,157,E1050
"REMEMBERING AND HONORING MAHSA AMINI; Congressional Record Vol. 170, No. 142",https://www.congress.gov/congressional-record/volume-170/issue-142/extensions-of-remarks-section/article/E891-5,9/12/24,Extensions of Remarks,170,142,E891
"CELEBRATING THE 250TH ANNIVERSARY OF THE SHAKERS IN AMERICA; Congressional Record Vol. 170, No. 120",https://www.congress.gov/congressional-record/volume-170/issue-120/extensions-of-remarks-section/article/E767-3,7/24/24,Extensions of Remarks,170,120,E767
"HONORING WAIKINYA CLANTON; Congressional Record Vol. 169, No. 99",https://www.congress.gov/congressional-record/volume-169/issue-99/extensions-of-remarks-section/article/E531-2,6/7/23,Extensions of Remarks,169,99,E531
"HONORING THE LIFE OF JULIA REICHERT; Congressional Record Vol. 168, No. 194",https://www.congress.gov/congressional-record/volume-168/issue-194/extensions-of-remarks-section/article/E1290-1,12/14/22,Extensions of Remarks,168,194,E1290
"RECOGNIZING CHEF CAROLINE GLOVER; Congressional Record Vol. 168, No. 121",https://www.congress.gov/congressional-record/volume-168/issue-121/extensions-of-remarks-section/article/E765-4,7/21/22,Extensions of Remarks,168,121,E765
"CELEBRATING THE 150TH ANNIVERSARY OF JEWISH FAMILY SERVICES; Congressional Record Vol. 168, No. 22",https://www.congress.gov/congressional-record/volume-168/issue-22/extensions-of-remarks-section/article/E106-3,2/3/22,Extensions of Remarks,168,22,E106
"CELEBRATING THE LIFE OF MS. ELAINE SHAMIR; Congressional Record Vol. 166, No. 200",https://www.congress.gov/congressional-record/volume-166/issue-200/extensions-of-remarks-section/article/E1071-2,11/27/20,Extensions of Remarks,166,200,E1071
"HONORING THE LIFE OF JOEL STEPHEN FASS; Congressional Record Vol. 165, No. 129",https://www.congress.gov/congressional-record/volume-165/issue-129/extensions-of-remarks-section/article/E1008-4,7/30/19,Extensions of Remarks,165,129,E1008
"SAFE FROM THE START ACT OF 2019; Congressional Record Vol. 165, No. 129",https://www.congress.gov/congressional-record/volume-165/issue-129/extensions-of-remarks-section/article/E1010-3,7/30/19,Extensions of Remarks,165,129,E1010
"HONORING THE LIFE OF DR. BERNICE ``BUNNY'' SANDLER; Congressional Record Vol. 165, No. 105",https://www.congress.gov/congressional-record/volume-165/issue-105/extensions-of-remarks-section/article/E817-5,6/21/19,Extensions of Remarks,165,105,E817
"INTRODUCTION OF NATIONAL STATISTICS ON DEADLY FORCE TRANSPARENCY ACT; Congressional Record Vol. 165, No. 1",https://www.congress.gov/congressional-record/volume-165/issue-1/extensions-of-remarks-section/article/E4-1,1/3/19,Extensions of Remarks,165,1,E4
"CONGRATULATING AZERBAIJAN ON ITS CENTENNIAL REPUBLIC DAY; Congressional Record Vol. 164, No. 92",https://www.congress.gov/congressional-record/volume-164/issue-92/extensions-of-remarks-section/article/E774-5,6/5/18,Extensions of Remarks,164,92,E774
"HONORING THE LIFE OF EMILY ANNE STAPLES TUTTLE; Congressional Record Vol. 164, No. 24",https://www.congress.gov/congressional-record/volume-164/issue-24/extensions-of-remarks-section/article/E153-5,2/7/18,Extensions of Remarks,164,24,E153
"2017 WOMAN OF THE YEAR AWARD WINNER--JEANNIE KLEVER; Congressional Record Vol. 163, No. 178",https://www.congress.gov/congressional-record/volume-163/issue-178/extensions-of-remarks-section/article/E1491-1,11/2/17,Extensions of Remarks,163,178,E1491
"WOMEN, PEACE, AND SECURITY ACT OF 2017; Congressional Record Vol. 163, No. 155",https://www.congress.gov/congressional-record/volume-163/issue-155/extensions-of-remarks-section/article/E1280-3,9/27/17,Extensions of Remarks,163,155,E1280
"INTRODUCTION OF DEADLY FORCE TRANSPARENCY ACT; Congressional Record Vol. 163, No. 13",https://www.congress.gov/congressional-record/volume-163/issue-13/extensions-of-remarks-section/article/E84-5,1/24/17,Extensions of Remarks,163,13,E84
"RECOGNIZING MARCH AS DEVELOPMENTAL DISABILITIES AWARENESS MONTH; Congressional Record Vol. 171, No. 56",https://www.congress.gov/congressional-record/volume-171/issue-56/extensions-of-remarks-section/article/E257-2,3/27/25,Extensions of Remarks,171,56,E257
"HONORING THE KIWANIS CLUB OF SANTA ANA; Congressional Record Vol. 169, No. 182",https://www.congress.gov/congressional-record/volume-169/issue-182/extensions-of-remarks-section/article/E1057-1,11/3/23,Extensions of Remarks,169,182,E1057
"HONORING THE HONORABLE SHIRLEY ANITA ST. HILL CHISHOLM; Congressional Record Vol. 168, No. 26",https://www.congress.gov/congressional-record/volume-168/issue-26/extensions-of-remarks-section/article/E134-3,2/9/22,Extensions of Remarks,168,26,E134
"IN HONOR OF TEXAS WOMAN'S UNIVERSITY'S CELEBRATION OF TEXAS' CENTENNIAL RATIFICATION OF THE 19TH AMENDMENT; Congressional Record Vol. 165, No. 99",https://www.congress.gov/congressional-record/volume-165/issue-99/extensions-of-remarks-section/article/E769-4,6/13/19,Extensions of Remarks,165,99,E769
"RECOGNIZING GLORIA CORDES LARSON; Congressional Record Vol. 164, No. 97",https://www.congress.gov/congressional-record/volume-164/issue-97/extensions-of-remarks-section/article/E823-3,6/12/18,Extensions of Remarks,164,97,E823
"Text of Senate Amendment 3293; Congressional Record Vol. 171, No. 132",https://www.congress.gov/congressional-record/volume-171/issue-132/senate-section/article/S5091-1,7/31/25,Senate,171,132,S5091
"Text of Senate Amendment 2645; Congressional Record Vol. 170, No. 115",https://www.congress.gov/congressional-record/volume-170/issue-115/senate-section/article/S4961-1,7/11/24,Senate,170,115,S4961
"GEORGIA SHOOTINGS; Congressional Record Vol. 167, No. 50",https://www.congress.gov/congressional-record/volume-167/issue-50/senate-section/article/S1577-9,3/17/21,Senate,167,50,S1577
"REPORTS OF COMMITTEES ON PUBLIC BILLS AND RESOLUTIONS; Congressional Record Vol. 165, No. 114",https://www.congress.gov/congressional-record/volume-165/issue-114/house-section/article/H5301-1,7/9/19,House,165,114,H5301
"TRIBUTE TO LUDMYA ""MIA"" LOVE; Congressional Record Vol. 171, No. 42",https://www.congress.gov/congressional-record/volume-171/issue-42/senate-section/article/S1576-3,3/5/25,Senate,171,42,S1576
"Equal Rights Amendment (Executive Session); Congressional Record Vol. 169, No. 70",https://www.congress.gov/congressional-record/volume-169/issue-70/senate-section/article/S1354-1,4/26/23,Senate,169,70,S1354
"SENATE RESOLUTION 98--DECLARING MARCH 8, 2023, AS ``NATIONAL EMILY WARNER & WOMEN AIRLINE PILOTS DAY''; Congressional Record Vol. 169, No. 44",https://www.congress.gov/congressional-record/volume-169/issue-44/senate-section/article/S717-1,3/8/23,Senate,169,44,S717
"TRIBUTE TO CAROLINE DILLON; Congressional Record Vol. 165, No. 126",https://www.congress.gov/congressional-record/volume-165/issue-126/senate-section/article/S5100-3,7/25/19,Senate,165,126,S5100
"TRIBUTE TO DAVID PARKS; Congressional Record Vol. 165, No. 92",https://www.congress.gov/congressional-record/volume-165/issue-92/senate-section/article/S3159-3,6/3/19,Senate,165,92,S3159
"75TH ANNIVERSARY OF THE CONNECTICUT COMMISSION ON HUMAN RIGHTS AND OPPORTUNITIES; Congressional Record Vol. 164, No. 179",https://www.congress.gov/congressional-record/volume-164/issue-179/senate-section/article/S6912-3,11/13/18,Senate,164,179,S6912
"50th ANNIVERSARY OF THE FAIR HOUSING ACT; Congressional Record Vol. 164, No. 58",https://www.congress.gov/congressional-record/volume-164/issue-58/senate-section/article/S2068-1,4/11/18,Senate,164,58,S2068
"RECOGNIZING LAUREN MATTHEW OF WEST VALLEY HIGH SCHOOL STATE CHAMPION; Congressional Record Vol. 171, No. 100",https://www.congress.gov/congressional-record/volume-171/issue-100/house-section/article/H2619-4,6/11/25,House,171,100,H2619
"RECOGNIZING THE 38TH ANNIVERSARY OF ANTI-SIKH VIOLENCE IN INDIA; Congressional Record Vol. 168, No. 157",https://www.congress.gov/congressional-record/volume-168/issue-157/senate-section/article/S5220-1,9/28/22,Senate,168,157,S5220
"UNANIMOUS CONSENT REQUEST--EXECUTIVE CALENDAR; Congressional Record Vol. 164, No. 200",https://www.congress.gov/congressional-record/volume-164/issue-200/senate-section/article/S7863-1,12/19/18,Senate,164,200,S7863
"SENATE RESOLUTION 304--EXPRESSING THE SENSE OF THE SENATE THAT ENTREPRENEURSHIP ON THE PART OF MINORITY WOMEN-OWNED BUSINESSES SHOULD BE FULLY SUPPORTED AND ENCOURAGED; Congressional Record Vol. 163, No. 172",https://www.congress.gov/congressional-record/volume-163/issue-172/senate-section/article/S6818-2,10/25/17,Senate,163,172,S6818
"DEPARTMENTS OF LABOR, HEALTH AND HUMAN SERVICES, AND EDUCATION, AND RELATED AGENCIES APPROPRIATIONS ACT, 2020; Congressional Record Vol. 165, No. 99",https://www.congress.gov/congressional-record/volume-165/issue-99/house-section/article/H4640-1,6/13/19,House,165,99,H4640
"Daily Digest/House of Representatives; Congressional Record Vol. 169, No. 120",https://www.congress.gov/congressional-record/volume-169/issue-120/daily-digest/article/D718-1,7/13/23,Daily Digest,169,120,D718
"HONORING KATRINA FOTOVAT; Congressional Record Vol. 171, No. 121",https://www.congress.gov/congressional-record/volume-171/issue-121/extensions-of-remarks-section/article/E669-4,7/15/25,Extensions of Remarks,171,121,E669
"HONORING SENATOR NAN RICH; Congressional Record Vol. 169, No. 192",https://www.congress.gov/congressional-record/volume-169/issue-192/extensions-of-remarks-section/article/E1120-2,11/21/23,Extensions of Remarks,169,192,E1120
"HONORING ELIZABETH GLIDDEN; Congressional Record Vol. 164, No. 158",https://www.congress.gov/congressional-record/volume-164/issue-158/extensions-of-remarks-section/article/E1300-4,9/25/18,Extensions of Remarks,164,158,E1300
"CELEBRATING PRIDE MONTH AND AMERICA'S DIVERSITY; Congressional Record Vol. 172, No. 109",https://www.congress.gov/congressional-record/volume-172/issue-109/extensions-of-remarks-section/article/E637-4,6/30/26,Extensions of Remarks,172,109,E637
"CELEBRATING AND HONORING DAVID STACY'S SERVICE TO THE LGBTQI+ COMMUNITY; Congressional Record Vol. 172, No. 96",https://www.congress.gov/congressional-record/volume-172/issue-96/extensions-of-remarks-section/article/E541-4,6/8/26,Extensions of Remarks,172,96,E541
"HONORING THE LIFE AND LEGACY OF MS. MARY HIGHFILL; Congressional Record Vol. 170, No. 101",https://www.congress.gov/congressional-record/volume-170/issue-101/extensions-of-remarks-section/article/E634-1,6/14/24,Extensions of Remarks,170,101,E634
"HONORING VICTOR JOSE SANCHEZ FOR HISPANIC HERITAGE MONTH; Congressional Record Vol. 169, No. 168",https://www.congress.gov/congressional-record/volume-169/issue-168/extensions-of-remarks-section/article/E974-1,10/13/23,Extensions of Remarks,169,168,E974
"COMMEMORATING ARIANNE SLAY'S SERVICE TO THE CITY OF ANN ARBOR AND WASHTENAW COUNTY; Congressional Record Vol. 169, No. 16",https://www.congress.gov/congressional-record/volume-169/issue-16/extensions-of-remarks-section/article/E53-4,1/25/23,Extensions of Remarks,169,16,E53
"CELEBRATING 100 YEARS OF HISTORY OF TOLEDO CHAPTER ZONTA INTERNATIONAL; Congressional Record Vol. 167, No. 195",https://www.congress.gov/congressional-record/volume-167/issue-195/extensions-of-remarks-section/article/E1213-1,11/5/21,Extensions of Remarks,167,195,E1213
"RECOGNIZING THE ACCOMPLISHMENTS OF LEANNA HARRIS, JAMIE SARCHE, AND CARY CHAPMAN; Congressional Record Vol. 167, No. 179",https://www.congress.gov/congressional-record/volume-167/issue-179/extensions-of-remarks-section/article/E1090-3,10/12/21,Extensions of Remarks,167,179,E1090
"CELEBRATING BLACK HISTORY MONTH AND HONORING ARTHENIA JOYNER; Congressional Record Vol. 167, No. 36",https://www.congress.gov/congressional-record/volume-167/issue-36/extensions-of-remarks-section/article/E172-5,2/25/21,Extensions of Remarks,167,36,E172
"PHOEBE A. HADDON; Congressional Record Vol. 166, No. 120",https://www.congress.gov/congressional-record/volume-166/issue-120/extensions-of-remarks-section/article/E591-1,6/30/20,Extensions of Remarks,166,120,E591
"HONORING THE LIFE OF SAINT PAUL PUBLIC SCHOOLS BOARD CHAIR MARNY XIONG; Congressional Record Vol. 166, No. 113",https://www.congress.gov/congressional-record/volume-166/issue-113/extensions-of-remarks-section/article/E553-4,6/18/20,Extensions of Remarks,166,113,E553
"HONORING VIOLET BARTON; Congressional Record Vol. 165, No. 139",https://www.congress.gov/congressional-record/volume-165/issue-139/extensions-of-remarks-section/article/E1074-3,8/27/19,Extensions of Remarks,165,139,E1074
"RECOGNIZING THE 160TH ANNIVERSARY OF THE YWCA USA; Congressional Record Vol. 164, No. 193",https://www.congress.gov/congressional-record/volume-164/issue-193/extensions-of-remarks-section/article/E1609-4,12/6/18,Extensions of Remarks,164,193,E1609
"HONORING THE LIFE AND ACHIEVEMENTS OF MRS. IDA JOHNSON; Congressional Record Vol. 163, No. 105",https://www.congress.gov/congressional-record/volume-163/issue-105/extensions-of-remarks-section/article/E849-2,6/20/17,Extensions of Remarks,163,105,E849
"SUBMITTED RESOLUTIONS; Congressional Record Vol. 167, No. 122",https://www.congress.gov/congressional-record/volume-167/issue-122/senate-section/article/S4857-1,7/13/21,Senate,167,122,S4857
"SUBMISSION OF CONCURRENT AND SENATE RESOLUTIONS; Congressional Record Vol. 165, No. 106",https://www.congress.gov/congressional-record/volume-165/issue-106/senate-section/article/S4456-1,6/24/19,Senate,165,106,S4456
"NATIONAL CHARACTER COUNTS WEEK; Congressional Record Vol. 171, No. 173",https://www.congress.gov/congressional-record/volume-171/issue-173/senate-section/article/S7161-6,10/20/25,Senate,171,173,S7161
"INTRODUCTION OF BILLS AND JOINT RESOLUTIONS; Congressional Record Vol. 168, No. 73",https://www.congress.gov/congressional-record/volume-168/issue-73/senate-section/article/S2275-2,5/3/22,Senate,168,73,S2275
"EXECUTIVE AND OTHER COMMUNICATIONS; Congressional Record Vol. 166, No. 171",https://www.congress.gov/congressional-record/volume-166/issue-171/senate-section/article/S6026-3,10/1/20,Senate,166,171,S6026
"TRIBUTE TO WOMEN VETERANS; Congressional Record Vol. 164, No. 180",https://www.congress.gov/congressional-record/volume-164/issue-180/senate-section/article/S6960-1,11/14/18,Senate,164,180,S6960
"Daily Digest/House of Representatives; Congressional Record Vol. 165, No. 83",https://www.congress.gov/congressional-record/volume-165/issue-83/daily-digest/article/D558-3,5/17/19,Daily Digest,165,83,D558
"Text of Senate Amendment 3895; Congressional Record Vol. 171, No. 151",https://www.congress.gov/congressional-record/volume-171/issue-151/senate-section/article/S6655-2,9/16/25,Senate,171,151,S6655
"Department of Government Efficiency (Executive Calendar); Congressional Record Vol. 171, No. 48",https://www.congress.gov/congressional-record/volume-171/issue-48/senate-section/article/S1726-3,3/13/25,Senate,171,48,S1726
"Text of Senate Amendment 1955; Congressional Record Vol. 166, No. 117",https://www.congress.gov/congressional-record/volume-166/issue-117/senate-section/article/S3443-1,6/25/20,Senate,166,117,S3443
"SENATE RESOLUTION 276--DESIGNATING JULY 15, 2019, AS ""NATIONAL LEIOMYOSARCOMA AWARENESS DAY"" AND THE MONTH OF JULY 2019 AS ""NATIONAL SARCOMA AWARENESS MONTH""; Congressional Record Vol. 165, No. 118",https://www.congress.gov/congressional-record/volume-165/issue-118/senate-section/article/S4825-1,7/15/19,Senate,165,118,S4825
"Text of Senate Amendment 298; Congressional Record Vol. 165, No. 98",https://www.congress.gov/congressional-record/volume-165/issue-98/senate-section/article/S3397-1,6/12/19,Senate,165,98,S3397
"SENATE RESOLUTION 561--DESIGNATING JULY 15, 2018, AS ""NATIONAL LEIOMYOSARCOMA AWARENESS DAY"" AND THE MONTH OF JULY 2018 AS ""NATIONAL SARCOMA AWARENESS MONTH""; Congressional Record Vol. 164, No. 109",https://www.congress.gov/congressional-record/volume-164/issue-109/senate-section/article/S4743-1,6/28/18,Senate,164,109,S4743
"Text of Senate Amendment 1211; Congressional Record Vol. 163, No. 168",https://www.congress.gov/congressional-record/volume-163/issue-168/senate-section/article/S6552-5,10/18/17,Senate,163,168,S6552
"SENATE RESOLUTION 207--DESIGNATING THE WEEK OF JULY 9 THROUGH JULY 15, 2017 AS ``SARCOMA AWARENESS WEEK'' AND DESIGNATING JULY 15, 2017 AS ``LEIOMYOSARCOMA AWARENESS DAY''; Congressional Record Vol. 163, No. 111",https://www.congress.gov/congressional-record/volume-163/issue-111/senate-section/article/S3834-2,6/28/17,Senate,163,111,S3834
"Daily Digest/House of Representatives; Congressional Record Vol. 165, No. 41",https://www.congress.gov/congressional-record/volume-165/issue-41/daily-digest/article/D231-1,3/7/19,Daily Digest,165,41,D231
"RECOGNIZING THE VITAL IMPORTANCE OF THE MEKONG RIVER TO SOUTHEAST ASIA AND THE ROLE OF THE MEKONG-UNITED STATES PARTNERSHIP IN SUPPORTING THE PROSPERITY OF THE REGION; Congressional Record Vol. 169, No. 183",https://www.congress.gov/congressional-record/volume-169/issue-183/senate-section/article/S5363-7,11/6/23,Senate,169,183,S5363
"CONDEMNING RAPE AND SEXUAL VIOLENCE COMMITTED BY HAMAS IN ITS WAR AGAINST ISRAEL; Congressional Record Vol. 170, No. 29",https://www.congress.gov/congressional-record/volume-170/issue-29/house-section/article/H612-1,2/14/24,House,170,29,H612
"PRESIDENT TRUMP'S PROPOSED DEPARTMENT OF EDUCATION SHUTDOWN; Congressional Record Vol. 171, No. 67",https://www.congress.gov/congressional-record/volume-171/issue-67/extensions-of-remarks-section/article/E320-2,4/17/25,Extensions of Remarks,171,67,E320
"HONORING DR. SANDRA ORTEGA; Congressional Record Vol. 170, No. 29",https://www.congress.gov/congressional-record/volume-170/issue-29/extensions-of-remarks-section/article/E146-3,2/14/24,Extensions of Remarks,170,29,E146
"HONORING TAHREEM ALAM; Congressional Record Vol. 169, No. 80",https://www.congress.gov/congressional-record/volume-169/issue-80/extensions-of-remarks-section/article/E424-3,5/11/23,Extensions of Remarks,169,80,E424
"HONORING THE CAREER AND ACCOMPLISHMENTS OF DR. RUTH NICOLE BROWN; Congressional Record Vol. 169, No. 37",https://www.congress.gov/congressional-record/volume-169/issue-37/extensions-of-remarks-section/article/E153-3,2/27/23,Extensions of Remarks,169,37,E153
"HONORING THE CAREER OF MICHELLE ROMAN; Congressional Record Vol. 168, No. 204",https://www.congress.gov/congressional-record/volume-168/issue-204/extensions-of-remarks-section/article/E1365-2,1/3/23,Extensions of Remarks,168,204,E1365
"RECOGNIZING THE LIFE OF TUFAIL AHMAD; Congressional Record Vol. 168, No. 20",https://www.congress.gov/congressional-record/volume-168/issue-20/extensions-of-remarks-section/article/E84-4,2/1/22,Extensions of Remarks,168,20,E84
"SAFE FROM THE START ACT OF 2021; Congressional Record Vol. 167, No. 17",https://www.congress.gov/congressional-record/volume-167/issue-17/extensions-of-remarks-section/article/E71-5,1/28/21,Extensions of Remarks,167,17,E71
"CELEBRATING THE 25TH PASTORAL ANNIVERSARY IN WESTERN NEW YORK OF REV.; Congressional Record Vol. 164, No. 188",https://www.congress.gov/congressional-record/volume-164/issue-188/extensions-of-remarks-section/article/E1571-4,11/29/18,Extensions of Remarks,164,188,E1571
"YWCA 160TH ANNIVERSARY; Congressional Record Vol. 164, No. 177",https://www.congress.gov/congressional-record/volume-164/issue-177/extensions-of-remarks-section/article/E1496-1,11/6/18,Extensions of Remarks,164,177,E1496
"TRIBUTE TO REVEREND TROY PERRY; Congressional Record Vol. 164, No. 160",https://www.congress.gov/congressional-record/volume-164/issue-160/extensions-of-remarks-section/article/E1315-2,9/27/18,Extensions of Remarks,164,160,E1315
"HONORING THOMAS (TOM) PETERS, PH.D.; Congressional Record Vol. 164, No. 46",https://www.congress.gov/congressional-record/volume-164/issue-46/extensions-of-remarks-section/article/E331-1,3/15/18,Extensions of Remarks,164,46,E331
"IN MEMORY OF FIRST SERGEANT MARGARET BARKER; Congressional Record Vol. 163, No. 128",https://www.congress.gov/congressional-record/volume-163/issue-128/extensions-of-remarks-section/article/E1093-4,7/28/17,Extensions of Remarks,163,128,E1093
"CONGRATULATING THE BOYS AND GIRLS CLUB OF CAMARILLO ON THEIR 50TH ANNIVERSARY; Congressional Record Vol. 163, No. 96",https://www.congress.gov/congressional-record/volume-163/issue-96/extensions-of-remarks-section/article/E762-2,6/6/17,Extensions of Remarks,163,96,E762
"HONORING SAUL RAMOS; Congressional Record Vol. 163, No. 76",https://www.congress.gov/congressional-record/volume-163/issue-76/extensions-of-remarks-section/article/E598-1,5/3/17,Extensions of Remarks,163,76,E598
"THE PASSING OF VAINO HASSAN SPENCER; Congressional Record Vol. 163, No. 23",https://www.congress.gov/congressional-record/volume-163/issue-23/extensions-of-remarks-section/article/E170-1,2/9/17,Extensions of Remarks,163,23,E170
"INTRODUCTION OF THE NATIONAL COMMISSION TO COMBAT WORKPLACE SEXUAL HARASSMENT ACT; Congressional Record Vol. 167, No. 147",https://www.congress.gov/congressional-record/volume-167/issue-147/extensions-of-remarks-section/article/E903-3,8/17/21,Extensions of Remarks,167,147,E903
"TRIBUTE TO COURTNEY HALE, CALIFORNIA'S 24TH CONGRESSIONAL WOMEN OF THE YEAR; Congressional Record Vol. 167, No. 104",https://www.congress.gov/congressional-record/volume-167/issue-104/extensions-of-remarks-section/article/E643-5,6/15/21,Extensions of Remarks,167,104,E643
"CELEBRATING THE 95TH BIRTHDAY OF THE HONORABLE CARRIE P. MEEK; Congressional Record Vol. 167, No. 59",https://www.congress.gov/congressional-record/volume-167/issue-59/extensions-of-remarks-section/article/E335-5,4/1/21,Extensions of Remarks,167,59,E335
"SUPPORTING THE DISADVANTAGED BUSINESS ENTERPRISE (DBE) PROGRAM; Congressional Record Vol. 166, No. 120",https://www.congress.gov/congressional-record/volume-166/issue-120/extensions-of-remarks-section/article/E591-5,6/30/20,Extensions of Remarks,166,120,E591
"RECOGNIZING THE 550TH ANNIVERSARY OF THE BIRTH OF GURU NANAK; Congressional Record Vol. 166, No. 25",https://www.congress.gov/congressional-record/volume-166/issue-25/extensions-of-remarks-section/article/E139-2,2/6/20,Extensions of Remarks,166,25,E139
"CELEBRATING THE LIFE AND ACCOMPLISHMENTS OF KEVIN ANDREW GALLAGHER; Congressional Record Vol. 166, No. 15",https://www.congress.gov/congressional-record/volume-166/issue-15/extensions-of-remarks-section/article/E71-2,1/24/20,Extensions of Remarks,166,15,E71
"INTRODUCTION OF THE NATIONAL COMMISSION TO COMBAT WORKPLACE SEXUAL HARASSMENT ACT; Congressional Record Vol. 165, No. 161",https://www.congress.gov/congressional-record/volume-165/issue-161/extensions-of-remarks-section/article/E1273-3,10/11/19,Extensions of Remarks,165,161,E1273
"RECOGNIZING THE RECIPIENTS OF THE 2019 FAIRFAX COUNTY STUDENT PEACE AWARDS; Congressional Record Vol. 165, No. 64",https://www.congress.gov/congressional-record/volume-165/issue-64/extensions-of-remarks-section/article/E454-2,4/12/19,Extensions of Remarks,165,64,E454
"INTRODUCTION OF THE NATIONAL COMMISSION TO COMBAT SEXUAL HARASSMENT ACT; Congressional Record Vol. 164, No. 201",https://www.congress.gov/congressional-record/volume-164/issue-201/extensions-of-remarks-section/article/E1697-2,12/20/18,Extensions of Remarks,164,201,E1697
"PROCLAIMING THE IMPORTANCE OF THE TUIDANG MOVEMENT TO INCREASING HUMAN LIBERTY IN CHINA; Congressional Record Vol. 164, No. 75",https://www.congress.gov/congressional-record/volume-164/issue-75/extensions-of-remarks-section/article/E613-3,5/9/18,Extensions of Remarks,164,75,E613
"HONORING THE ACHIEVEMENTS OF CITALLI ORTIZ AS THE 2017 WOMEN'S YOUTH WORLD CHAMPION; Congressional Record Vol. 163, No. 204",https://www.congress.gov/congressional-record/volume-163/issue-204/extensions-of-remarks-section/article/E1707-1,12/14/17,Extensions of Remarks,163,204,E1707
"IN RECOGNITION OF THE RETIREMENT OF IRELAND'S AMBASSADOR TO THE UNITED STATES ANNE ANDERSON; Congressional Record Vol. 163, No. 112",https://www.congress.gov/congressional-record/volume-163/issue-112/extensions-of-remarks-section/article/E935-1,6/29/17,Extensions of Remarks,163,112,E935
"HONORING THE 2017 FAIRFAX COUNTY STUDENT PEACE AWARD RECIPIENTS; Congressional Record Vol. 163, No. 60",https://www.congress.gov/congressional-record/volume-163/issue-60/extensions-of-remarks-section/article/E486-5,4/6/17,Extensions of Remarks,163,60,E486
"SUBMITTED RESOLUTIONS; Congressional Record Vol. 163, No. 102",https://www.congress.gov/congressional-record/volume-163/issue-102/senate-section/article/S3557-2,6/15/17,Senate,163,102,S3557
"MESSAGES FROM THE HOUSE; Congressional Record Vol. 172, No. 87",https://www.congress.gov/congressional-record/volume-172/issue-87/senate-section/article/S2441-5,5/21/26,Senate,172,87,S2441
"Banning Books (Executive Session); Congressional Record Vol. 168, No. 21",https://www.congress.gov/congressional-record/volume-168/issue-21/senate-section/article/S464-1,2/2/22,Senate,168,21,S464
"Text of Senate Amendment 1701; Congressional Record Vol. 166, No. 116",https://www.congress.gov/congressional-record/volume-166/issue-116/senate-section/article/S3224-6,6/24/20,Senate,166,116,S3224
"SENATE RESOLUTION 338--DESIGNATING THE WEEK OF SEPTEMBER 23 THROUGH SEPTEMBER 27, 2019, AS ""MALNUTRITION AWARENESS WEEK""; Congressional Record Vol. 165, No. 155",https://www.congress.gov/congressional-record/volume-165/issue-155/senate-section/article/S5710-1,9/25/19,Senate,165,155,S5710
"SUBMISSION OF CONCURRENT AND SENATE RESOLUTIONS; Congressional Record Vol. 165, No. 124",https://www.congress.gov/congressional-record/volume-165/issue-124/senate-section/article/S5013-1,7/23/19,Senate,165,124,S5013
"NOMINATION OF JANET DHILLON; Congressional Record Vol. 165, No. 75",https://www.congress.gov/congressional-record/volume-165/issue-75/senate-section/article/S2679-3,5/7/19,Senate,165,75,S2679
"115TH ANNIVERSARY OF HARLEY-DAVIDSON MOTOR COMPANY; Congressional Record Vol. 164, No. 143",https://www.congress.gov/congressional-record/volume-164/issue-143/senate-section/article/S5952-1,8/27/18,Senate,164,143,S5952
"Text of Senate Amendment 512; Congressional Record Vol. 163, No. 127",https://www.congress.gov/congressional-record/volume-163/issue-127/senate-section/article/S4524-1,7/27/17,Senate,163,127,S4524
"BLACK WOMEN AND GIRLS; Congressional Record Vol. 169, No. 99",https://www.congress.gov/congressional-record/volume-169/issue-99/house-section/article/H2771-1,6/7/23,House,169,99,H2771
"EQUAL PROTECTION AND RIGHTS FOR ALL; Congressional Record Vol. 167, No. 36",https://www.congress.gov/congressional-record/volume-167/issue-36/house-section/article/H629-1,2/25/21,House,167,36,H629
"MAKE AUGUST 16 NATIONAL INDEPENDENT WORKER DAY; Congressional Record Vol. 165, No. 126",https://www.congress.gov/congressional-record/volume-165/issue-126/house-section/article/H7386-2,7/25/19,House,165,126,H7386
"I RISE; Congressional Record Vol. 164, No. 181",https://www.congress.gov/congressional-record/volume-164/issue-181/house-section/article/H9527-4,11/15/18,House,164,181,H9527
"HONORING THE LIFE AND LEGACY OF PAULINE GASCA VALENCIANO; Congressional Record Vol. 164, No. 94",https://www.congress.gov/congressional-record/volume-164/issue-94/house-section/article/H4861-2,6/7/18,House,164,94,H4861
"SENATE RESOLUTION 397--EXPRESSING SUPPORT FOR THE DESIGNATION OF SEPTEMBER AS ""DYSTONIA AWARENESS MONTH"" TO PROMOTE PUBLIC AWARENESS AND UNDERSTANDING OF DYSTONIA; Congressional Record Vol. 171, No. 152",https://www.congress.gov/congressional-record/volume-171/issue-152/senate-section/article/S6697-1,9/17/25,Senate,171,152,S6697
"PREGNANT WORKERS FAIRNESS ACT; Congressional Record Vol. 167, No. 84",https://www.congress.gov/congressional-record/volume-167/issue-84/house-section/article/H2321-3,5/14/21,House,167,84,H2321
"Rescissions (Executive Calendar); Congressional Record Vol. 171, No. 123",https://www.congress.gov/congressional-record/volume-171/issue-123/senate-section/article/S4445-1,7/17/25,Senate,171,123,S4445
"Text of Senate Amendment 2078; Congressional Record Vol. 167, No. 92",https://www.congress.gov/congressional-record/volume-167/issue-92/senate-section/article/S3534-3,5/26/21,Senate,167,92,S3534
"PUBLIC BILLS AND RESOLUTIONS; Congressional Record Vol. 172, No. 75",https://www.congress.gov/congressional-record/volume-172/issue-75/house-section/article/H3294-1,4/29/26,House,172,75,H3294
"PUBLIC BILLS AND RESOLUTIONS; Congressional Record Vol. 168, No. 106",https://www.congress.gov/congressional-record/volume-168/issue-106/house-section/article/H5821-5,6/22/22,House,168,106,H5821
"HONORING SHARON PAPO; Congressional Record Vol. 167, No. 9",https://www.congress.gov/congressional-record/volume-167/issue-9/extensions-of-remarks-section/article/E39-6,1/15/21,Extensions of Remarks,167,9,E39
"HONORING BUFFY JAMISON; Congressional Record Vol. 166, No. 119",https://www.congress.gov/congressional-record/volume-166/issue-119/extensions-of-remarks-section/article/E583-3,6/29/20,Extensions of Remarks,166,119,E583
"Text of Senate Amendment 4368; Congressional Record Vol. 172, No. 42",https://www.congress.gov/congressional-record/volume-172/issue-42/senate-section/article/S904-1,3/5/26,Senate,172,42,S904
"SENATE RESOLUTION 743--REAFFIRMING THE IMPORTANCE OF THE UNITED STATES PROMOTING THE SAFETY, HEALTH, AND WELL-BEING OF REFUGEES AND DISPLACED PERSONS IN THE UNITED STATES AND AROUND THE WORLD; Congressional Record Vol. 170, No. 104",https://www.congress.gov/congressional-record/volume-170/issue-104/senate-section/article/S4182-2,6/20/24,Senate,170,104,S4182
"Text of Senate Amendment 4717; Congressional Record Vol. 167, No. 199",https://www.congress.gov/congressional-record/volume-167/issue-199/senate-section/article/S8292-3,11/16/21,Senate,167,199,S8292
"CONTINUING APPROPRIATIONS ACT, 2021 AND OTHER EXTENSIONS ACT--MOTION TO PROCEED; Congressional Record Vol. 166, No. 166",https://www.congress.gov/congressional-record/volume-166/issue-166/senate-section/article/S5850-2,9/24/20,Senate,166,166,S5850
"ADDITIONAL STATEMENTS; Congressional Record Vol. 163, No. 15",https://www.congress.gov/congressional-record/volume-163/issue-15/senate-section/article/S487-1,1/30/17,Senate,163,15,S487
"RECOGNIZING THE LEADERSHIP AND PIONEERING OCEAN CONSERVATION EFFORTS OF JULIE PACKARD; Congressional Record Vol. 172, No. 105",https://www.congress.gov/congressional-record/volume-172/issue-105/extensions-of-remarks-section/article/E608-3,6/23/26,Extensions of Remarks,172,105,E608
"HONORING ANDREW JOHNSON; Congressional Record Vol. 169, No. 204",https://www.congress.gov/congressional-record/volume-169/issue-204/extensions-of-remarks-section/article/E1215-2,12/12/23,Extensions of Remarks,169,204,E1215
"HONORING COAST GUARD COMMANDER KIMBERLY YOUNG-McLEAR; Congressional Record Vol. 169, No. 102",https://www.congress.gov/congressional-record/volume-169/issue-102/extensions-of-remarks-section/article/E544-4,6/12/23,Extensions of Remarks,169,102,E544
"RECOGNIZING THE SERVICE OF SEWA INTERNATIONAL USA; Congressional Record Vol. 168, No. 201",https://www.congress.gov/congressional-record/volume-168/issue-201/extensions-of-remarks-section/article/E1354-3,12/23/22,Extensions of Remarks,168,201,E1354
"HONORING DR. NALO JOHNSON AS IOWAN OF THE WEEK; Congressional Record Vol. 168, No. 164",https://www.congress.gov/congressional-record/volume-168/issue-164/extensions-of-remarks-section/article/E1061-1,10/18/22,Extensions of Remarks,168,164,E1061
"RESPONDING TO SLANDER; Congressional Record Vol. 168, No. 80",https://www.congress.gov/congressional-record/volume-168/issue-80/extensions-of-remarks-section/article/E486-1,5/11/22,Extensions of Remarks,168,80,E486
"H.R. 210, RURAL STEM EDUCATION RESEARCH ACT; Congressional Record Vol. 167, No. 86",https://www.congress.gov/congressional-record/volume-167/issue-86/extensions-of-remarks-section/article/E541-3,5/18/21,Extensions of Remarks,167,86,E541
"REMEMBERING COACH JERRY JOHNSON; Congressional Record Vol. 167, No. 17",https://www.congress.gov/congressional-record/volume-167/issue-17/extensions-of-remarks-section/article/E72-4,1/28/21,Extensions of Remarks,167,17,E72
"RECOGNIZING DYSAUTONOMIA AWARENESS MONTH; Congressional Record Vol. 165, No. 159",https://www.congress.gov/congressional-record/volume-165/issue-159/extensions-of-remarks-section/article/E1246-2,10/4/19,Extensions of Remarks,165,159,E1246
"HONORING THE 165TH ANNIVERSARY OF SOLOMON NORTHUP'S FREEDOM; Congressional Record Vol. 164, No. 3",https://www.congress.gov/congressional-record/volume-164/issue-3/extensions-of-remarks-section/article/E3-5,1/5/18,Extensions of Remarks,164,3,E3
"RECOGNIZING THE IMPACTFUL CAREER OF ED BONACH; Congressional Record Vol. 163, No. 196",https://www.congress.gov/congressional-record/volume-163/issue-196/extensions-of-remarks-section/article/E1633-2,12/1/17,Extensions of Remarks,163,196,E1633
"DEPARTMENT OF THE INTERIOR, ENVIRONMENT, AND RELATED AGENCIES APPROPRIATIONS ACT, 2018; Congressional Record Vol. 163, No. 144",https://www.congress.gov/congressional-record/volume-163/issue-144/extensions-of-remarks-section/article/E1173-2,9/7/17,Extensions of Remarks,163,144,E1173
"RECOGNIZING ELLEN JOHNSON SIRLEAF, PRESIDENT OF LIBERIA; Congressional Record Vol. 163, No. 103",https://www.congress.gov/congressional-record/volume-163/issue-103/extensions-of-remarks-section/article/E840-3,6/16/17,Extensions of Remarks,163,103,E840
"HONORING THE MINNESOTA TRANSGENDER HEALTH COALITION'S 10TH ANNIVERSARY; Congressional Record Vol. 163, No. 55",https://www.congress.gov/congressional-record/volume-163/issue-55/extensions-of-remarks-section/article/E407-2,3/29/17,Extensions of Remarks,163,55,E407
"IN RECOGNITION OF JUDGE FRED A. PIERANTONI III, RECIPIENT OF THE GREATER PITTSTON FRIENDLY SONS ACHIEVEMENT AWARD; Congressional Record Vol. 166, No. 48",https://www.congress.gov/congressional-record/volume-166/issue-48/extensions-of-remarks-section/article/E313-4,3/12/20,Extensions of Remarks,166,48,E313
"SWAMP BUS PART 2: MORE ILLEGALS, LESS FREEDOM; Congressional Record Vol. 170, No. 50",https://www.congress.gov/congressional-record/volume-170/issue-50/house-section/article/H1344-2,3/21/24,House,170,50,H1344
"MESSAGES FROM THE HOUSE; Congressional Record Vol. 171, No. 214",https://www.congress.gov/congressional-record/volume-171/issue-214/senate-section/article/S8919-4,12/18/25,Senate,171,214,S8919
"RECOGNIZING THE EQUALITY HEALTH CENTER; Congressional Record Vol. 170, No. 149",https://www.congress.gov/congressional-record/volume-170/issue-149/senate-section/article/S6362-3,9/24/24,Senate,170,149,S6362
"STUDENT LOANS; Congressional Record Vol. 170, No. 88",https://www.congress.gov/congressional-record/volume-170/issue-88/senate-section/article/S3785-6,5/21/24,Senate,170,88,S3785
"TRIBUTE TO TIMOTHY P. WHITE; Congressional Record Vol. 166, No. 201",https://www.congress.gov/congressional-record/volume-166/issue-201/senate-section/article/S7107-7,11/30/20,Senate,166,201,S7107
"SUBMITTED RESOLUTIONS; Congressional Record Vol. 165, No. 54",https://www.congress.gov/congressional-record/volume-165/issue-54/senate-section/article/S2092-1,3/28/19,Senate,165,54,S2092
"PETITIONS AND MEMORIALS; Congressional Record Vol. 163, No. 200",https://www.congress.gov/congressional-record/volume-163/issue-200/senate-section/article/S7929-1,12/7/17,Senate,163,200,S7929
"OPIOID CRISIS; Congressional Record Vol. 164, No. 102",https://www.congress.gov/congressional-record/volume-164/issue-102/house-section/article/H5230-1,6/19/18,House,164,102,H5230
"FATHER'S DAY AND PAID FAMILY LEAVE; Congressional Record Vol. 164, No. 99",https://www.congress.gov/congressional-record/volume-164/issue-99/house-section/article/H5156-2,6/14/18,House,164,99,H5156
"Daily Digest/House of Representatives; Congressional Record Vol. 168, No. 198",https://www.congress.gov/congressional-record/volume-168/issue-198/daily-digest/article/D1255-1,12/20/22,Daily Digest,168,198,D1255
"Nomination of Geeta Rao Gupta (Executive Calendar); Congressional Record Vol. 169, No. 76",https://www.congress.gov/congressional-record/volume-169/issue-76/senate-section/article/S1528-3,5/4/23,Senate,169,76,S1528
"ADDITIONAL STATEMENTS; Congressional Record Vol. 166, No. 30",https://www.congress.gov/congressional-record/volume-166/issue-30/senate-section/article/S1070-2,2/13/20,Senate,166,30,S1070
"Nominations (Executive Session); Congressional Record Vol. 165, No. 103",https://www.congress.gov/congressional-record/volume-165/issue-103/senate-section/article/S3812-1,6/19/19,Senate,165,103,S3812
"40TH ANNIVERSARY OF THE MAINE COALITION TO END DOMESTIC VIOLENCE; Congressional Record Vol. 163, No. 177",https://www.congress.gov/congressional-record/volume-163/issue-177/senate-section/article/S6966-4,11/1/17,Senate,163,177,S6966
"THE HOUSE IS TACKLING THE OPIOID CRISIS HEAD-ON; Congressional Record Vol. 164, No. 99",https://www.congress.gov/congressional-record/volume-164/issue-99/house-section/article/H5156-3,6/14/18,House,164,99,H5156
"STATEMENTS ON INTRODUCED BILLS AND JOINT RESOLUTIONS; Congressional Record Vol. 169, No. 151",https://www.congress.gov/congressional-record/volume-169/issue-151/senate-section/article/S4592-1,9/19/23,Senate,169,151,S4592
"Introductory Statement on S. 2846; Congressional Record Vol. 169, No. 151",https://www.congress.gov/congressional-record/volume-169/issue-151/senate-section/article/S4592-2,9/19/23,Senate,169,151,S4592
"NEWSLETTER FROM CONGRESSMAN CHUCK EDWARDS; Congressional Record Vol. 171, No. 107",https://www.congress.gov/congressional-record/volume-171/issue-107/extensions-of-remarks-section/article/E605-2,6/23/25,Extensions of Remarks,171,107,E605
"COMMEMORATING THE ANNIVERSARY OF THE STONEWALL UPRISING; Congressional Record Vol. 170, No. 108",https://www.congress.gov/congressional-record/volume-170/issue-108/extensions-of-remarks-section/article/E677-2,6/27/24,Extensions of Remarks,170,108,E677
"RECOGNIZING DR. KEITH COPELIN FERDINAND; Congressional Record Vol. 169, No. 15",https://www.congress.gov/congressional-record/volume-169/issue-15/extensions-of-remarks-section/article/E45-2,1/24/23,Extensions of Remarks,169,15,E45
"HONORING DR. ERIKA HENDEL AS IOWAN OF THE WEEK; Congressional Record Vol. 168, No. 187",https://www.congress.gov/congressional-record/volume-168/issue-187/extensions-of-remarks-section/article/E1206-4,12/2/22,Extensions of Remarks,168,187,E1206
"RECOGNIZING GBS AND CIDP AWARENESS MONTH; Congressional Record Vol. 168, No. 93",https://www.congress.gov/congressional-record/volume-168/issue-93/extensions-of-remarks-section/article/E558-2,5/27/22,Extensions of Remarks,168,93,E558
"INVENTOR AND PIONEERING EYE DOCTOR, PATRICIA BATH; Congressional Record Vol. 165, No. 99",https://www.congress.gov/congressional-record/volume-165/issue-99/extensions-of-remarks-section/article/E768-3,6/13/19,Extensions of Remarks,165,99,E768
"CAPTAIN TAMMIE JO SHULTS; Congressional Record Vol. 164, No. 67",https://www.congress.gov/congressional-record/volume-164/issue-67/extensions-of-remarks-section/article/E533-1,4/25/18,Extensions of Remarks,164,67,E533
"HONORING AMBASSADOR MARCH FONG EU; Congressional Record Vol. 164, No. 47",https://www.congress.gov/congressional-record/volume-164/issue-47/extensions-of-remarks-section/article/E333-5,3/19/18,Extensions of Remarks,164,47,E333
"RECOGNIZING DYSAUTONOMIA AWARENESS MONTH; Congressional Record Vol. 163, No. 155",https://www.congress.gov/congressional-record/volume-163/issue-155/extensions-of-remarks-section/article/E1276-1,9/27/17,Extensions of Remarks,163,155,E1276
"REMEMBERING REVEREND KATIE R. FOSTER; Congressional Record Vol. 163, No. 118",https://www.congress.gov/congressional-record/volume-163/issue-118/extensions-of-remarks-section/article/E984-2,7/13/17,Extensions of Remarks,163,118,E984
"CELEBRATING THE 50TH ANNIVERSARY OF THE WOMEN'S CENTER; Congressional Record Vol. 170, No. 159",https://www.congress.gov/congressional-record/volume-170/issue-159/extensions-of-remarks-section/article/E1070-2,10/25/24,Extensions of Remarks,170,159,E1070
"RECOGNIZING THE RECIPIENTS OF THE 2020 FAIRFAX COUNTY STUDENT PEACE AWARDS; Congressional Record Vol. 166, No. 152",https://www.congress.gov/congressional-record/volume-166/issue-152/extensions-of-remarks-section/article/E810-1,9/1/20,Extensions of Remarks,166,152,E810
"RECOGNIZING THE RECIPIENTS OF THE 2018 FAIRFAX COUNTY STUDENT PEACE AWARDS; Congressional Record Vol. 164, No. 111",https://www.congress.gov/congressional-record/volume-164/issue-111/extensions-of-remarks-section/article/E959-6,7/3/18,Extensions of Remarks,164,111,E959
"RECOGNIZING JULY AS DRY EYE AWARENESS MONTH DURING THE DECADE OF VISION 2010 THROUGH 2020; Congressional Record Vol. 163, No. 117",https://www.congress.gov/congressional-record/volume-163/issue-117/extensions-of-remarks-section/article/E963-5,7/12/17,Extensions of Remarks,163,117,E963
"Daily Digest/Senate Committee Meetings; Congressional Record Vol. 167, No. 68",https://www.congress.gov/congressional-record/volume-167/issue-68/daily-digest/article/D374-1,4/20/21,Daily Digest,167,68,D374
"REMEMBERING RUBY DUNCAN; Congressional Record Vol. 172, No. 82",https://www.congress.gov/congressional-record/volume-172/issue-82/senate-section/article/S2315-1,5/14/26,Senate,172,82,S2315
"Introductory Statement on S. 3470; Congressional Record Vol. 171, No. 211",https://www.congress.gov/congressional-record/volume-171/issue-211/senate-section/article/S8731-2,12/15/25,Senate,171,211,S8731
"Energy (Executive Session); Congressional Record Vol. 170, No. 96",https://www.congress.gov/congressional-record/volume-170/issue-96/senate-section/article/S3965-1,6/5/24,Senate,170,96,S3965
"Text of Senate Amendment 4514; Congressional Record Vol. 167, No. 194",https://www.congress.gov/congressional-record/volume-167/issue-194/senate-section/article/S8006-1,11/4/21,Senate,167,194,S8006
"COMMEMORATING UTAH WOMEN'S SUFFRAGE; Congressional Record Vol. 166, No. 30",https://www.congress.gov/congressional-record/volume-166/issue-30/senate-section/article/S1081-3,2/13/20,Senate,166,30,S1081
"SENATE RESOLUTION 245--DESIGNATING JULY 17, 2019, AS ""GLIOBLASTOMA AWARENESS DAY""; Congressional Record Vol. 165, No. 97",https://www.congress.gov/congressional-record/volume-165/issue-97/senate-section/article/S3325-1,6/11/19,Senate,165,97,S3325
"Nomination of Ryan Bounds (Executive Calendar); Congressional Record Vol. 164, No. 120",https://www.congress.gov/congressional-record/volume-164/issue-120/senate-section/article/S4998-1,7/17/18,Senate,164,120,S4998
"SENATE RESOLUTION 549--DESIGNATING JUNE 15, 2018, AS ""WORLD ELDER ABUSE AWARENESS DAY""; Congressional Record Vol. 164, No. 99",https://www.congress.gov/congressional-record/volume-164/issue-99/senate-section/article/S3955-1,6/14/18,Senate,164,99,S3955
"TRIBUTE TO MAUREEN RILEY; Congressional Record Vol. 163, No. 107",https://www.congress.gov/congressional-record/volume-163/issue-107/senate-section/article/S3728-3,6/22/17,Senate,163,107,S3728
"Tribute to Doug Jones (Executive Calendar); Congressional Record Vol. 166, No. 213",https://www.congress.gov/congressional-record/volume-166/issue-213/senate-section/article/S7528-1,12/16/20,Senate,166,213,S7528
"WASTEFUL SPENDING IS NOT WHAT THE UNITED STATES ECONOMY NEEDS; Congressional Record Vol. 167, No. 185",https://www.congress.gov/congressional-record/volume-167/issue-185/house-section/article/H5733-2,10/21/21,House,167,185,H5733
"HONORING THE AFIYA CENTER OF DALLAS, TEXAS; Congressional Record Vol. 169, No. 108",https://www.congress.gov/congressional-record/volume-169/issue-108/extensions-of-remarks-section/article/E592-4,6/21/23,Extensions of Remarks,169,108,E592
"SIKH AWARENESS AND APPRECIATION MONTH; Congressional Record Vol. 167, No. 70",https://www.congress.gov/congressional-record/volume-167/issue-70/extensions-of-remarks-section/article/E443-2,4/22/21,Extensions of Remarks,167,70,E443
"MEMORIAL TRIBUTE TO KATHERINE JENNINGS MOXHAM; Congressional Record Vol. 163, No. 128",https://www.congress.gov/congressional-record/volume-163/issue-128/extensions-of-remarks-section/article/E1083-2,7/28/17,Extensions of Remarks,163,128,E1083
"HONORING PRIVATE FIRST CLASS WINNIE BEATRICE RICHARDSON WEST; Congressional Record Vol. 172, No. 100",https://www.congress.gov/congressional-record/volume-172/issue-100/extensions-of-remarks-section/article/E573-2,6/15/26,Extensions of Remarks,172,100,E573
"RECOGNIZING MAY 2025 AS GBS|CIDP AWARENESS MONTH; Congressional Record Vol. 171, No. 91",https://www.congress.gov/congressional-record/volume-171/issue-91/extensions-of-remarks-section/article/E483-4,5/29/25,Extensions of Remarks,171,91,E483
"RECOGNIZING THE 100TH ANNIVERSARY OF THE AMERICAN ASSOCIATION OF UNIVERSITY WOMEN OF VIRGINIA; Congressional Record Vol. 171, No. 56",https://www.congress.gov/congressional-record/volume-171/issue-56/extensions-of-remarks-section/article/E258-1,3/27/25,Extensions of Remarks,171,56,E258
"TRIBUTE TO RABBI DENISE L. EGER; Congressional Record Vol. 169, No. 57",https://www.congress.gov/congressional-record/volume-169/issue-57/extensions-of-remarks-section/article/E275-4,3/29/23,Extensions of Remarks,169,57,E275
"HONORING PASTOR LOCK P. BEACHUM, JR.; Congressional Record Vol. 167, No. 183",https://www.congress.gov/congressional-record/volume-167/issue-183/extensions-of-remarks-section/article/E1106-3,10/19/21,Extensions of Remarks,167,183,E1106
"TRIBUTE TO THE LIFE OF FORMER COUNCILWOMAN CATHY REYNOLDS; Congressional Record Vol. 166, No. 215",https://www.congress.gov/congressional-record/volume-166/issue-215/extensions-of-remarks-section/article/E1181-6,12/18/20,Extensions of Remarks,166,215,E1181
"REMEMBERING REVEREND JAMES L. NETTERS; Congressional Record Vol. 166, No. 212",https://www.congress.gov/congressional-record/volume-166/issue-212/extensions-of-remarks-section/article/E1144-2,12/15/20,Extensions of Remarks,166,212,E1144
"IN HONOR OF RUTH BADER GINSBURG; Congressional Record Vol. 166, No. 174",https://www.congress.gov/congressional-record/volume-166/issue-174/extensions-of-remarks-section/article/E931-3,10/6/20,Extensions of Remarks,166,174,E931
"ROSS ANDERSON--BLACK HISTORY MONTH; Congressional Record Vol. 166, No. 43",https://www.congress.gov/congressional-record/volume-166/issue-43/extensions-of-remarks-section/article/E260-4,3/4/20,Extensions of Remarks,166,43,E260
"Bloomberg Foundation (Executive Session); Congressional Record Vol. 170, No. 150",https://www.congress.gov/congressional-record/volume-170/issue-150/senate-section/article/S6413-1,9/25/24,Senate,170,150,S6413
"SUBMISSION OF CONCURRENT AND SENATE RESOLUTIONS; Congressional Record Vol. 168, No. 107",https://www.congress.gov/congressional-record/volume-168/issue-107/senate-section/article/S3160-1,6/23/22,Senate,168,107,S3160
"SUBMITTED RESOLUTIONS; Congressional Record Vol. 166, No. 110",https://www.congress.gov/congressional-record/volume-166/issue-110/senate-section/article/S2975-1,6/15/20,Senate,166,110,S2975
"SENATE RESOLUTION 519--HONORING THE LIFE AND ACHIEVEMENTS OF KATHERINE COLEMAN GOBLE JOHNSON; Congressional Record Vol. 166, No. 39",https://www.congress.gov/congressional-record/volume-166/issue-39/senate-section/article/S1233-1,2/27/20,Senate,166,39,S1233
"PROTECTING RELIGIOUSLY AFFILIATED INSTITUTIONS ACT OF 2018; Congressional Record Vol. 164, No. 164",https://www.congress.gov/congressional-record/volume-164/issue-164/senate-section/article/S6491-3,10/3/18,Senate,164,164,S6491
"PROTECTING WOMEN'S AND GIRLS' SPORTS; Congressional Record Vol. 169, No. 21",https://www.congress.gov/congressional-record/volume-169/issue-21/house-section/article/H585-1,2/1/23,House,169,21,H585
"RECOGNIZING NATIONAL RECOVERY MONTH; Congressional Record Vol. 167, No. 170",https://www.congress.gov/congressional-record/volume-167/issue-170/house-section/article/H5515-1,9/29/21,House,167,170,H5515
"PARK AND RECREATION MONTH; Congressional Record Vol. 164, No. 104",https://www.congress.gov/congressional-record/volume-164/issue-104/house-section/article/H5366-3,6/21/18,House,164,104,H5366
"Daily Digest/House of Representatives; Congressional Record Vol. 167, No. 34",https://www.congress.gov/congressional-record/volume-167/issue-34/daily-digest/article/D149-1,2/23/21,Daily Digest,167,34,D149
"Text of Senate Amendment 3527; Congressional Record Vol. 171, No. 133",https://www.congress.gov/congressional-record/volume-171/issue-133/senate-section/article/S5305-4,8/1/25,Senate,171,133,S5305
"Nomination of Stephanie Sanders Sullivan (Executive Session); Congressional Record Vol. 170, No. 96",https://www.congress.gov/congressional-record/volume-170/issue-96/senate-section/article/S3970-2,6/5/24,Senate,170,96,S3970
"Nomination of Janet Dhillon (Executive Calendar); Congressional Record Vol. 165, No. 76",https://www.congress.gov/congressional-record/volume-165/issue-76/senate-section/article/S2712-1,5/8/19,Senate,165,76,S2712
"ADDITIONAL STATEMENTS; Congressional Record Vol. 164, No. 58",https://www.congress.gov/congressional-record/volume-164/issue-58/senate-section/article/S2069-2,4/11/18,Senate,164,58,S2069
"ELIMINATE BARRIERS TO REPORTING SEXUAL ASSAULT AND HARASSMENT IN THE COAST GUARD; Congressional Record Vol. 170, No. 84",https://www.congress.gov/congressional-record/volume-170/issue-84/house-section/article/H3214-3,5/15/24,House,170,84,H3214
"JULY AS PARKS AND RECREATION MONTH; Congressional Record Vol. 163, No. 112",https://www.congress.gov/congressional-record/volume-163/issue-112/house-section/article/H5299-5,6/29/17,House,163,112,H5299
"THE AFFORDABLE CARE ACT HAS IMPROVED AMERICAN LIVES; Congressional Record Vol. 163, No. 49",https://www.congress.gov/congressional-record/volume-163/issue-49/house-section/article/H2247-1,3/21/17,House,163,49,H2247
"HONORING PETER YARROW; Congressional Record Vol. 171, No. 9",https://www.congress.gov/congressional-record/volume-171/issue-9/extensions-of-remarks-section/article/E42-1,1/16/25,Extensions of Remarks,171,9,E42
"HONORING DR. TERESA WOODRUFF; Congressional Record Vol. 170, No. 82",https://www.congress.gov/congressional-record/volume-170/issue-82/extensions-of-remarks-section/article/E474-3,5/10/24,Extensions of Remarks,170,82,E474
"CRITICAL IMPORTANCE OF DIVERSITY, EQUITY AND INCLUSION (DEI); Congressional Record Vol. 170, No. 51",https://www.congress.gov/congressional-record/volume-170/issue-51/extensions-of-remarks-section/article/E280-1,3/22/24,Extensions of Remarks,170,51,E280
"INDUSTRIAL CONTROL SYSTEMS CYBERSECURITY TRAINING ACT; Congressional Record Vol. 168, No. 106",https://www.congress.gov/congressional-record/volume-168/issue-106/extensions-of-remarks-section/article/E656-3,6/22/22,Extensions of Remarks,168,106,E656
"TRIBUTE TO RETIRING SUPERINTENDENT HENDERSON LEWIS, JR., PHD; Congressional Record Vol. 168, No. 53",https://www.congress.gov/congressional-record/volume-168/issue-53/extensions-of-remarks-section/article/E289-2,3/24/22,Extensions of Remarks,168,53,E289
"RECOGNIZING HOCKEY'S DECLARATION OF PRINCIPLES; Congressional Record Vol. 164, No. 42",https://www.congress.gov/congressional-record/volume-164/issue-42/extensions-of-remarks-section/article/E291-5,3/9/18,Extensions of Remarks,164,42,E291
"DEPARTMENT OF HOMELAND SECURITY APPROPRIATIONS ACT, 2024; Congressional Record Vol. 169, No. 158",https://www.congress.gov/congressional-record/volume-169/issue-158/extensions-of-remarks-section/article/E901-3,9/28/23,Extensions of Remarks,169,158,E901
"RECOGNIZING BLACK HISTORY MONTH ESSAY CONTEST WINNER SHEA DOWLING; Congressional Record Vol. 167, No. 37",https://www.congress.gov/congressional-record/volume-167/issue-37/extensions-of-remarks-section/article/E181-3,2/26/21,Extensions of Remarks,167,37,E181
"RECOGNIZING THE ACHIEVEMENTS OF RICHARD WAYNE PARKS; Congressional Record Vol. 166, No. 25",https://www.congress.gov/congressional-record/volume-166/issue-25/extensions-of-remarks-section/article/E145-2,2/6/20,Extensions of Remarks,166,25,E145
"INTRODUCTION OF THE VERA RUBIN SURVEY TELESCOPE DESIGNATION ACT; Congressional Record Vol. 165, No. 97",https://www.congress.gov/congressional-record/volume-165/issue-97/extensions-of-remarks-section/article/E748-3,6/11/19,Extensions of Remarks,165,97,E748
"TRIBUTE TO THE LIFE OF JUDGE WILEY DANIEL; Congressional Record Vol. 165, No. 92",https://www.congress.gov/congressional-record/volume-165/issue-92/extensions-of-remarks-section/article/E694-1,6/3/19,Extensions of Remarks,165,92,E694
"HONORING THE CAREER AND ACCOMPLISHMENTS OF MS. MARY ANN MELCHERS; Congressional Record Vol. 165, No. 62",https://www.congress.gov/congressional-record/volume-165/issue-62/extensions-of-remarks-section/article/E446-3,4/10/19,Extensions of Remarks,165,62,E446
"IN RECOGNITION OF MARCY SYMS; Congressional Record Vol. 164, No. 84",https://www.congress.gov/congressional-record/volume-164/issue-84/extensions-of-remarks-section/article/E708-5,5/22/18,Extensions of Remarks,164,84,E708
"NATIONAL CIVIL RIGHTS DAY; Congressional Record Vol. 164, No. 71",https://www.congress.gov/congressional-record/volume-164/issue-71/extensions-of-remarks-section/article/E578-1,5/1/18,Extensions of Remarks,164,71,E578
"SUBMITTED RESOLUTIONS; Congressional Record Vol. 168, No. 194",https://www.congress.gov/congressional-record/volume-168/issue-194/senate-section/article/S7202-1,12/14/22,Senate,168,194,S7202
"SUBMITTED RESOLUTIONS; Congressional Record Vol. 168, No. 56",https://www.congress.gov/congressional-record/volume-168/issue-56/senate-section/article/S1868-1,3/30/22,Senate,168,56,S1868
"FAMILY VIOLENCE PREVENTION AND SERVICES IMPROVEMENT ACT OF 2021; Congressional Record Vol. 167, No. 188",https://www.congress.gov/congressional-record/volume-167/issue-188/house-section/article/H5885-4,10/26/21,House,167,188,H5885
"HONORING NON-PROFITS AND NGO'S FOR PROVIDING CRITICAL INTERNATIONAL AID TO FIGHT THE COVID-19 PANDEMIC THROUGHOUT THE WORLD; Congressional Record Vol. 168, No. 78",https://www.congress.gov/congressional-record/volume-168/issue-78/extensions-of-remarks-section/article/E474-4,5/10/22,Extensions of Remarks,168,78,E474
"SENATE RESOLUTION 751--DESIGNATING MAY 2026 AS ""ALS AWARENESS MONTH""; Congressional Record Vol. 172, No. 87",https://www.congress.gov/congressional-record/volume-172/issue-87/senate-section/article/S2446-3,5/21/26,Senate,172,87,S2446
"SENATE RESOLUTION 266--DESIGNATING MAY 2025 AS ""ALS AWARENESS MONTH""; Congressional Record Vol. 171, No. 96",https://www.congress.gov/congressional-record/volume-171/issue-96/senate-section/article/S3256-3,6/5/25,Senate,171,96,S3256
"SENATE RESOLUTION 713--DESIGNATING MAY 2024 AS ""ALS AWARENESS MONTH""; Congressional Record Vol. 170, No. 90",https://www.congress.gov/congressional-record/volume-170/issue-90/senate-section/article/S3893-2,5/23/24,Senate,170,90,S3893
"TRIBUTE TO COLONEL DEBORAH J. McDONALD; Congressional Record Vol. 170, No. 68",https://www.congress.gov/congressional-record/volume-170/issue-68/senate-section/article/S2867-1,4/18/24,Senate,170,68,S2867
"SUBMITTED RESOLUTIONS; Congressional Record Vol. 169, No. 99",https://www.congress.gov/congressional-record/volume-169/issue-99/senate-section/article/S2009-1,6/7/23,Senate,169,99,S2009
"TRIBUTE TO JEANNE KOHL-WELLES; Congressional Record Vol. 169, No. 69",https://www.congress.gov/congressional-record/volume-169/issue-69/senate-section/article/S1336-2,4/25/23,Senate,169,69,S1336
"TRIBUTE TO JOE McDERMOTT; Congressional Record Vol. 169, No. 69",https://www.congress.gov/congressional-record/volume-169/issue-69/senate-section/article/S1336-3,4/25/23,Senate,169,69,S1336
"Text of Senate Amendment 64; Congressional Record Vol. 169, No. 58",https://www.congress.gov/congressional-record/volume-169/issue-58/senate-section/article/S1108-9,3/30/23,Senate,169,58,S1108
"SENATE RESOLUTION 635--DESIGNATING MAY 2022 AS ``ALS AWARENESS MONTH''; Congressional Record Vol. 168, No. 83",https://www.congress.gov/congressional-record/volume-168/issue-83/senate-section/article/S2522-1,5/16/22,Senate,168,83,S2522
"SUBMITTED RESOLUTIONS; Congressional Record Vol. 167, No. 94",https://www.congress.gov/congressional-record/volume-167/issue-94/senate-section/article/S3933-4,5/28/21,Senate,167,94,S3933
"Introductory Statement on S. 1497; Congressional Record Vol. 167, No. 74",https://www.congress.gov/congressional-record/volume-167/issue-74/senate-section/article/S2363-1,4/29/21,Senate,167,74,S2363
"VAISAKHI AND THE 400TH BIRTHDAY OF GURU TEG BAHADUR; Congressional Record Vol. 167, No. 64",https://www.congress.gov/congressional-record/volume-167/issue-64/senate-section/article/S1937-1,4/14/21,Senate,167,64,S1937
"TRIBUTE TO NATHANIEL JONES; Congressional Record Vol. 166, No. 18",https://www.congress.gov/congressional-record/volume-166/issue-18/senate-section/article/S633-1,1/28/20,Senate,166,18,S633
"NATIONAL DEFENSE AUTHORIZATION ACT; Congressional Record Vol. 165, No. 204",https://www.congress.gov/congressional-record/volume-165/issue-204/senate-section/article/S7089-4,12/17/19,Senate,165,204,S7089
"REMEMBERING MORRIS ANDREWS; Congressional Record Vol. 165, No. 171",https://www.congress.gov/congressional-record/volume-165/issue-171/senate-section/article/S6238-3,10/29/19,Senate,165,171,S6238
"U.S. WOMEN'S WORLD CUP VICTORY; Congressional Record Vol. 165, No. 113",https://www.congress.gov/congressional-record/volume-165/issue-113/senate-section/article/S4684-2,7/8/19,Senate,165,113,S4684
"Equal Pay (Executive Session); Congressional Record Vol. 165, No. 97",https://www.congress.gov/congressional-record/volume-165/issue-97/senate-section/article/S3301-4,6/11/19,Senate,165,97,S3301
"Nomination of Neomi J. Rao (Executive Session); Congressional Record Vol. 165, No. 45",https://www.congress.gov/congressional-record/volume-165/issue-45/senate-section/article/S1816-1,3/13/19,Senate,165,45,S1816
"TRIBUTE TO KATHERINE JOHNSON; Congressional Record Vol. 164, No. 148",https://www.congress.gov/congressional-record/volume-164/issue-148/senate-section/article/S6052-1,9/6/18,Senate,164,148,S6052
"INTRODUCTION OF BILLS AND JOINT RESOLUTIONS; Congressional Record Vol. 164, No. 49",https://www.congress.gov/congressional-record/volume-164/issue-49/senate-section/article/S1875-1,3/21/18,Senate,164,49,S1875
"MONTANA'S WOMEN VETERANS OF WWI; Congressional Record Vol. 163, No. 175",https://www.congress.gov/congressional-record/volume-163/issue-175/senate-section/article/S6874-2,10/30/17,Senate,163,175,S6874
"REMEMBERING 9/11; Congressional Record Vol. 171, No. 148",https://www.congress.gov/congressional-record/volume-171/issue-148/house-section/article/H4170-2,9/10/25,House,171,148,H4170
"CARIBBEAN-AMERICAN HERITAGE MONTH; Congressional Record Vol. 171, No. 101",https://www.congress.gov/congressional-record/volume-171/issue-101/house-section/article/H2658-1,6/12/25,House,171,101,H2658
"RECOGNIZING NEW FREEDOM FARM AND LOIS McGILL; Congressional Record Vol. 171, No. 99",https://www.congress.gov/congressional-record/volume-171/issue-99/house-section/article/H2580-1,6/10/25,House,171,99,H2580
"NATIONAL VOTER REGISTRATION DAY, 2022; Congressional Record Vol. 168, No. 152",https://www.congress.gov/congressional-record/volume-168/issue-152/house-section/article/H8013-4,9/21/22,House,168,152,H8013
"THE OPIOID CRISIS AND THE AICDAC GRANT; Congressional Record Vol. 165, No. 156",https://www.congress.gov/congressional-record/volume-165/issue-156/house-section/article/H7993-5,9/26/19,House,165,156,H7993
"OPIOID EPIDEMIC IS PUBLIC HEALTH CRISIS; Congressional Record Vol. 165, No. 8",https://www.congress.gov/congressional-record/volume-165/issue-8/house-section/article/H548-1,1/15/19,House,165,8,H548
"AUTHORIZING TESTIMONY, DOCUMENT PRODUCTION, AND REPRESENTATION BY THE SENATE LEGAL COUNSEL IN THE CASE OF IN RE ARCHITECT OF THE CAPITOL EMPLOYMENT DISPUTE; Congressional Record Vol. 171, No. 95",https://www.congress.gov/congressional-record/volume-171/issue-95/senate-section/article/S3237-2,6/4/25,Senate,171,95,S3237
"SENATE RESOLUTION 224--DESIGNATING MAY 2023 AS ""ALS AWARENESS MONTH""; Congressional Record Vol. 169, No. 84",https://www.congress.gov/congressional-record/volume-169/issue-84/senate-section/article/S1752-3,5/18/23,Senate,169,84,S1752
"Nomination of Monica P. Medina (Executive Calendar); Congressional Record Vol. 167, No. 165",https://www.congress.gov/congressional-record/volume-167/issue-165/senate-section/article/S6660-2,9/23/21,Senate,167,165,S6660
"Remembering Justice Ruth Bader Ginsburg (Executive Session); Congressional Record Vol. 166, No. 163",https://www.congress.gov/congressional-record/volume-166/issue-163/senate-section/article/S5728-1,9/21/20,Senate,166,163,S5728
"SENATE RESOLUTION 480--RAISING AWARENESS AND ENCOURAGING THE PREVENTION OF STALKING BY DESIGNATING JANUARY 2020 AS ""NATIONAL STALKING AWARENESS MONTH""; Congressional Record Vol. 166, No. 12",https://www.congress.gov/congressional-record/volume-166/issue-12/senate-section/article/S437-1,1/21/20,Senate,166,12,S437
"SENATE RESOLUTION 44--RAISING AWARENESS AND ENCOURAGING THE PREVENTION OF STALKING BY DESIGNATING JANUARY 2019 AS ""NATIONAL STALKING AWARENESS MONTH""; Congressional Record Vol. 165, No. 22",https://www.congress.gov/congressional-record/volume-165/issue-22/senate-section/article/S870-3,2/5/19,Senate,165,22,S870
"SENATE RESOLUTION 390--RAISING AWARENESS AND ENCOURAGING THE PREVENTION OF STALKING BY DESIGNATING JANUARY 2018 AS ``NATIONAL STALKING AWARENESS MONTH''; Congressional Record Vol. 164, No. 20",https://www.congress.gov/congressional-record/volume-164/issue-20/senate-section/article/S586-2,1/30/18,Senate,164,20,S586
"Introductory Statement on S. 1307; Congressional Record Vol. 163, No. 97",https://www.congress.gov/congressional-record/volume-163/issue-97/senate-section/article/S3330-2,6/7/17,Senate,163,97,S3330
"WEEK ON THE STATUS OF BLACK WOMEN; Congressional Record Vol. 163, No. 53",https://www.congress.gov/congressional-record/volume-163/issue-53/senate-section/article/S1993-2,3/27/17,Senate,163,53,S1993
"SENATE RESOLUTION 41--RAISING AWARENESS AND ENCOURAGING THE PREVENTION OF STALKING BY DESIGNATING JANUARY 2017 AS ``NATIONAL STALKING AWARENESS MONTH''; Congressional Record Vol. 163, No. 17",https://www.congress.gov/congressional-record/volume-163/issue-17/senate-section/article/S603-3,2/1/17,Senate,163,17,S603
"SENATE RESOLUTION 11--ENCOURAGING THE DEVELOPMENT OF BEST BUSINESS PRACTICES TO FULLY UTILIZE THE POTENTIAL OF THE UNITED STATES; Congressional Record Vol. 163, No. 6",https://www.congress.gov/congressional-record/volume-163/issue-6/senate-section/article/S209-1,1/10/17,Senate,163,6,S209
"SUPPORTING THE WOMEN'S BUREAU AT THE DEPARTMENT OF LABOR; Congressional Record Vol. 171, No. 81",https://www.congress.gov/congressional-record/volume-171/issue-81/house-section/article/H2005-5,5/14/25,House,171,81,H2005
"BLACK HISTORY IS AMERICAN HISTORY; Congressional Record Vol. 171, No. 25",https://www.congress.gov/congressional-record/volume-171/issue-25/house-section/article/H515-2,2/6/25,House,171,25,H515
"REPORTS OF COMMITTEES ON PUBLIC BILLS AND RESOLUTIONS; Congressional Record Vol. 168, No. 198",https://www.congress.gov/congressional-record/volume-168/issue-198/house-section/article/H9908-1,12/20/22,House,168,198,H9908
"WE HAVE MUCH WORK TO DO TO BETTER UNDERSTAND THE CAUSE OF SUDDEN UNEXPECTED DEATH SYNDROME; Congressional Record Vol. 166, No. 166",https://www.congress.gov/congressional-record/volume-166/issue-166/house-section/article/H4892-3,9/24/20,House,166,166,H4892
"Nomination of Chad A. Readler (Executive Session); Congressional Record Vol. 165, No. 40",https://www.congress.gov/congressional-record/volume-165/issue-40/senate-section/article/S1680-1,3/6/19,Senate,165,40,S1680
"SENATE RESOLUTION 436--RECOGNIZING THE GIRL SCOUTS OF THE UNITED STATES OF AMERICA ON ITS 106TH BIRTHDAY AND AFFIRMING THE IMPORTANCE OF LEADERSHIP DEVELOPMENT FOR GIRLS; Congressional Record Vol. 164, No. 45",https://www.congress.gov/congressional-record/volume-164/issue-45/senate-section/article/S1737-2,3/14/18,Senate,164,45,S1737
"Protection of Women and Girls in Sports Act of 2025 (Executive Session); Congressional Record Vol. 171, No. 40",https://www.congress.gov/congressional-record/volume-171/issue-40/senate-section/article/S1453-1,3/3/25,Senate,171,40,S1453
"ADDITIONAL COSPONSORS; Congressional Record Vol. 169, No. 108",https://www.congress.gov/congressional-record/volume-169/issue-108/senate-section/article/S2186-2,6/21/23,Senate,169,108,S2186
"ADDITIONAL COSPONSORS; Congressional Record Vol. 165, No. 144",https://www.congress.gov/congressional-record/volume-165/issue-144/senate-section/article/S5407-3,9/10/19,Senate,165,144,S5407
"ELIE WIESEL GENOCIDE AND ATROCITIES PREVENTION ACT OF 2018; Congressional Record Vol. 164, No. 196",https://www.congress.gov/congressional-record/volume-164/issue-196/senate-section/article/S7522-1,12/12/18,Senate,164,196,S7522
"THE BREAKDOWN OF THE FAMILY; Congressional Record Vol. 170, No. 115",https://www.congress.gov/congressional-record/volume-170/issue-115/house-section/article/H4618-1,7/11/24,House,170,115,H4618
"PUBLIC BILLS AND RESOLUTIONS; Congressional Record Vol. 169, No. 112",https://www.congress.gov/congressional-record/volume-169/issue-112/house-section/article/H3149-3,6/27/23,House,169,112,H3149
"SAVE America Act (Executive Session); Congressional Record Vol. 172, No. 48",https://www.congress.gov/congressional-record/volume-172/issue-48/senate-section/article/S1061-1,3/17/26,Senate,172,48,S1061
"ADDITIONAL COSPONSORS; Congressional Record Vol. 171, No. 213",https://www.congress.gov/congressional-record/volume-171/issue-213/senate-section/article/S8834-1,12/17/25,Senate,171,213,S8834
"AMERICAN RESCUE PLAN ACT OF 2021; Congressional Record Vol. 167, No. 46",https://www.congress.gov/congressional-record/volume-167/issue-46/senate-section/article/S1496-2,3/11/21,Senate,167,46,S1496
"REAFFIRMING THE SENATE'S COMMITMENT TO THE ORDERLY AND PEACEFUL TRANSFER OF POWER; Congressional Record Vol. 166, No. 166",https://www.congress.gov/congressional-record/volume-166/issue-166/senate-section/article/S5855-1,9/24/20,Senate,166,166,S5855
"COLONEL MARY LOUISE RASMUSON CAMPUS OF THE ALASKA VA HEALTHCARE SYSTEM ACT OF 2022; Congressional Record Vol. 168, No. 199",https://www.congress.gov/congressional-record/volume-168/issue-199/house-section/article/H9959-1,12/21/22,House,168,199,H9959
"PUBLIC BILLS AND RESOLUTIONS; Congressional Record Vol. 166, No. 143",https://www.congress.gov/congressional-record/volume-166/issue-143/house-section/article/H4229-9,8/11/20,House,166,143,H4229
"PUBLIC BILLS AND RESOLUTIONS; Congressional Record Vol. 163, No. 90",https://www.congress.gov/congressional-record/volume-163/issue-90/house-section/article/H4567-5,5/24/17,House,163,90,H4567
"EVERY AMERICAN WANTS A STRONG MILITARY; Congressional Record Vol. 169, No. 205",https://www.congress.gov/congressional-record/volume-169/issue-205/house-section/article/H6936-1,12/13/23,House,169,205,H6936
"Nomination of Tracy Stone-Manning (Executive Calendar); Congressional Record Vol. 167, No. 171",https://www.congress.gov/congressional-record/volume-167/issue-171/senate-section/article/S6821-2,9/30/21,Senate,167,171,S6821
"TEXT OF AMENDMENTS; Congressional Record Vol. 167, No. 64",https://www.congress.gov/congressional-record/volume-167/issue-64/senate-section/article/S1944-3,4/14/21,Senate,167,64,S1944
"MOTION TO SUSPEND THE RULES AND PASS CERTAIN BILLS AND AGREE TO RESOLUTIONS; Congressional Record Vol. 167, No. 113",https://www.congress.gov/congressional-record/volume-167/issue-113/house-section/article/H3258-1,6/29/21,House,167,113,H3258
"CELEBRATING WOMEN'S HISTORY MONTH; Congressional Record Vol. 167, No. 50",https://www.congress.gov/congressional-record/volume-167/issue-50/house-section/article/H1484-1,3/17/21,House,167,50,H1484
"HONORING VANESSA L. GIBSON FOR WOMEN'S HISTORY MONTH; Congressional Record Vol. 171, No. 45",https://www.congress.gov/congressional-record/volume-171/issue-45/extensions-of-remarks-section/article/E208-2,3/11/25,Extensions of Remarks,171,45,E208
"SUPPORTING RACE-CONSCIOUS ADMISSIONS IN HIGHER EDUCATION; Congressional Record Vol. 170, No. 114",https://www.congress.gov/congressional-record/volume-170/issue-114/extensions-of-remarks-section/article/E715-2,7/10/24,Extensions of Remarks,170,114,E715
"TRIBUTE TO ANNA MAE WILSON ROBERTSON; Congressional Record Vol. 170, No. 40",https://www.congress.gov/congressional-record/volume-170/issue-40/extensions-of-remarks-section/article/E217-5,3/6/24,Extensions of Remarks,170,40,E217
"IN HONOR OF HARINI KRISHNAN; Congressional Record Vol. 168, No. 53",https://www.congress.gov/congressional-record/volume-168/issue-53/extensions-of-remarks-section/article/E296-5,3/24/22,Extensions of Remarks,168,53,E296
"HONORING DR. MICHELLE KAVANAUGH; Congressional Record Vol. 166, No. 194",https://www.congress.gov/congressional-record/volume-166/issue-194/extensions-of-remarks-section/article/E1026-3,11/16/20,Extensions of Remarks,166,194,E1026
"TRIBUTE TO PHIL NEUENFELDT; Congressional Record Vol. 164, No. 152",https://www.congress.gov/congressional-record/volume-164/issue-152/extensions-of-remarks-section/article/E1231-5,9/12/18,Extensions of Remarks,164,152,E1231
"HUMAN RIGHTS ABUSES; Congressional Record Vol. 164, No. 46",https://www.congress.gov/congressional-record/volume-164/issue-46/extensions-of-remarks-section/article/E324-3,3/15/18,Extensions of Remarks,164,46,E324
"INTRODUCTION OF THE BLUE PACIFIC ACT; Congressional Record Vol. 171, No. 119",https://www.congress.gov/congressional-record/volume-171/issue-119/extensions-of-remarks-section/article/E656-1,7/10/25,Extensions of Remarks,171,119,E656
"RECOGNIZING VIRGINIA'S FOURTH DISTRICT BLACK HISTORY MONTH ESSAY CONTEST--1ST PLACE HIGH SCHOOL WINNER, TANVI PALAVALAS; Congressional Record Vol. 171, No. 40",https://www.congress.gov/congressional-record/volume-171/issue-40/extensions-of-remarks-section/article/E176-2,3/3/25,Extensions of Remarks,171,40,E176
"HONORING THE LIFE AND LEGACY OF DR. FRANCINE L. BROADOUS OPUTA; Congressional Record Vol. 170, No. 158",https://www.congress.gov/congressional-record/volume-170/issue-158/extensions-of-remarks-section/article/E1051-2,10/22/24,Extensions of Remarks,170,158,E1051
"VIRGINIA'S FOURTH DISTRICT BLACK HISTORY MONTH ESSAY CONTEST--1ST PLACE MIDDLE SCHOOL WINNER, FRANCES WIDMER; Congressional Record Vol. 170, No. 30",https://www.congress.gov/congressional-record/volume-170/issue-30/extensions-of-remarks-section/article/E155-5,2/15/24,Extensions of Remarks,170,30,E155
"HONORING MS. KaYING YANG ON HER APPOINTMENT TO THE PRESIDENT'S ADVISORY COMMISSION ON ASIAN AMERICANS, NATIVE HAWAIIANS, AND PACIFIC ISLANDERS; Congressional Record Vol. 168, No. 67",https://www.congress.gov/congressional-record/volume-168/issue-67/extensions-of-remarks-section/article/E401-1,4/25/22,Extensions of Remarks,168,67,E401
"HONORING THE WOMEN OF STEEL AS WE CELEBRATE WOMEN'S HISTORY MONTH; Congressional Record Vol. 167, No. 54",https://www.congress.gov/congressional-record/volume-167/issue-54/extensions-of-remarks-section/article/E294-2,3/23/21,Extensions of Remarks,167,54,E294
"AMERICA'S GLOBAL LEADERSHIP DURING COVID-19; Congressional Record Vol. 166, No. 80",https://www.congress.gov/congressional-record/volume-166/issue-80/extensions-of-remarks-section/article/E402-1,4/28/20,Extensions of Remarks,166,80,E402
"SUBMITTED RESOLUTIONS; Congressional Record Vol. 164, No. 75",https://www.congress.gov/congressional-record/volume-164/issue-75/senate-section/article/S2596-1,5/9/18,Senate,164,75,S2596
"WOMEN'S HEALTH; Congressional Record Vol. 164, No. 47",https://www.congress.gov/congressional-record/volume-164/issue-47/senate-section/article/S1786-1,3/19/18,Senate,164,47,S1786
"Introductory Statement on S. 3365; Congressional Record Vol. 171, No. 203",https://www.congress.gov/congressional-record/volume-171/issue-203/senate-section/article/S8513-1,12/4/25,Senate,171,203,S8513
"INTRODUCTION OF BILLS AND JOINT RESOLUTIONS; Congressional Record Vol. 171, No. 144",https://www.congress.gov/congressional-record/volume-171/issue-144/senate-section/article/S6008-3,9/3/25,Senate,171,144,S6008
"Rescissions (Executive Session); Congressional Record Vol. 171, No. 121",https://www.congress.gov/congressional-record/volume-171/issue-121/senate-section/article/S4345-9,7/15/25,Senate,171,121,S4345
"Introductory Statement on S. 2093; Congressional Record Vol. 171, No. 104",https://www.congress.gov/congressional-record/volume-171/issue-104/senate-section/article/S3437-2,6/17/25,Senate,171,104,S3437
"NDAA (Executive Session); Congressional Record Vol. 170, No. 179",https://www.congress.gov/congressional-record/volume-170/issue-179/senate-section/article/S6799-1,12/4/24,Senate,170,179,S6799
"Respect for Marriage Act (Executive Calendar); Congressional Record Vol. 168, No. 184",https://www.congress.gov/congressional-record/volume-168/issue-184/senate-section/article/S6878-1,11/30/22,Senate,168,184,S6878
"SENATE RESOLUTION 210--DESIGNATING JULY 21, 2021, AS ``GLIOBLASTOMA AWARENESS DAY''; Congressional Record Vol. 167, No. 82",https://www.congress.gov/congressional-record/volume-167/issue-82/senate-section/article/S2492-2,5/12/21,Senate,167,82,S2492
"GEORGIA SHOOTINGS; Congressional Record Vol. 167, No. 51",https://www.congress.gov/congressional-record/volume-167/issue-51/senate-section/article/S1623-8,3/18/21,Senate,167,51,S1623
"ADDITIONAL COSPONSORS; Congressional Record Vol. 166, No. 193",https://www.congress.gov/congressional-record/volume-166/issue-193/senate-section/article/S6676-1,11/12/20,Senate,166,193,S6676
"100TH ANNIVERSARY OF THE 19TH AMENDMENT; Congressional Record Vol. 166, No. 140",https://www.congress.gov/congressional-record/volume-166/issue-140/senate-section/article/S5263-1,8/6/20,Senate,166,140,S5263
"Nominations (Executive Session); Congressional Record Vol. 165, No. 81",https://www.congress.gov/congressional-record/volume-165/issue-81/senate-section/article/S2847-3,5/15/19,Senate,165,81,S2847
"SUBMITTED RESOLUTIONS; Congressional Record Vol. 164, No. 121",https://www.congress.gov/congressional-record/volume-164/issue-121/senate-section/article/S5069-2,7/18/18,Senate,164,121,S5069
"VETERAN PARTNERS' EFFORTS TO ENHANCE REINTEGRATION ACT; Congressional Record Vol. 164, No. 19",https://www.congress.gov/congressional-record/volume-164/issue-19/senate-section/article/S554-1,1/29/18,Senate,164,19,S554
"PUBLIC BILLS AND RESOLUTIONS; Congressional Record Vol. 171, No. 93",https://www.congress.gov/congressional-record/volume-171/issue-93/house-section/article/H2382-1,6/2/25,House,171,93,H2382
"WINNERS OF THE CONGRESSIONAL SPEECH COMPETITION; Congressional Record Vol. 171, No. 81",https://www.congress.gov/congressional-record/volume-171/issue-81/house-section/article/H2010-2,5/14/25,House,171,81,H2010
"HONORING NIKKI GIOVANNI; Congressional Record Vol. 170, No. 184",https://www.congress.gov/congressional-record/volume-170/issue-184/house-section/article/H6811-1,12/11/24,House,170,184,H6811
"MAGA POLITICAL PRIORITIES; Congressional Record Vol. 169, No. 45",https://www.congress.gov/congressional-record/volume-169/issue-45/house-section/article/H1213-2,3/9/23,House,169,45,H1213
"MESSAGE FROM THE SENATE; Congressional Record Vol. 168, No. 199",https://www.congress.gov/congressional-record/volume-168/issue-199/house-section/article/H9914-1,12/21/22,House,168,199,H9914
"PUBLIC BILLS AND RESOLUTIONS; Congressional Record Vol. 168, No. 137",https://www.congress.gov/congressional-record/volume-168/issue-137/house-section/article/H7715-9,8/19/22,House,168,137,H7715
"PUBLIC BILLS AND RESOLUTIONS; Congressional Record Vol. 168, No. 71",https://www.congress.gov/congressional-record/volume-168/issue-71/house-section/article/H4707-5,4/29/22,House,168,71,H4707
"RECOGNIZING BRAS FOR A CAUSE; Congressional Record Vol. 167, No. 184",https://www.congress.gov/congressional-record/volume-167/issue-184/house-section/article/H5686-2,10/20/21,House,167,184,H5686
"CALL FOR REPRODUCTIVE JUSTICE; Congressional Record Vol. 166, No. 43",https://www.congress.gov/congressional-record/volume-166/issue-43/house-section/article/H1499-2,3/4/20,House,166,43,H1499
"MARCH FOR LIFE; Congressional Record Vol. 165, No. 9",https://www.congress.gov/congressional-record/volume-165/issue-9/house-section/article/H612-2,1/16/19,House,165,9,H612
"CONGRATULATING MANHEIM TOWNSHIP HIGH SCHOOL BOYS LACROSSE; Congressional Record Vol. 164, No. 99",https://www.congress.gov/congressional-record/volume-164/issue-99/house-section/article/H5159-1,6/14/18,House,164,99,H5159
"SNAP CUTS; Congressional Record Vol. 164, No. 68",https://www.congress.gov/congressional-record/volume-164/issue-68/house-section/article/H3583-2,4/26/18,House,164,68,H3583
"STATEMENTS ON INTRODUCED BILLS AND JOINT RESOLUTIONS; Congressional Record Vol. 171, No. 104",https://www.congress.gov/congressional-record/volume-171/issue-104/senate-section/article/S3437-1,6/17/25,Senate,171,104,S3437
"SENATE RESOLUTION 825--RECOGNIZING THE SIGNIFICANCE OF EQUAL PAY AND THE PAY DISPARITY BETWEEN DISABLED WOMEN AND BOTH DISABLED AND NONDISABLED MEN; Congressional Record Vol. 170, No. 145",https://www.congress.gov/congressional-record/volume-170/issue-145/senate-section/article/S6148-1,9/18/24,Senate,170,145,S6148
"SENATE RESOLUTION 371--SUPPORTING THE DESIGNATION OF THE WEEK OF SEPTEMBER 18 THROUGH SEPTEMBER 22, 2023, AS ""MALNUTRITION AWARENESS WEEK""; Congressional Record Vol. 169, No. 157",https://www.congress.gov/congressional-record/volume-169/issue-157/senate-section/article/S4724-2,9/27/23,Senate,169,157,S4724
"SENATE RESOLUTION 788--DESIGNATING THE WEEK OF SEPTEMBER 19 THROUGH SEPTEMBER 23, 2022, AS ``MALNUTRITION AWARENESS WEEK''; Congressional Record Vol. 168, No. 152",https://www.congress.gov/congressional-record/volume-168/issue-152/senate-section/article/S4916-1,9/21/22,Senate,168,152,S4916
"Text of Senate Amendment 3963; Congressional Record Vol. 167, No. 190",https://www.congress.gov/congressional-record/volume-167/issue-190/senate-section/article/S7476-2,10/28/21,Senate,167,190,S7476
"SENATE RESOLUTION 21--RAISING AWARENESS AND ENCOURAGING THE PREVENTION OF STALKING BY DESIGNATING JANUARY 2021 AS ``NATIONAL STALKING AWARENESS MONTH''; Congressional Record Vol. 167, No. 17",https://www.congress.gov/congressional-record/volume-167/issue-17/senate-section/article/S203-1,1/28/21,Senate,167,17,S203
"SENATE RESOLUTION 716--DESIGNATING THE WEEK OF OCTOBER 5 THROUGH OCTOBER 9, 2020, AS ""MALNUTRITION AWARENESS WEEK""; Congressional Record Vol. 166, No. 166",https://www.congress.gov/congressional-record/volume-166/issue-166/senate-section/article/S5875-2,9/24/20,Senate,166,166,S5875
"Tribute to Erica Knievel Songer (Executive Session); Congressional Record Vol. 166, No. 163",https://www.congress.gov/congressional-record/volume-166/issue-163/senate-section/article/S5728-2,9/21/20,Senate,166,163,S5728
"SENATE RESOLUTION 588--DESIGNATING MAY 2020 AS ""ALS AWARENESS MONTH""; Congressional Record Vol. 166, No. 94",https://www.congress.gov/congressional-record/volume-166/issue-94/senate-section/article/S2507-3,5/19/20,Senate,166,94,S2507
"SENATE RESOLUTION 393--RECOGNIZING THE HISTORICAL, CULTURAL, AND RELIGIOUS SIGNIFICANCE OF THE 550TH BIRTHDAY OF GURU NANAK AND THE CONTRIBUTIONS AND SACRIFICES MADE BY SIKHS OF THE UNITED STATES; Congressional Record Vol. 165, No. 173",https://www.congress.gov/congressional-record/volume-165/issue-173/senate-section/article/S6339-1,10/31/19,Senate,165,173,S6339
"COMMENDING OMAR MARTINEZ GONZALEZ; Congressional Record Vol. 171, No. 208",https://www.congress.gov/congressional-record/volume-171/issue-208/house-section/article/H5115-4,12/10/25,House,171,208,H5115
"CELEBRATING 100 YEARS OF WOMEN'S SUFFRAGE; Congressional Record Vol. 166, No. 165",https://www.congress.gov/congressional-record/volume-166/issue-165/house-section/article/H4721-1,9/23/20,House,166,165,H4721
"CONGRESS MUST MEET ITS CONSTITUTIONAL OBLIGATION; Congressional Record Vol. 165, No. 45",https://www.congress.gov/congressional-record/volume-165/issue-45/house-section/article/H2685-2,3/13/19,House,165,45,H2685
"UNDERSTAND THE POWER A COURT CAN WIELD; Congressional Record Vol. 164, No. 147",https://www.congress.gov/congressional-record/volume-164/issue-147/house-section/article/H7828-2,9/5/18,House,164,147,H7828
"WOMEN ARE CASUALTIES OF INACTION; Congressional Record Vol. 163, No. 59",https://www.congress.gov/congressional-record/volume-163/issue-59/house-section/article/H2701-2,4/5/17,House,163,59,H2701
"Introductory Statement on S. 3540; Congressional Record Vol. 164, No. 163",https://www.congress.gov/congressional-record/volume-164/issue-163/senate-section/article/S6439-3,10/2/18,Senate,164,163,S6439
"STATEMENTS ON INTRODUCED BILLS AND JOINT RESOLUTIONS; Congressional Record Vol. 164, No. 163",https://www.congress.gov/congressional-record/volume-164/issue-163/senate-section/article/S6439-2,10/2/18,Senate,164,163,S6439
"Daily Digest/House of Representatives; Congressional Record Vol. 168, No. 195",https://www.congress.gov/congressional-record/volume-168/issue-195/daily-digest/article/D1238-1,12/15/22,Daily Digest,168,195,D1238
"Daily Digest/COMMITTEE MEETINGS FOR 2022-12-13; Congressional Record Vol. 168, No. 192",https://www.congress.gov/congressional-record/volume-168/issue-192/daily-digest/article/D1211-1,12/12/22,Daily Digest,168,192,D1211
"Daily Digest/House of Representatives; Congressional Record Vol. 168, No. 26",https://www.congress.gov/congressional-record/volume-168/issue-26/daily-digest/article/D153-1,2/9/22,Daily Digest,168,26,D153
"Daily Digest/COMMITTEE MEETINGS FOR 2020-09-10; Congressional Record Vol. 166, No. 155",https://www.congress.gov/congressional-record/volume-166/issue-155/daily-digest/article/D772-1,9/9/20,Daily Digest,166,155,D772
"Daily Digest/COMMITTEE MEETINGS FOR 2019-09-24; Congressional Record Vol. 165, No. 153",https://www.congress.gov/congressional-record/volume-165/issue-153/daily-digest/article/D1048-4,9/23/19,Daily Digest,165,153,D1048
"Daily Digest/House of Representatives; Congressional Record Vol. 165, No. 144",https://www.congress.gov/congressional-record/volume-165/issue-144/daily-digest/article/D987-2,9/10/19,Daily Digest,165,144,D987
"STATEMENTS ON INTRODUCED BILLS AND JOINT RESOLUTIONS; Congressional Record Vol. 170, No. 64",https://www.congress.gov/congressional-record/volume-170/issue-64/senate-section/article/S2742-1,4/15/24,Senate,170,64,S2742
"STATEMENTS ON INTRODUCED BILLS AND JOINT RESOLUTIONS; Congressional Record Vol. 170, No. 65",https://www.congress.gov/congressional-record/volume-170/issue-65/senate-section/article/S2742-1,4/15/24,Senate,170,65,S2742
"PROVIDING FOR CONSIDERATION OF H.R. 5665, COMBATING INTERNATIONAL ISLAMOPHOBIA ACT; Congressional Record Vol. 167, No. 215",https://www.congress.gov/congressional-record/volume-167/issue-215/house-section/article/H7653-2,12/14/21,House,167,215,H7653
"Amendment No. 173 Offered by Mr. Roy; Congressional Record Vol. 169, No. 157",https://www.congress.gov/congressional-record/volume-169/issue-157/house-section/article/H4620-1,9/27/23,House,169,157,H4620
"Daily Digest/House of Representatives; Congressional Record Vol. 169, No. 184",https://www.congress.gov/congressional-record/volume-169/issue-184/daily-digest/article/D1144-2,11/7/23,Daily Digest,169,184,D1144
"ALARM AT THE TRUMP ADMINISTRATION'S DANGEROUS ATTACK ON EDUCATION; Congressional Record Vol. 171, No. 68",https://www.congress.gov/congressional-record/volume-171/issue-68/extensions-of-remarks-section/article/E327-3,4/21/25,Extensions of Remarks,171,68,E327
"HONORING JUDY GEARHART; Congressional Record Vol. 166, No. 100",https://www.congress.gov/congressional-record/volume-166/issue-100/extensions-of-remarks-section/article/E496-3,5/28/20,Extensions of Remarks,166,100,E496
"2018: THE YEAR OF THE BLACK WOMAN; Congressional Record Vol. 164, No. 48",https://www.congress.gov/congressional-record/volume-164/issue-48/extensions-of-remarks-section/article/E349-1,3/20/18,Extensions of Remarks,164,48,E349
"YEAR OF THE BLACK WOMAN; Congressional Record Vol. 164, No. 47",https://www.congress.gov/congressional-record/volume-164/issue-47/extensions-of-remarks-section/article/E338-3,3/19/18,Extensions of Remarks,164,47,E338
"Text of Senate Amendment 1467; Congressional Record Vol. 170, No. 24",https://www.congress.gov/congressional-record/volume-170/issue-24/senate-section/article/S613-1,2/9/24,Senate,170,24,S613
"HONORING THE GAY AND LESBIAN ACTIVISTS ALLIANCE OF WASHINGTON, D.C.; Congressional Record Vol. 164, No. 58",https://www.congress.gov/congressional-record/volume-164/issue-58/extensions-of-remarks-section/article/E435-4,4/11/18,Extensions of Remarks,164,58,E435
"HONORING FRED DOUGLAS MASON, JR.; Congressional Record Vol. 163, No. 96",https://www.congress.gov/congressional-record/volume-163/issue-96/extensions-of-remarks-section/article/E758-4,6/6/17,Extensions of Remarks,163,96,E758
"HONORING LISA M. MAATZ FOR HER OUTSTANDING CONTRIBUTIONS WITH THE AMERICAN ASSOCIATION OF UNIVERSITY WOMEN; Congressional Record Vol. 163, No. 96",https://www.congress.gov/congressional-record/volume-163/issue-96/extensions-of-remarks-section/article/E760-1,6/6/17,Extensions of Remarks,163,96,E760
"INTRODUCTION OF BILLS AND JOINT RESOLUTIONS; Congressional Record Vol. 171, No. 161",https://www.congress.gov/congressional-record/volume-171/issue-161/senate-section/article/S6905-3,10/1/25,Senate,171,161,S6905
"INTRODUCTION OF CONSTITUTIONAL AMENDMENT TO ELIMINATE THE ELECTORAL COLLEGE AND PROVIDE FOR THE DIRECT ELECTION OF THE PRESIDENT AND VICE PRESIDENT; Congressional Record Vol. 165, No. 1",https://www.congress.gov/congressional-record/volume-165/issue-1/extensions-of-remarks-section/article/E8-2,1/3/19,Extensions of Remarks,165,1,E8
"SENATE RESOLUTION 180--EXPRESSING SUPPORT FOR THE DESIGNATION OF APRIL 30, 2023, AS ""NATIONAL ADULT HEPATITIS B VACCINATION AWARENESS DAY""; Congressional Record Vol. 169, No. 71",https://www.congress.gov/congressional-record/volume-169/issue-71/senate-section/article/S1422-2,4/27/23,Senate,169,71,S1422
"JUDICIAL NOMINATIONS; Congressional Record Vol. 169, No. 31",https://www.congress.gov/congressional-record/volume-169/issue-31/senate-section/article/S407-5,2/15/23,Senate,169,31,S407
"SUBMITTED RESOLUTIONS; Congressional Record Vol. 169, No. 16",https://www.congress.gov/congressional-record/volume-169/issue-16/senate-section/article/S103-1,1/25/23,Senate,169,16,S103
"Text of Senate Amendment 6346; Congressional Record Vol. 168, No. 158",https://www.congress.gov/congressional-record/volume-168/issue-158/senate-section/article/S5872-2,9/29/22,Senate,168,158,S5872
"SENATE RESOLUTION 602--EXPRESSING SUPPORT FOR THE DESIGNATION OF APRIL 30, 2022, AS ``NATIONAL ADULT HEPATITIS B VACCINATION AWARENESS DAY''; Congressional Record Vol. 168, No. 70",https://www.congress.gov/congressional-record/volume-168/issue-70/senate-section/article/S2222-2,4/28/22,Senate,168,70,S2222
"Nomination of Lisa DeNell Cook (Executive Session); Congressional Record Vol. 168, No. 55",https://www.congress.gov/congressional-record/volume-168/issue-55/senate-section/article/S1817-1,3/29/22,Senate,168,55,S1817
"SUBMITTED RESOLUTIONS; Congressional Record Vol. 167, No. 168",https://www.congress.gov/congressional-record/volume-167/issue-168/senate-section/article/S6707-1,9/27/21,Senate,167,168,S6707
"Text of Senate Amendment 1517; Congressional Record Vol. 167, No. 86",https://www.congress.gov/congressional-record/volume-167/issue-86/senate-section/article/S2742-1,5/18/21,Senate,167,86,S2742
"NOMINATION OF CORY T. WILSON; Congressional Record Vol. 166, No. 115",https://www.congress.gov/congressional-record/volume-166/issue-115/senate-section/article/S3154-2,6/23/20,Senate,166,115,S3154
"REMEMBERING ANNA DIGGS TAYLOR; Congressional Record Vol. 163, No. 195",https://www.congress.gov/congressional-record/volume-163/issue-195/senate-section/article/S7559-2,11/30/17,Senate,163,195,S7559
"ANNIVERSARY OF NATO; Congressional Record Vol. 163, No. 58",https://www.congress.gov/congressional-record/volume-163/issue-58/senate-section/article/S2212-2,4/4/17,Senate,163,58,S2212
"TRIBUTE TO RAY MABUS; Congressional Record Vol. 163, No. 3",https://www.congress.gov/congressional-record/volume-163/issue-3/senate-section/article/S109-2,1/5/17,Senate,163,3,S109
"PROVIDING AN UPDATE TO THE AMERICAN PEOPLE; Congressional Record Vol. 171, No. 202",https://www.congress.gov/congressional-record/volume-171/issue-202/house-section/article/H5001-1,12/3/25,House,171,202,H5001
"PROJECT 2025; Congressional Record Vol. 170, No. 150",https://www.congress.gov/congressional-record/volume-170/issue-150/house-section/article/H5761-2,9/25/24,House,170,150,H5761
"BLACK HISTORY IS AMERICAN HISTORY; Congressional Record Vol. 170, No. 30",https://www.congress.gov/congressional-record/volume-170/issue-30/house-section/article/H643-1,2/15/24,House,170,30,H643
"HONORING THE LEGACY OF ROSALYNN CARTER; Congressional Record Vol. 169, No. 120",https://www.congress.gov/congressional-record/volume-169/issue-120/house-section/article/H3481-5,7/13/23,House,169,120,H3481
"FEDERAL TRIO PROGRAM; Congressional Record Vol. 167, No. 194",https://www.congress.gov/congressional-record/volume-167/issue-194/house-section/article/H6183-1,11/4/21,House,167,194,H6183
"REPORTS OF COMMITTEES ON PUBLIC BILLS AND RESOLUTIONS; Congressional Record Vol. 165, No. 78",https://www.congress.gov/congressional-record/volume-165/issue-78/house-section/article/H3725-1,5/10/19,House,165,78,H3725
"MINORITY MENTAL HEALTH AWARENESS MONTH; Congressional Record Vol. 164, No. 125",https://www.congress.gov/congressional-record/volume-164/issue-125/house-section/article/H7161-2,7/25/18,House,164,125,H7161
"PLAYING POLITICS WITH HEALTH CARE; Congressional Record Vol. 163, No. 7",https://www.congress.gov/congressional-record/volume-163/issue-7/house-section/article/H305-2,1/11/17,House,163,7,H305
"SENATE RESOLUTION 586--RAISING AWARENESS AND ENCOURAGING THE PREVENTION OF STALKING BY DESIGNATING JANUARY 2026 AS ""NATIONAL STALKING AWARENESS MONTH""; Congressional Record Vol. 172, No. 19",https://www.congress.gov/congressional-record/volume-172/issue-19/senate-section/article/S293-1,1/27/26,Senate,172,19,S293
"SENATE RESOLUTION 46--RAISING AWARENESS AND ENCOURAGING THE PREVENTION OF STALKING BY DESIGNATING JANUARY 2025 AS ""NATIONAL STALKING AWARENESS MONTH""; Congressional Record Vol. 171, No. 19",https://www.congress.gov/congressional-record/volume-171/issue-19/senate-section/article/S487-1,1/29/25,Senate,171,19,S487
"SENATE RESOLUTION 826--SUPPORTING THE DESIGNATION OF THE WEEK OF SEPTEMBER 16 THROUGH SEPTEMBER 20, 2024, AS ""MALNUTRITION AWARENESS WEEK""; Congressional Record Vol. 170, No. 145",https://www.congress.gov/congressional-record/volume-170/issue-145/senate-section/article/S6149-1,9/18/24,Senate,170,145,S6149
"Artificial Intelligence Insight Forum (Executive Session); Congressional Record Vol. 169, No. 147",https://www.congress.gov/congressional-record/volume-169/issue-147/senate-section/article/S4359-9,9/12/23,Senate,169,147,S4359
"SENATE RESOLUTION 581--SUPPORTING THE DESIGNATION OF THE WEEK OF APRIL 24 THROUGH APRIL 30, 2022, AS ``NATIONAL CRIME VICTIMS' RIGHTS WEEK''; Congressional Record Vol. 168, No. 61",https://www.congress.gov/congressional-record/volume-168/issue-61/senate-section/article/S2044-2,4/6/22,Senate,168,61,S2044
"Introductory Statement on S. 4819; Congressional Record Vol. 166, No. 178",https://www.congress.gov/congressional-record/volume-166/issue-178/senate-section/article/S6331-2,10/19/20,Senate,166,178,S6331
"STATEMENTS ON INTRODUCED BILLS AND JOINT RESOLUTIONS; Congressional Record Vol. 166, No. 178",https://www.congress.gov/congressional-record/volume-166/issue-178/senate-section/article/S6331-1,10/19/20,Senate,166,178,S6331
"Text of Senate Amendment 4082; Congressional Record Vol. 164, No. 196",https://www.congress.gov/congressional-record/volume-164/issue-196/senate-section/article/S7512-1,12/12/18,Senate,164,196,S7512
"NOTICE OF INTENTION TO OFFER RESOLUTION RAISING A QUESTION OF THE PRIVILEGES OF THE HOUSE; Congressional Record Vol. 172, No. 40",https://www.congress.gov/congressional-record/volume-172/issue-40/house-section/article/H2346-6,3/3/26,House,172,40,H2346
"CONTINUED ACCESS TO FERTILITY CARE; Congressional Record Vol. 170, No. 36",https://www.congress.gov/congressional-record/volume-170/issue-36/house-section/article/H701-2,2/28/24,House,170,36,H701
"COMMEMORATING THE LIFE OF GINNY NiCARTHY; Congressional Record Vol. 165, No. 172",https://www.congress.gov/congressional-record/volume-165/issue-172/house-section/article/H8602-1,10/30/19,House,165,172,H8602
"KEEP THE DOOR OPEN FOR DREAMERS; Congressional Record Vol. 163, No. 144",https://www.congress.gov/congressional-record/volume-163/issue-144/house-section/article/H7097-1,9/7/17,House,163,144,H7097
"ADDITIONAL COSPONSORS; Congressional Record Vol. 168, No. 157",https://www.congress.gov/congressional-record/volume-168/issue-157/senate-section/article/S5226-2,9/28/22,Senate,168,157,S5226
"ADDITIONAL COSPONSORS; Congressional Record Vol. 164, No. 179",https://www.congress.gov/congressional-record/volume-164/issue-179/senate-section/article/S6925-1,11/13/18,Senate,164,179,S6925
"PUBLIC BILLS AND RESOLUTIONS; Congressional Record Vol. 171, No. 60",https://www.congress.gov/congressional-record/volume-171/issue-60/house-section/article/H1416-1,4/3/25,House,171,60,H1416
"PUBLIC BILLS AND RESOLUTIONS; Congressional Record Vol. 170, No. 188",https://www.congress.gov/congressional-record/volume-170/issue-188/house-section/article/H7358-1,12/18/24,House,170,188,H7358
"SENATE RESOLUTION 240--AFFIRMING THAT DIVERSITY, EQUITY, INCLUSION , AND ACCESSIBILITY ARE FUNDAMENTAL VALUES OF THE UNITED STATES AND EMPHASIZING THE ONGOING NEED TO ADDRESS DISCRIMINATION AND...; Congressional Record Vol. 171, No. 86",https://www.congress.gov/congressional-record/volume-171/issue-86/senate-section/article/S3062-1,5/21/25,Senate,171,86,S3062
"GRANTING A FEDERAL CHARTER TO THE NATIONAL AMERICAN INDIAN VETERANS, INCORPORATED; Congressional Record Vol. 168, No. 178",https://www.congress.gov/congressional-record/volume-168/issue-178/senate-section/article/S6760-1,11/17/22,Senate,168,178,S6760
"JOINT TASK FORCE TO COMBAT OPIOID TRAFFICKING ACT OF 2019; Congressional Record Vol. 165, No. 156",https://www.congress.gov/congressional-record/volume-165/issue-156/house-section/article/H8022-1,9/26/19,House,165,156,H8022
"JOINT TASK FORCE TO COMBAT OPIOID TRAFFICKING ACT OF 2018; Congressional Record Vol. 164, No. 102",https://www.congress.gov/congressional-record/volume-164/issue-102/house-section/article/H5267-1,6/19/18,House,164,102,H5267
"Daily Digest/House of Representatives; Congressional Record Vol. 167, No. 35",https://www.congress.gov/congressional-record/volume-167/issue-35/daily-digest/article/D156-1,2/24/21,Daily Digest,167,35,D156
"Daily Digest/COMMITTEE MEETINGS FOR 2021-04-29; Congressional Record Vol. 167, No. 73",https://www.congress.gov/congressional-record/volume-167/issue-73/daily-digest/article/D448-1,4/28/21,Daily Digest,167,73,D448
"CONGRATULATING PRESIDENT LAI CHING-TE; Congressional Record Vol. 170, No. 89",https://www.congress.gov/congressional-record/volume-170/issue-89/extensions-of-remarks-section/article/E550-5,5/22/24,Extensions of Remarks,170,89,E550
"REMEMBERING ALCEE HASTINGS; Congressional Record Vol. 168, No. 61",https://www.congress.gov/congressional-record/volume-168/issue-61/extensions-of-remarks-section/article/E360-2,4/6/22,Extensions of Remarks,168,61,E360
"JOHN R. LEWIS VOTING RIGHTS ADVANCEMENT ACT OF 2021; Congressional Record Vol. 167, No. 153",https://www.congress.gov/congressional-record/volume-167/issue-153/extensions-of-remarks-section/article/E953-1,9/3/21,Extensions of Remarks,167,153,E953
"IN RECOGNITION OF THE 50TH ANNIVERSARY OF GIRLS INC.; Congressional Record Vol. 166, No. 37",https://www.congress.gov/congressional-record/volume-166/issue-37/extensions-of-remarks-section/article/E204-5,2/25/20,Extensions of Remarks,166,37,E204
"HONORING THE LIFE AND LEGACY OF CHARLES ""CHARLIE"" JAMES KIRK; Congressional Record Vol. 171, No. 154",https://www.congress.gov/congressional-record/volume-171/issue-154/extensions-of-remarks-section/article/E883-3,9/19/25,Extensions of Remarks,171,154,E883
"HONORING THE LEGACY OF LILLY LEDBETTER, EQUAL PAY CHAMPION; Congressional Record Vol. 171, No. 23",https://www.congress.gov/congressional-record/volume-171/issue-23/extensions-of-remarks-section/article/E89-1,2/4/25,Extensions of Remarks,171,23,E89
"CELEBRATING THE RETIREMENT OF MARZETTE ``MARZY'' BEDFORD-BILLINGHURST, LONGTIME FEDERAL EMPLOYEE AND CIVIL SERVANT; Congressional Record Vol. 169, No. 15",https://www.congress.gov/congressional-record/volume-169/issue-15/extensions-of-remarks-section/article/E43-4,1/24/23,Extensions of Remarks,169,15,E43
"TRIBUTE TO THE LIFE OF FORMER COLORADO GOVERNOR RICHARD LAMM; Congressional Record Vol. 167, No. 152",https://www.congress.gov/congressional-record/volume-167/issue-152/extensions-of-remarks-section/article/E939-1,8/31/21,Extensions of Remarks,167,152,E939
"RECOGNIZING TAMPA'S HEALTH CARE HERO, DR. DANA DARIEN GLENN, IN HONOR OF BLACK HISTORY MONTH; Congressional Record Vol. 167, No. 60",https://www.congress.gov/congressional-record/volume-167/issue-60/extensions-of-remarks-section/article/E350-1,4/5/21,Extensions of Remarks,167,60,E350
"RECOGNIZING BLACK HISTORY MONTH ESSAY CONTEST WINNER TOBI OJO; Congressional Record Vol. 167, No. 37",https://www.congress.gov/congressional-record/volume-167/issue-37/extensions-of-remarks-section/article/E180-3,2/26/21,Extensions of Remarks,167,37,E180
"COMMEMORATING THE 75TH ANNIVERSARY OF THE UNITED NATIONS; Congressional Record Vol. 166, No. 182",https://www.congress.gov/congressional-record/volume-166/issue-182/extensions-of-remarks-section/article/E980-2,10/23/20,Extensions of Remarks,166,182,E980
"IN RECOGNITION OF THE 150TH ANNIVERSARY OF THE RATIFICATION OF THE 14TH AMENDMENT; Congressional Record Vol. 164, No. 115",https://www.congress.gov/congressional-record/volume-164/issue-115/extensions-of-remarks-section/article/E987-3,7/10/18,Extensions of Remarks,164,115,E987
"INTRODUCTION OF CONSTITUTIONAL AMENDMENT TO ELIMINATE THE ELECTORAL COLLEGE AND PROVIDE FOR THE DIRECT ELECTION OF THE PRESIDENT AND VICE PRESIDENT; Congressional Record Vol. 163, No. 3",https://www.congress.gov/congressional-record/volume-163/issue-3/extensions-of-remarks-section/article/E24-5,1/5/17,Extensions of Remarks,163,3,E24
"VETERANS DELIVER LETTERS TO U.S. STATE DEPARTMENT OFFICES ACROSS U.S., URGING CRIMINAL INVESTIGATION OF BIDEN ADMINISTRATION'S ARMS SHIPMENTS TO ISRAEL; Congressional Record Vol. 170, No. 158",https://www.congress.gov/congressional-record/volume-170/issue-158/extensions-of-remarks-section/article/E1061-5,10/22/24,Extensions of Remarks,170,158,E1061
"Human Rights Defenders Protection Act (Executive Calendar); Congressional Record Vol. 170, No. 19",https://www.congress.gov/congressional-record/volume-170/issue-19/senate-section/article/S328-3,2/1/24,Senate,170,19,S328
"SENATE RESOLUTION 528--RAISING AWARENESS AND ENCOURAGING THE PREVENTION OF STALKING BY DESIGNATING JANUARY 2024 AS ""NATIONAL STALKING AWARENESS MONTH""; Congressional Record Vol. 170, No. 10",https://www.congress.gov/congressional-record/volume-170/issue-10/senate-section/article/S187-2,1/18/24,Senate,170,10,S187
"SUBMITTED RESOLUTIONS; Congressional Record Vol. 168, No. 116",https://www.congress.gov/congressional-record/volume-168/issue-116/senate-section/article/S3310-1,7/14/22,Senate,168,116,S3310
"SENATE RESOLUTION 621--DESIGNATING JUNE 15, 2020, AS ``WORLD ELDER ABUSE AWARENESS DAY''; Congressional Record Vol. 166, No. 110",https://www.congress.gov/congressional-record/volume-166/issue-110/senate-section/article/S2976-3,6/15/20,Senate,166,110,S2976
"TRIBUTE TO JENNIFER EVANS; Congressional Record Vol. 165, No. 172",https://www.congress.gov/congressional-record/volume-165/issue-172/senate-section/article/S6297-2,10/30/19,Senate,165,172,S6297
"160TH ANNIVERSARY OF YWCA; Congressional Record Vol. 164, No. 165",https://www.congress.gov/congressional-record/volume-164/issue-165/senate-section/article/S6537-3,10/4/18,Senate,164,165,S6537
"INTRODUCTION OF BILLS AND JOINT RESOLUTIONS; Congressional Record Vol. 163, No. 75",https://www.congress.gov/congressional-record/volume-163/issue-75/senate-section/article/S2680-1,5/2/17,Senate,163,75,S2680
"ELON MUSK AND DEMOCRACY; Congressional Record Vol. 171, No. 25",https://www.congress.gov/congressional-record/volume-171/issue-25/house-section/article/H511-1,2/6/25,House,171,25,H511
"COMMEMORATING JAZZ AND FRIENDS NATIONAL DAY OF SCHOOL AND COMMUNITY READINGS; Congressional Record Vol. 168, No. 21",https://www.congress.gov/congressional-record/volume-168/issue-21/house-section/article/H340-2,2/2/22,House,168,21,H340
"BIDEN'S CRISES; Congressional Record Vol. 167, No. 171",https://www.congress.gov/congressional-record/volume-167/issue-171/house-section/article/H5558-3,9/30/21,House,167,171,H5558
"ROE V. WADE; Congressional Record Vol. 166, No. 9",https://www.congress.gov/congressional-record/volume-166/issue-9/house-section/article/H246-2,1/15/20,House,166,9,H246
"CELEBRATING THE CENTENNIAL OF WOMEN'S SUFFRAGE; Congressional Record Vol. 165, No. 85",https://www.congress.gov/congressional-record/volume-165/issue-85/house-section/article/H4019-1,5/21/19,House,165,85,H4019
"AMERICA IS WINNING AGAIN; Congressional Record Vol. 164, No. 94",https://www.congress.gov/congressional-record/volume-164/issue-94/house-section/article/H4855-2,6/7/18,House,164,94,H4855
"SENATE RESOLUTION 735--ACKNOWLEDGING AND COMMEMORATING THE WOMEN IN THE ARMY WHO SERVED IN THE WOMEN'S ARMY AUXILIARY CORPS AND THE WOMEN'S ARMY CORP DURING WORLD WAR II; Congressional Record Vol. 168, No. 129",https://www.congress.gov/congressional-record/volume-168/issue-129/senate-section/article/S3865-2,8/2/22,Senate,168,129,S3865
"SENATE RESOLUTION 491--RAISING AWARENESS AND ENCOURAGING THE PREVENTION OF STALKING BY DESIGNATING JANUARY 2022 AS ``NATIONAL STALKING AWARENESS MONTH''; Congressional Record Vol. 168, No. 9",https://www.congress.gov/congressional-record/volume-168/issue-9/senate-section/article/S222-1,1/13/22,Senate,168,9,S222
"SENATE RESOLUTION 253--SUPPORTING THE DESIGNATION OF MAY 2021 AS ``NATIONAL CANCER RESEARCH MONTH''; Congressional Record Vol. 167, No. 93",https://www.congress.gov/congressional-record/volume-167/issue-93/senate-section/article/S3905-1,5/27/21,Senate,167,93,S3905
"SENATE RESOLUTION 206--SUPPORTING THE DESIGNATION OF THE WEEK OF APRIL 18 THROUGH APRIL 24, 2021, AS NATIONAL CRIME VICTIMS' RIGHTS WEEK; Congressional Record Vol. 167, No. 81",https://www.congress.gov/congressional-record/volume-167/issue-81/senate-section/article/S2459-1,5/11/21,Senate,167,81,S2459
"SENATE RESOLUTION 242--DESIGNATING JUNE 15, 2019, AS ``WORLD ELDER ABUSE AWARENESS DAY''; Congressional Record Vol. 165, No. 96",https://www.congress.gov/congressional-record/volume-165/issue-96/senate-section/article/S3293-1,6/10/19,Senate,165,96,S3293
"SENATE RESOLUTION 237--SUPPORTING THE MISSION AND GOALS OF NATIONAL CRIME VICTIMS' RIGHTS WEEK IN 2019, WHICH INCLUDE INCREASING PUBLIC AWARENESS OF THE RIGHTS, NEEDS, AND CONCERNS OF, AND SERVICES...; Congressional Record Vol. 165, No. 94",https://www.congress.gov/congressional-record/volume-165/issue-94/senate-section/article/S3264-2,6/5/19,Senate,165,94,S3264
"SENATE RESOLUTION 347--COMMEMORATING THE 62ND ANNIVERSARY OF THE DEDICATION OF WHITEMAN AIR FORCE BASE; Congressional Record Vol. 163, No. 196",https://www.congress.gov/congressional-record/volume-163/issue-196/senate-section/article/S7719-2,12/1/17,Senate,163,196,S7719
"SENATE RESOLUTION 131--SUPPORTING THE MISSION AND GOALS OF NATIONAL CRIME VICTIMS' RIGHTS WEEK IN 2017, WHICH INCLUDE INCREASING PUBLIC AWARENESS OF THE RIGHTS, NEEDS, AND CONCERNS OF, AND SERVICES...; Congressional Record Vol. 163, No. 61",https://www.congress.gov/congressional-record/volume-163/issue-61/senate-section/article/S2460-3,4/7/17,Senate,163,61,S2460
"HONORING THE LIFE OF KAREN LEWIS; Congressional Record Vol. 171, No. 126",https://www.congress.gov/congressional-record/volume-171/issue-126/house-section/article/H3558-2,7/23/25,House,171,126,H3558
"URGING SENATE TO PASS FOR THE PEOPLE ACT; Congressional Record Vol. 167, No. 105",https://www.congress.gov/congressional-record/volume-167/issue-105/house-section/article/H2824-2,6/16/21,House,167,105,H2824
"INTRODUCING THE BLUE PACIFIC ACT; Congressional Record Vol. 166, No. 135",https://www.congress.gov/congressional-record/volume-166/issue-135/house-section/article/H3988-2,7/30/20,House,166,135,H3988
"CALL TO REPLACE SICK CARE SYSTEM WITH HEALTHCARE SYSTEM; Congressional Record Vol. 166, No. 121",https://www.congress.gov/congressional-record/volume-166/issue-121/house-section/article/H2987-2,7/1/20,House,166,121,H2987
"EQUALITY FOR THE LGBTQ COMMUNITY; Congressional Record Vol. 165, No. 46",https://www.congress.gov/congressional-record/volume-165/issue-46/house-section/article/H2736-5,3/14/19,House,165,46,H2736
"PROTECTING OLDER WORKERS AGAINST DISCRIMINATION ACT OF 2021; Congressional Record Vol. 167, No. 109",https://www.congress.gov/congressional-record/volume-167/issue-109/house-section/article/H3052-1,6/23/21,House,167,109,H3052
"VIOLENCE AGAINST WOMEN REAUTHORIZATION ACT OF 2021; Congressional Record Vol. 167, No. 50",https://www.congress.gov/congressional-record/volume-167/issue-50/house-section/article/H1432-1,3/17/21,House,167,50,H1432
"Daily Digest/House of Representatives; Congressional Record Vol. 167, No. 109",https://www.congress.gov/congressional-record/volume-167/issue-109/daily-digest/article/D690-1,6/23/21,Daily Digest,167,109,D690
"NATIONAL DEFENSE AUTHORIZATION ACT FOR FISCAL YEAR 2018; Congressional Record Vol. 163, No. 118",https://www.congress.gov/congressional-record/volume-163/issue-118/house-section/article/H5790-2,7/13/17,House,163,118,H5790
"RECOGNIZING THE LIFE AND MEMORY OF ALICE KITCHEN; Congressional Record Vol. 172, No. 5",https://www.congress.gov/congressional-record/volume-172/issue-5/extensions-of-remarks-section/article/E15-3,1/8/26,Extensions of Remarks,172,5,E15
"HONORING THE LIFE AND CONTRIBUTIONS OF LUCY MORGAN; Congressional Record Vol. 169, No. 166",https://www.congress.gov/congressional-record/volume-169/issue-166/extensions-of-remarks-section/article/E949-2,10/11/23,Extensions of Remarks,169,166,E949
"RECOGNIZING CINCO DE MAYO; Congressional Record Vol. 167, No. 79",https://www.congress.gov/congressional-record/volume-167/issue-79/extensions-of-remarks-section/article/E490-5,5/7/21,Extensions of Remarks,167,79,E490
"RECOGNIZING CINCO DE MAYO; Congressional Record Vol. 165, No. 73",https://www.congress.gov/congressional-record/volume-165/issue-73/extensions-of-remarks-section/article/E535-2,5/3/19,Extensions of Remarks,165,73,E535
"RECOGNIZING RABBI ISRAEL ZOBERMAN'S ARTICLE; Congressional Record Vol. 165, No. 46",https://www.congress.gov/congressional-record/volume-165/issue-46/extensions-of-remarks-section/article/E310-1,3/14/19,Extensions of Remarks,165,46,E310
"100TH ANNIVERSARY OF THE 19TH AMENDMENT; Congressional Record Vol. 166, No. 149",https://www.congress.gov/congressional-record/volume-166/issue-149/extensions-of-remarks-section/article/E781-2,8/22/20,Extensions of Remarks,166,149,E781
"HONORING REGINALD F. LEWIS; Congressional Record Vol. 163, No. 196",https://www.congress.gov/congressional-record/volume-163/issue-196/extensions-of-remarks-section/article/E1631-3,12/1/17,Extensions of Remarks,163,196,E1631
"HONORING PERCY NORWOOD, JR.; Congressional Record Vol. 163, No. 58",https://www.congress.gov/congressional-record/volume-163/issue-58/extensions-of-remarks-section/article/E448-1,4/4/17,Extensions of Remarks,163,58,E448
"RECOGNIZING THE WOMEN PORTRAYED IN HIDDEN FIGURES--DR. KATHERINE GOBLE JOHNSON, DOROTHY VAUGHAN, AND MARY JACKSON; Congressional Record Vol. 163, No. 26",https://www.congress.gov/congressional-record/volume-163/issue-26/extensions-of-remarks-section/article/E188-1,2/14/17,Extensions of Remarks,163,26,E188
"ADDITIONAL COSPONSORS; Congressional Record Vol. 166, No. 144",https://www.congress.gov/congressional-record/volume-166/issue-144/senate-section/article/S5399-7,8/12/20,Senate,166,144,S5399
"SENATE RESOLUTION 378--SUPPORTING THE DESIGNATION OF THE WEEK OF SEPTEMBER 8 THROUGH SEPTEMBER 12, 2025, AS ""MALNUTRITION AWARENESS WEEK""; Congressional Record Vol. 171, No. 147",https://www.congress.gov/congressional-record/volume-171/issue-147/senate-section/article/S6471-1,9/9/25,Senate,171,147,S6471
"SUBMITTED RESOLUTIONS; Congressional Record Vol. 169, No. 63",https://www.congress.gov/congressional-record/volume-169/issue-63/senate-section/article/S1136-1,4/17/23,Senate,169,63,S1136
"SENATE RESOLUTION 870--HONORING THE LIFE AND THE LEGACY OF SECRETARY ASH CARTER; Congressional Record Vol. 168, No. 193",https://www.congress.gov/congressional-record/volume-168/issue-193/senate-section/article/S7136-1,12/13/22,Senate,168,193,S7136
"INTRODUCTION OF BILLS AND JOINT RESOLUTIONS; Congressional Record Vol. 168, No. 151",https://www.congress.gov/congressional-record/volume-168/issue-151/senate-section/article/S4856-2,9/20/22,Senate,168,151,S4856
"RESPECT FOR MARRIAGE ACT; Congressional Record Vol. 168, No. 144",https://www.congress.gov/congressional-record/volume-168/issue-144/senate-section/article/S4497-9,9/8/22,Senate,168,144,S4497
"ADDITIONAL STATEMENTS; Congressional Record Vol. 167, No. 123",https://www.congress.gov/congressional-record/volume-167/issue-123/senate-section/article/S4898-2,7/14/21,Senate,167,123,S4898
"ROSIE THE RIVETER CONGRESSIONAL GOLD MEDAL ACT OF 2019; Congressional Record Vol. 166, No. 193",https://www.congress.gov/congressional-record/volume-166/issue-193/senate-section/article/S6664-1,11/12/20,Senate,166,193,S6664
"GRAND DIVIDE; Congressional Record Vol. 172, No. 70",https://www.congress.gov/congressional-record/volume-172/issue-70/house-section/article/H3000-3,4/21/26,House,172,70,H3000
"PROTECT THE RIGHT TO VOTE; Congressional Record Vol. 168, No. 12",https://www.congress.gov/congressional-record/volume-168/issue-12/house-section/article/H223-2,1/19/22,House,168,12,H223
"WOMEN'S WORLD CUP AND EQUAL PAY; Congressional Record Vol. 165, No. 115",https://www.congress.gov/congressional-record/volume-165/issue-115/house-section/article/H5308-3,7/10/19,House,165,115,H5308
"IN RECOGNITION OF TRANSGENDER AWARENESS WEEK; Congressional Record Vol. 163, No. 186",https://www.congress.gov/congressional-record/volume-163/issue-186/house-section/article/H9184-1,11/14/17,House,163,186,H9184
"CONDEMNING HUMAN RIGHTS VIOLATIONS IN CHECHNYA; Congressional Record Vol. 163, No. 86",https://www.congress.gov/congressional-record/volume-163/issue-86/house-section/article/H4317-2,5/18/17,House,163,86,H4317
"Judicial Nominations (Executive Session); Congressional Record Vol. 168, No. 85",https://www.congress.gov/congressional-record/volume-168/issue-85/senate-section/article/S2559-1,5/18/22,Senate,168,85,S2559
"Nomination of Ketanji Brown Jackson (Executive Calendar); Congressional Record Vol. 168, No. 56",https://www.congress.gov/congressional-record/volume-168/issue-56/senate-section/article/S1848-3,3/30/22,Senate,168,56,S1848
"SENATE RESOLUTION 517--HONORING THE LIFE AND LEGACY OF JUDGE NATHANIEL R. JONES; Congressional Record Vol. 166, No. 39",https://www.congress.gov/congressional-record/volume-166/issue-39/senate-section/article/S1232-1,2/27/20,Senate,166,39,S1232
"SENATE RESOLUTION 94--EXPRESSING THE SENSE OF THE SENATE THAT THE DEPARTMENT OF JUSTICE SHOULD PROTECT INDIVIDUALS WITH PRE-EXISTING MEDICAL CONDITIONS BY DEFENDING THE PATIENT PROTECTION AND...; Congressional Record Vol. 165, No. 39",https://www.congress.gov/congressional-record/volume-165/issue-39/senate-section/article/S1661-2,3/5/19,Senate,165,39,S1661
"REMEMBERING HESTER GOODENOUGH CALDWELL; Congressional Record Vol. 164, No. 68",https://www.congress.gov/congressional-record/volume-164/issue-68/senate-section/article/S2475-2,4/26/18,Senate,164,68,S2475
"SOJOURNER TRUTH POST OFFICE; Congressional Record Vol. 170, No. 148",https://www.congress.gov/congressional-record/volume-170/issue-148/house-section/article/H5570-2,9/23/24,House,170,148,H5570
"TUSKEGEE AIRMEN NATIONAL MUSEUM PILOT TRAINING PROGRAM; Congressional Record Vol. 169, No. 45",https://www.congress.gov/congressional-record/volume-169/issue-45/house-section/article/H1212-1,3/9/23,House,169,45,H1212
"MY WORK FOR AMERICA IS NOT DONE; Congressional Record Vol. 164, No. 188",https://www.congress.gov/congressional-record/volume-164/issue-188/house-section/article/H9693-4,11/29/18,House,164,188,H9693
"THE OPIOID EPIDEMIC; Congressional Record Vol. 164, No. 98",https://www.congress.gov/congressional-record/volume-164/issue-98/house-section/article/H5102-2,6/13/18,House,164,98,H5102
"FREE RAIF BADAWI AND ALL PRISONERS OF CONSCIENCE IN SAUDI ARABIA; Congressional Record Vol. 163, No. 88",https://www.congress.gov/congressional-record/volume-163/issue-88/house-section/article/H4393-4,5/22/17,House,163,88,H4393
"HONORING SACRIFICES OF AFRICAN-AMERICAN WOMEN DURING WORLD WAR II; Congressional Record Vol. 163, No. 58",https://www.congress.gov/congressional-record/volume-163/issue-58/house-section/article/H2636-2,4/4/17,House,163,58,H2636
"SENATE CONCURRENT RESOLUTION 26--RECOGNIZING AND SUPPORTING THE EFFORTS OF THE NEW HEIGHTS BID COMMITTEE TO BRING THE 2027 FEDERATION INTERNATIONALE DE FOOTBALL ASSOCIATION (FIFA) WOMEN'S WORLD CUP...; Congressional Record Vol. 170, No. 12",https://www.congress.gov/congressional-record/volume-170/issue-12/senate-section/article/S224-1,1/23/24,Senate,170,12,S224
"TRIBUTE TO KATHERINE JOHNSON AND REMEMBERING MARY JACKSON AND DOROTHY VAUGHAN; Congressional Record Vol. 163, No. 24",https://www.congress.gov/congressional-record/volume-163/issue-24/senate-section/article/S1090-2,2/10/17,Senate,163,24,S1090
"STATEMENTS ON INTRODUCED BILLS AND JOINT RESOLUTION; Congressional Record Vol. 167, No. 44",https://www.congress.gov/congressional-record/volume-167/issue-44/senate-section/article/S1424-1,3/9/21,Senate,167,44,S1424
"DIVERSITY, EQUITY, AND INCLUSION; Congressional Record Vol. 171, No. 62",https://www.congress.gov/congressional-record/volume-171/issue-62/house-section/article/H1445-5,4/7/25,House,171,62,H1445
"ISSUES IGNORED BY THE MEDIA; Congressional Record Vol. 169, No. 201",https://www.congress.gov/congressional-record/volume-169/issue-201/house-section/article/H6204-1,12/6/23,House,169,201,H6204
"PUBLIC BILLS AND RESOLUTIONS; Congressional Record Vol. 164, No. 161",https://www.congress.gov/congressional-record/volume-164/issue-161/house-section/article/H9404-2,9/28/18,House,164,161,H9404
"Diversity, Equity, and Inclusion (Executive Calendar); Congressional Record Vol. 171, No. 48",https://www.congress.gov/congressional-record/volume-171/issue-48/senate-section/article/S1727-1,3/13/25,Senate,171,48,S1727
"Anti-Semitism (Executive Session); Congressional Record Vol. 169, No. 209",https://www.congress.gov/congressional-record/volume-169/issue-209/senate-section/article/S6032-6,12/19/23,Senate,169,209,S6032
"Unions (Executive Session); Congressional Record Vol. 169, No. 107",https://www.congress.gov/congressional-record/volume-169/issue-107/senate-section/article/S2134-1,6/20/23,Senate,169,107,S2134
"Corporate Greed (Executive Calendar); Congressional Record Vol. 168, No. 68",https://www.congress.gov/congressional-record/volume-168/issue-68/senate-section/article/S2146-1,4/26/22,Senate,168,68,S2146
"RECOGNIZING THE ACTIONS OF THE RAPID SUPPORT FORCES AND ALLIED MILITIAS IN THE DARFUR REGION OF SUDAN AGAINST NON-ARAB ETHNIC COMMUNITIES AS ACTS OF GENOCIDE; Congressional Record Vol. 170, No. 172",https://www.congress.gov/congressional-record/volume-170/issue-172/house-section/article/H6131-1,11/20/24,House,170,172,H6131
"PROTECTING MOMS WHO SERVED ACT; Congressional Record Vol. 167, No. 82",https://www.congress.gov/congressional-record/volume-167/issue-82/house-section/article/H2215-1,5/12/21,House,167,82,H2215
"HELPING EMERGENCY RESPONDERS OVERCOME ACT; Congressional Record Vol. 167, No. 81",https://www.congress.gov/congressional-record/volume-167/issue-81/house-section/article/H2172-1,5/11/21,House,167,81,H2172
"HELPING EMERGENCY RESPONDERS OVERCOME ACT; Congressional Record Vol. 166, No. 163",https://www.congress.gov/congressional-record/volume-166/issue-163/house-section/article/H4627-1,9/21/20,House,166,163,H4627
"PROVIDING FOR CONSIDERATION OF H.R. 5, PARENTS BILL OF RIGHTS ACT; Congressional Record Vol. 169, No. 53",https://www.congress.gov/congressional-record/volume-169/issue-53/house-section/article/H1337-1,3/23/23,House,169,53,H1337
"STEM OPPORTUNITIES ACT; Congressional Record Vol. 167, No. 85",https://www.congress.gov/congressional-record/volume-167/issue-85/house-section/article/H2392-1,5/17/21,House,167,85,H2392
"2018: THE YEAR OF THE BLACK WOMAN; Congressional Record Vol. 164, No. 47",https://www.congress.gov/congressional-record/volume-164/issue-47/house-section/article/H1688-1,3/19/18,House,164,47,H1688
"Daily Digest/COMMITTEE MEETINGS FOR 2021-04-20; Congressional Record Vol. 167, No. 67",https://www.congress.gov/congressional-record/volume-167/issue-67/daily-digest/article/D368-2,4/19/21,Daily Digest,167,67,D368
"Daily Digest/House of Representatives; Congressional Record Vol. 166, No. 9",https://www.congress.gov/congressional-record/volume-166/issue-9/daily-digest/article/D52-1,1/15/20,Daily Digest,166,9,D52
"Daily Digest/House of Representatives; Congressional Record Vol. 165, No. 114",https://www.congress.gov/congressional-record/volume-165/issue-114/daily-digest/article/D793-1,7/9/19,Daily Digest,165,114,D793
"NATIONAL DEFENSE AUTHORIZATION ACT FOR FISCAL YEAR 2024; Congressional Record Vol. 169, No. 123",https://www.congress.gov/congressional-record/volume-169/issue-123/extensions-of-remarks-section/article/E687-6,7/18/23,Extensions of Remarks,169,123,E687
"SENATE COMMITTEE MEETINGS; Congressional Record Vol. 167, No. 64",https://www.congress.gov/congressional-record/volume-167/issue-64/extensions-of-remarks-section/article/E392-4,4/14/21,Extensions of Remarks,167,64,E392
"PERSONAL EXPLANATION; Congressional Record Vol. 164, No. 5",https://www.congress.gov/congressional-record/volume-164/issue-5/extensions-of-remarks-section/article/E15-1,1/9/18,Extensions of Remarks,164,5,E15
"PROVIDING RESEARCH AND ESTIMATES OF CHANGES IN PRECIPITATION ACT; Congressional Record Vol. 168, No. 195",https://www.congress.gov/congressional-record/volume-168/issue-195/extensions-of-remarks-section/article/E1302-3,12/15/22,Extensions of Remarks,168,195,E1302
"HONORING THE GAY AND LESBIAN ACTIVISTS ALLIANCE OF WASHINGTON, DC; Congressional Record Vol. 165, No. 61",https://www.congress.gov/congressional-record/volume-165/issue-61/extensions-of-remarks-section/article/E432-4,4/9/19,Extensions of Remarks,165,61,E432
"RAISING AWARENESS OF NATIONAL BULLYING PREVENTION MONTH; Congressional Record Vol. 164, No. 174",https://www.congress.gov/congressional-record/volume-164/issue-174/extensions-of-remarks-section/article/E1459-2,10/26/18,Extensions of Remarks,164,174,E1459
"INTRODUCTION OF BILLS AND JOINT RESOLUTIONS; Congressional Record Vol. 164, No. 129",https://www.congress.gov/congressional-record/volume-164/issue-129/senate-section/article/S5517-1,7/31/18,Senate,164,129,S5517
"SUBMITTED RESOLUTIONS; Congressional Record Vol. 164, No. 103",https://www.congress.gov/congressional-record/volume-164/issue-103/senate-section/article/S4283-3,6/20/18,Senate,164,103,S4283
"ADDITIONAL COSPONSORS; Congressional Record Vol. 164, No. 6",https://www.congress.gov/congressional-record/volume-164/issue-6/senate-section/article/S138-8,1/10/18,Senate,164,6,S138
"SUBMITTED RESOLUTIONS; Congressional Record Vol. 170, No. 19",https://www.congress.gov/congressional-record/volume-170/issue-19/senate-section/article/S348-1,2/1/24,Senate,170,19,S348
"TRIBUTE TO KATE BROWN; Congressional Record Vol. 168, No. 199",https://www.congress.gov/congressional-record/volume-168/issue-199/senate-section/article/S9773-3,12/21/22,Senate,168,199,S9773
"INTRODUCTION OF BILLS AND JOINT RESOLUTIONS; Congressional Record Vol. 168, No. 156",https://www.congress.gov/congressional-record/volume-168/issue-156/senate-section/article/S5051-4,9/27/22,Senate,168,156,S5051
"Text of Senate Amendment 4238; Congressional Record Vol. 167, No. 193",https://www.congress.gov/congressional-record/volume-167/issue-193/senate-section/article/S7737-1,11/3/21,Senate,167,193,S7737
"Nomination of Samantha Power (Executive Session); Congressional Record Vol. 167, No. 73",https://www.congress.gov/congressional-record/volume-167/issue-73/senate-section/article/S2277-1,4/28/21,Senate,167,73,S2277
"Remembering Justice Ruth Bader Ginsburg (Executive Session); Congressional Record Vol. 166, No. 163",https://www.congress.gov/congressional-record/volume-166/issue-163/senate-section/article/S5724-1,9/21/20,Senate,166,163,S5724
"SUBMITTED RESOLUTIONS; Congressional Record Vol. 165, No. 192",https://www.congress.gov/congressional-record/volume-165/issue-192/senate-section/article/S6827-1,12/3/19,Senate,165,192,S6827
"STATE OF THE UNION ADDRESS; Congressional Record Vol. 165, No. 27",https://www.congress.gov/congressional-record/volume-165/issue-27/senate-section/article/S1270-1,2/12/19,Senate,165,27,S1270
"INTRODUCTION OF BILLS AND JOINT RESOLUTIONS; Congressional Record Vol. 165, No. 4",https://www.congress.gov/congressional-record/volume-165/issue-4/senate-section/article/S103-1,1/9/19,Senate,165,4,S103
"ADDITIONAL COSPONSORS; Congressional Record Vol. 163, No. 201",https://www.congress.gov/congressional-record/volume-163/issue-201/senate-section/article/S7945-8,12/11/17,Senate,163,201,S7945
"HISPANIC HERITAGE MONTH; Congressional Record Vol. 170, No. 150",https://www.congress.gov/congressional-record/volume-170/issue-150/house-section/article/H5759-2,9/25/24,House,170,150,H5759
"AFFIRMATIVE ACTION; Congressional Record Vol. 169, No. 119",https://www.congress.gov/congressional-record/volume-169/issue-119/house-section/article/H3216-2,7/12/23,House,169,119,H3216
"STUDENT DEBT CANCELLATION; Congressional Record Vol. 168, No. 152",https://www.congress.gov/congressional-record/volume-168/issue-152/house-section/article/H8016-3,9/21/22,House,168,152,H8016
"SENATE RESOLUTION 606--CONDEMNING THE GOVERNMENT OF IRAN FOR ITS SUPPRESSION OF THE RIGHT OF IRANIANS TO PEACEFULLY ASSEMBLE; Congressional Record Vol. 172, No. 29",https://www.congress.gov/congressional-record/volume-172/issue-29/senate-section/article/S582-1,2/11/26,Senate,172,29,S582
"SENATE RESOLUTION 592--SUPPORTING THE GOALS AND IDEALS OF SOCIAL WORK MONTH AND WORLD SOCIAL WORK DAY ON MARCH 19, 2024; Congressional Record Vol. 170, No. 48",https://www.congress.gov/congressional-record/volume-170/issue-48/senate-section/article/S2442-1,3/19/24,Senate,170,48,S2442
"SENATE RESOLUTION 295--DESIGNATING JUNE 15, 2021, AS ``WORLD ELDER ABUSE AWARENESS DAY'' AND THE MONTH OF JUNE AS ``ELDER ABUSE AWARENESS MONTH''; Congressional Record Vol. 167, No. 110",https://www.congress.gov/congressional-record/volume-167/issue-110/senate-section/article/S4787-1,6/24/21,Senate,167,110,S4787
"ENSURING EVERY STUDENT FEELS SAFE, SEEN, SUPPORTED; Congressional Record Vol. 171, No. 8",https://www.congress.gov/congressional-record/volume-171/issue-8/house-section/article/H155-3,1/15/25,House,171,8,H155
"CONGRATULATIONS TO FIRE CHIEF STEVE KNORREK ON HIS RETIREMENT; Congressional Record Vol. 169, No. 161",https://www.congress.gov/congressional-record/volume-169/issue-161/house-section/article/H4937-2,10/2/23,House,169,161,H4937
"PROVIDING FOR CONSIDERATION OF H.R. 803, COLORADO WILDERNESS ACT OF 2021, AND PROVIDING FOR CONSIDERATION OF H.R. 5, EQUALITY ACT; Congressional Record Vol. 167, No. 35",https://www.congress.gov/congressional-record/volume-167/issue-35/house-section/article/H609-2,2/24/21,House,167,35,H609
"UNLEASHING THE SPIRIT OF THE AMERICAN DREAM; Congressional Record Vol. 166, No. 164",https://www.congress.gov/congressional-record/volume-166/issue-164/house-section/article/H4648-2,9/22/20,House,166,164,H4648
"THE HYPE OF STATEHOOD FOR PUERTO RICO; Congressional Record Vol. 163, No. 107",https://www.congress.gov/congressional-record/volume-163/issue-107/house-section/article/H5051-5,6/22/17,House,163,107,H5051
"Daily Digest/House of Representatives; Congressional Record Vol. 165, No. 80",https://www.congress.gov/congressional-record/volume-165/issue-80/daily-digest/article/D531-1,5/14/19,Daily Digest,165,80,D531
"Daily Digest/COMMITTEE MEETINGS FOR 2026-06-03; Congressional Record Vol. 172, No. 93",https://www.congress.gov/congressional-record/volume-172/issue-93/daily-digest/article/D574-1,6/2/26,Daily Digest,172,93,D574
"REMOVING THE DEADLINE FOR THE RATIFICATION OF THE EQUAL RIGHTS AMENDMENT--MOTION TO PROCEED; Congressional Record Vol. 169, No. 70",https://www.congress.gov/congressional-record/volume-169/issue-70/senate-section/article/S1365-1,4/26/23,Senate,169,70,S1365
"LEGISLATIVE BRANCH APPROPRIATIONS ACT, 2025; Congressional Record Vol. 170, No. 116",https://www.congress.gov/congressional-record/volume-170/issue-116/extensions-of-remarks-section/article/E729-2,7/15/24,Extensions of Remarks,170,116,E729
"RECOGNIZING THE 30TH ANNIVERSARY OF THE FAMILY MEDICAL LEAVE ACT; Congressional Record Vol. 169, No. 64",https://www.congress.gov/congressional-record/volume-169/issue-64/extensions-of-remarks-section/article/E324-1,4/18/23,Extensions of Remarks,169,64,E324
"PAYCHECK FAIRNESS ACT; Congressional Record Vol. 167, No. 69",https://www.congress.gov/congressional-record/volume-167/issue-69/extensions-of-remarks-section/article/E430-2,4/21/21,Extensions of Remarks,167,69,E430
"INTRODUCTION OF THE DEMOCRACY RESTORATION ACT OF 2019; Congressional Record Vol. 165, No. 1",https://www.congress.gov/congressional-record/volume-165/issue-1/extensions-of-remarks-section/article/E4-4,1/3/19,Extensions of Remarks,165,1,E4
"INTRODUCTION OF THE DEMOCRACY RESTORATION ACT OF 2018; Congressional Record Vol. 164, No. 126",https://www.congress.gov/congressional-record/volume-164/issue-126/extensions-of-remarks-section/article/E1091-2,7/26/18,Extensions of Remarks,164,126,E1091
"HONORING THE GAY AND LESBIAN ACTIVIST ALLIANCE OF WASHINGTON, D.C.; Congressional Record Vol. 163, No. 60",https://www.congress.gov/congressional-record/volume-163/issue-60/extensions-of-remarks-section/article/E482-1,4/6/17,Extensions of Remarks,163,60,E482
"EXPRESSING THE COMMITMENT OF THE HOUSE OF REPRESENTATIVES TO BUILDING ON THE TWENTY YEARS OF SUCCESS OF THE GEORGE McGOVERN-ROBERT DOLE FOOD FOR EDUCATION AND CHILD NUTRITION PROGRAM; Congressional Record Vol. 168, No. 194",https://www.congress.gov/congressional-record/volume-168/issue-194/extensions-of-remarks-section/article/E1278-2,12/14/22,Extensions of Remarks,168,194,E1278
"ADDITIONAL COSPONSORS; Congressional Record Vol. 167, No. 215",https://www.congress.gov/congressional-record/volume-167/issue-215/senate-section/article/S9162-2,12/14/21,Senate,167,215,S9162
"SENATE RESOLUTION 698--RECOGNIZING APRIL 29, 2026, AS ""DENIM DAY"" AND HONORING SURVIVORS OF SEXUAL ASSAULT; Congressional Record Vol. 172, No. 75",https://www.congress.gov/congressional-record/volume-172/issue-75/senate-section/article/S2132-1,4/29/26,Senate,172,75,S2132
"Anniversary of D-Day (Executive Session); Congressional Record Vol. 170, No. 95",https://www.congress.gov/congressional-record/volume-170/issue-95/senate-section/article/S3941-1,6/4/24,Senate,170,95,S3941
"SENATE RESOLUTION 499--ACKNOWLEDGING THE LIFETIME OF SERVICE OF SANDRA DAY O'CONNOR TO THE UNITED STATES AS A SUCCESSFUL ARIZONA STATE SENATOR, TRAILBLAZER, EXPERT COLLABORATOR, EDUCATIONAL...; Congressional Record Vol. 169, No. 205",https://www.congress.gov/congressional-record/volume-169/issue-205/senate-section/article/S5964-4,12/13/23,Senate,169,205,S5964
"Text of Senate Amendment 6487; Congressional Record Vol. 168, No. 178",https://www.congress.gov/congressional-record/volume-168/issue-178/senate-section/article/S6788-2,11/17/22,Senate,168,178,S6788
"Text of Senate Amendment 6480; Congressional Record Vol. 168, No. 176",https://www.congress.gov/congressional-record/volume-168/issue-176/senate-section/article/S6699-6,11/15/22,Senate,168,176,S6699
"INTRODUCTION OF BILLS AND JOINT RESOLUTIONS; Congressional Record Vol. 168, No. 106",https://www.congress.gov/congressional-record/volume-168/issue-106/senate-section/article/S3075-2,6/22/22,Senate,168,106,S3075
"Introductory Statement on S. 2916; Congressional Record Vol. 165, No. 186",https://www.congress.gov/congressional-record/volume-165/issue-186/senate-section/article/S6720-3,11/20/19,Senate,165,186,S6720
"REMEMBERING KATHLEEN ``MIKE'' DALTON; Congressional Record Vol. 165, No. 40",https://www.congress.gov/congressional-record/volume-165/issue-40/senate-section/article/S1703-2,3/6/19,Senate,165,40,S1703
"150TH ANNIVERSARY OF THE GREATER SCRANTON CHAMBER OF COMMERCE; Congressional Record Vol. 164, No. 102",https://www.congress.gov/congressional-record/volume-164/issue-102/senate-section/article/S4033-1,6/19/18,Senate,164,102,S4033
"THE CULTURE WE CREATE IN OUR ARMED SERVICES MATTERS; Congressional Record Vol. 166, No. 129",https://www.congress.gov/congressional-record/volume-166/issue-129/house-section/article/H3615-4,7/22/20,House,166,129,H3615
"WHAT IS GOING ON IN THIS COUNTRY; Congressional Record Vol. 165, No. 151",https://www.congress.gov/congressional-record/volume-165/issue-151/house-section/article/H7778-1,9/19/19,House,165,151,H7778
"PRAYERS FOR JACI HERMSTAD; Congressional Record Vol. 165, No. 116",https://www.congress.gov/congressional-record/volume-165/issue-116/house-section/article/H5589-3,7/11/19,House,165,116,H5589
"SURGE IN CITIZENSHIP APPLICATIONS; Congressional Record Vol. 163, No. 50",https://www.congress.gov/congressional-record/volume-163/issue-50/house-section/article/H2291-4,3/22/17,House,163,50,H2291
"LET THE PEOPLE DECIDE; Congressional Record Vol. 163, No. 26",https://www.congress.gov/congressional-record/volume-163/issue-26/house-section/article/H1130-2,2/14/17,House,163,26,H1130
"HEALTH CARE FOR BURN PIT VETERANS ACT; Congressional Record Vol. 168, No. 31",https://www.congress.gov/congressional-record/volume-168/issue-31/senate-section/article/S733-1,2/16/22,Senate,168,31,S733
"PUBLIC BILLS AND RESOLUTIONS; Congressional Record Vol. 165, No. 129",https://www.congress.gov/congressional-record/volume-165/issue-129/house-section/article/H7479-2,7/30/19,House,165,129,H7479
"Text of Senate Amendment 4323; Congressional Record Vol. 172, No. 41",https://www.congress.gov/congressional-record/volume-172/issue-41/senate-section/article/S840-2,3/4/26,Senate,172,41,S840
"PUBLIC BILLS AND RESOLUTIONS; Congressional Record Vol. 171, No. 125",https://www.congress.gov/congressional-record/volume-171/issue-125/house-section/article/H3551-2,7/22/25,House,171,125,H3551
"EXPRESSING THE SENSE OF THE HOUSE OF REPRESENTATIVES THAT THE INTERNATIONAL OLYMPIC COMMITTEE FAILED TO ADHERE TO ITS OWN HUMAN RIGHTS COMMITMENTS; Congressional Record Vol. 167, No. 212",https://www.congress.gov/congressional-record/volume-167/issue-212/house-section/article/H7504-1,12/8/21,House,167,212,H7504
"EQUALITY ACT; Congressional Record Vol. 165, No. 83",https://www.congress.gov/congressional-record/volume-165/issue-83/house-section/article/H3950-2,5/17/19,House,165,83,H3950
"STEM OPPORTUNITIES ACT OF 2019; Congressional Record Vol. 165, No. 156",https://www.congress.gov/congressional-record/volume-165/issue-156/house-section/article/H8005-2,9/26/19,House,165,156,H8005
"Daily Digest/House of Representatives; Congressional Record Vol. 171, No. 214",https://www.congress.gov/congressional-record/volume-171/issue-214/daily-digest/article/D1298-2,12/18/25,Daily Digest,171,214,D1298
"Daily Digest/House of Representatives; Congressional Record Vol. 171, No. 213",https://www.congress.gov/congressional-record/volume-171/issue-213/daily-digest/article/D1288-1,12/17/25,Daily Digest,171,213,D1288
"Daily Digest/House of Representatives; Congressional Record Vol. 167, No. 105",https://www.congress.gov/congressional-record/volume-167/issue-105/daily-digest/article/D656-1,6/16/21,Daily Digest,167,105,D656
"RAISE THE WAGE ACT; Congressional Record Vol. 165, No. 125",https://www.congress.gov/congressional-record/volume-165/issue-125/extensions-of-remarks-section/article/E981-1,7/24/19,Extensions of Remarks,165,125,E981
"TRIBUTE TO ANNA MAE WILSON ROBERTSON; Congressional Record Vol. 171, No. 101",https://www.congress.gov/congressional-record/volume-171/issue-101/extensions-of-remarks-section/article/E569-2,6/12/25,Extensions of Remarks,171,101,E569
"H.R. 4350, NATIONAL DEFENSE AUTHORIZATION ACT FOR FISCAL YEAR 2022; Congressional Record Vol. 167, No. 168",https://www.congress.gov/congressional-record/volume-167/issue-168/extensions-of-remarks-section/article/E1031-2,9/27/21,Extensions of Remarks,167,168,E1031
"COMMEMORATING BLACK HISTORY MONTH; Congressional Record Vol. 166, No. 23",https://www.congress.gov/congressional-record/volume-166/issue-23/extensions-of-remarks-section/article/E123-5,2/4/20,Extensions of Remarks,166,23,E123
"IN SUPPORT OF LGBTQ PRIDE MONTH AND HOUSTON PRIDE WEEK; Congressional Record Vol. 164, No. 93",https://www.congress.gov/congressional-record/volume-164/issue-93/extensions-of-remarks-section/article/E781-4,6/6/18,Extensions of Remarks,164,93,E781
"COMMEMORATING BLACK HISTORY MONTH; Congressional Record Vol. 164, No. 21",https://www.congress.gov/congressional-record/volume-164/issue-21/extensions-of-remarks-section/article/E130-5,2/2/18,Extensions of Remarks,164,21,E130
"COMMEMORATING BLACK HISTORY MONTH; Congressional Record Vol. 163, No. 19",https://www.congress.gov/congressional-record/volume-163/issue-19/extensions-of-remarks-section/article/E138-3,2/3/17,Extensions of Remarks,163,19,E138
"Text of Senate Amendment 3783; Congressional Record Vol. 171, No. 145",https://www.congress.gov/congressional-record/volume-171/issue-145/senate-section/article/S6375-1,9/4/25,Senate,171,145,S6375
"CONSTITUTION WEEK; Congressional Record Vol. 170, No. 150",https://www.congress.gov/congressional-record/volume-170/issue-150/senate-section/article/S6420-1,9/25/24,Senate,170,150,S6420
"Text of Senate Amendment 3170; Congressional Record Vol. 170, No. 121",https://www.congress.gov/congressional-record/volume-170/issue-121/senate-section/article/S5517-3,7/25/24,Senate,170,121,S5517
"Text of Senate Amendment 1384; Congressional Record Vol. 170, No. 9",https://www.congress.gov/congressional-record/volume-170/issue-9/senate-section/article/S173-1,1/17/24,Senate,170,9,S173
"ADDITIONAL COSPONSORS; Congressional Record Vol. 168, No. 193",https://www.congress.gov/congressional-record/volume-168/issue-193/senate-section/article/S7134-7,12/13/22,Senate,168,193,S7134
"TEXT OF AMENDMENTS; Congressional Record Vol. 168, No. 176",https://www.congress.gov/congressional-record/volume-168/issue-176/senate-section/article/S6699-5,11/15/22,Senate,168,176,S6699
"SUBMITTED RESOLUTIONS; Congressional Record Vol. 168, No. 103",https://www.congress.gov/congressional-record/volume-168/issue-103/senate-section/article/S3006-1,6/16/22,Senate,168,103,S3006
"ADDITIONAL COSPONSORS; Congressional Record Vol. 168, No. 85",https://www.congress.gov/congressional-record/volume-168/issue-85/senate-section/article/S2587-1,5/18/22,Senate,168,85,S2587
"ADDITIONAL COSPONSORS; Congressional Record Vol. 168, No. 29",https://www.congress.gov/congressional-record/volume-168/issue-29/senate-section/article/S674-3,2/14/22,Senate,168,29,S674
"Text of Senate Amendment 4022; Congressional Record Vol. 167, No. 190",https://www.congress.gov/congressional-record/volume-167/issue-190/senate-section/article/S7503-2,10/28/21,Senate,167,190,S7503
"INTRODUCTION OF BILLS AND JOINT RESOLUTIONS; Congressional Record Vol. 165, No. 151",https://www.congress.gov/congressional-record/volume-165/issue-151/senate-section/article/S5602-3,9/19/19,Senate,165,151,S5602
"SUBMITTED RESOLUTIONS; Congressional Record Vol. 165, No. 104",https://www.congress.gov/congressional-record/volume-165/issue-104/senate-section/article/S4176-1,6/20/19,Senate,165,104,S4176
"PROTECTING GIRLS' ACCESS TO EDUCATION IN VULNERABLE SETTINGS ACT; Congressional Record Vol. 164, No. 196",https://www.congress.gov/congressional-record/volume-164/issue-196/senate-section/article/S7524-1,12/12/18,Senate,164,196,S7524
"WOMEN'S MARCH ON WASHINGTON; Congressional Record Vol. 163, No. 13",https://www.congress.gov/congressional-record/volume-163/issue-13/senate-section/article/S418-1,1/24/17,Senate,163,13,S418
"CONDEMNING MILITARY COUP IN BURMA; Congressional Record Vol. 167, No. 52",https://www.congress.gov/congressional-record/volume-167/issue-52/house-section/article/H1601-2,3/19/21,House,167,52,H1601
"DEMOCRATIC VALUES; Congressional Record Vol. 163, No. 117",https://www.congress.gov/congressional-record/volume-163/issue-117/house-section/article/H5438-1,7/12/17,House,163,117,H5438
"PREVENTING VIOLENCE AGAINST WOMEN BY ILLEGAL ALIENS ACT; Congressional Record Vol. 171, No. 9",https://www.congress.gov/congressional-record/volume-171/issue-9/house-section/article/H191-3,1/16/25,House,171,9,H191
"JUSTICE KETANJI BROWN JACKSON; Congressional Record Vol. 171, No. 62",https://www.congress.gov/congressional-record/volume-171/issue-62/senate-section/article/S2449-7,4/7/25,Senate,171,62,S2449
"SENATE RESOLUTION 774--DESIGNATING JUNE 15, 2024, AS ""WORLD ELDER ABUSE AWARENESS DAY"" AND THE MONTH OF JUNE 2024 AS ""ELDER ABUSE AWARENESS MONTH""; Congressional Record Vol. 170, No. 121",https://www.congress.gov/congressional-record/volume-170/issue-121/senate-section/article/S5516-2,7/25/24,Senate,170,121,S5516
"SENATE RESOLUTION 271--DESIGNATING JUNE 15, 2023, AS ``WORLD ELDER ABUSE AWARENESS DAY'' AND THE MONTH OF JUNE AS ``ELDER ABUSE AWARENESS MONTH''; Congressional Record Vol. 169, No. 109",https://www.congress.gov/congressional-record/volume-169/issue-109/senate-section/article/S2238-3,6/22/23,Senate,169,109,S2238
"FREEDOM TO VOTE ACT; Congressional Record Vol. 167, No. 184",https://www.congress.gov/congressional-record/volume-167/issue-184/senate-section/article/S7093-8,10/20/21,Senate,167,184,S7093
"Nomination of Thomas Farr (Executive Session); Congressional Record Vol. 164, No. 186",https://www.congress.gov/congressional-record/volume-164/issue-186/senate-section/article/S7110-1,11/27/18,Senate,164,186,S7110
"SENATE RESOLUTION 613--REQUESTING A REPORT ON THE OBSERVANCE OF AND RESPECT FOR HUMAN RIGHTS AND FUNDAMENTAL FREEDOM IN SAUDI ARABIA; Congressional Record Vol. 164, No. 140",https://www.congress.gov/congressional-record/volume-164/issue-140/senate-section/article/S5834-1,8/22/18,Senate,164,140,S5834
"RUNAWAY AND HOMELESS YOUTH AND TRAFFICKING PREVENTION ACT; Congressional Record Vol. 164, No. 48",https://www.congress.gov/congressional-record/volume-164/issue-48/senate-section/article/S1834-3,3/20/18,Senate,164,48,S1834
"SENATE RESOLUTION 128--DESIGNATING APRIL 2017 AS ""NATIONAL CONGENITAL DIAPHRAGMATIC HERNIA AWARENESS MONTH""; Congressional Record Vol. 163, No. 61",https://www.congress.gov/congressional-record/volume-163/issue-61/senate-section/article/S2459-1,4/7/17,Senate,163,61,S2459
"STUDY ON DISPARITIES ASSOCIATED WITH RACE AND ETHNICITY WITH RESPECT TO CERTAIN BENEFITS ADMINISTERED BY THE SECRETARY OF VETERANS AFFAIRS; Congressional Record Vol. 167, No. 198",https://www.congress.gov/congressional-record/volume-167/issue-198/house-section/article/H6251-6,11/15/21,House,167,198,H6251
"WELCOMING THE HONORABLE KWEISI MFUME TO THE HOUSE OF REPRESENTATIVES; Congressional Record Vol. 166, No. 84",https://www.congress.gov/congressional-record/volume-166/issue-84/house-section/article/H1976-1,5/5/20,House,166,84,H1976
"REGULATIONS FROM THE EXECUTIVE IN NEED OF SCRUTINY ACT OF 2023; Congressional Record Vol. 169, No. 104",https://www.congress.gov/congressional-record/volume-169/issue-104/house-section/article/H2902-8,6/14/23,House,169,104,H2902
"JAMES M. INHOFE NATIONAL DEFENSE AUTHORIZATION ACT FOR FISCAL YEAR 2023; Congressional Record Vol. 168, No. 191",https://www.congress.gov/congressional-record/volume-168/issue-191/house-section/article/H8840-3,12/8/22,House,168,191,H8840
"Daily Digest/COMMITTEE MEETINGS FOR 2021-06-09; Congressional Record Vol. 167, No. 99",https://www.congress.gov/congressional-record/volume-167/issue-99/daily-digest/article/D611-2,6/8/21,Daily Digest,167,99,D611
"Daily Digest/House of Representatives; Congressional Record Vol. 167, No. 65",https://www.congress.gov/congressional-record/volume-167/issue-65/daily-digest/article/D355-1,4/15/21,Daily Digest,167,65,D355
"Daily Digest/House of Representatives; Congressional Record Vol. 165, No. 78",https://www.congress.gov/congressional-record/volume-165/issue-78/daily-digest/article/D518-3,5/10/19,Daily Digest,165,78,D518
"Daily Digest/Senate Committee Meetings; Congressional Record Vol. 163, No. 45",https://www.congress.gov/congressional-record/volume-163/issue-45/daily-digest/article/D293-1,3/15/17,Daily Digest,163,45,D293
"SENATE COMMITTEE MEETINGS; Congressional Record Vol. 172, No. 84",https://www.congress.gov/congressional-record/volume-172/issue-84/extensions-of-remarks-section/article/E457-2,5/18/26,Extensions of Remarks,172,84,E457
"COMMEMORATING BLACK HISTORY MONTH; Congressional Record Vol. 165, No. 22",https://www.congress.gov/congressional-record/volume-165/issue-22/extensions-of-remarks-section/article/E131-2,2/5/19,Extensions of Remarks,165,22,E131
"INTRODUCTION OF BILLS AND JOINT RESOLUTIONS; Congressional Record Vol. 164, No. 76",https://www.congress.gov/congressional-record/volume-164/issue-76/senate-section/article/S2623-1,5/10/18,Senate,164,76,S2623
"ADDITIONAL COSPONSORS; Congressional Record Vol. 163, No. 75",https://www.congress.gov/congressional-record/volume-163/issue-75/senate-section/article/S2680-3,5/2/17,Senate,163,75,S2680
"HONORING ELIZABETH S. ELLIS; Congressional Record Vol. 166, No. 97",https://www.congress.gov/congressional-record/volume-166/issue-97/extensions-of-remarks-section/article/E474-3,5/22/20,Extensions of Remarks,166,97,E474
"WHY WE SHOULD ALL GET ALONG; Congressional Record Vol. 164, No. 161",https://www.congress.gov/congressional-record/volume-164/issue-161/extensions-of-remarks-section/article/E1335-3,9/28/18,Extensions of Remarks,164,161,E1335
"INTRODUCTION OF BILLS AND JOINT RESOLUTIONS; Congressional Record Vol. 172, No. 105",https://www.congress.gov/congressional-record/volume-172/issue-105/senate-section/article/S3058-4,6/23/26,Senate,172,105,S3058
"Insider Trading (Executive Session); Congressional Record Vol. 172, No. 103",https://www.congress.gov/congressional-record/volume-172/issue-103/senate-section/article/S2921-1,6/18/26,Senate,172,103,S2921
"ADDITIONAL COSPONSORS; Congressional Record Vol. 171, No. 209",https://www.congress.gov/congressional-record/volume-171/issue-209/senate-section/article/S8671-2,12/11/25,Senate,171,209,S8671
"ADDITIONAL COSPONSORS; Congressional Record Vol. 171, No. 203",https://www.congress.gov/congressional-record/volume-171/issue-203/senate-section/article/S8508-1,12/4/25,Senate,171,203,S8508
"Text of Senate Amendment 3584; Congressional Record Vol. 171, No. 133",https://www.congress.gov/congressional-record/volume-171/issue-133/senate-section/article/S5339-4,8/1/25,Senate,171,133,S5339
"H.R. 1; Congressional Record Vol. 171, No. 112",https://www.congress.gov/congressional-record/volume-171/issue-112/senate-section/article/S3676-3,6/28/25,Senate,171,112,S3676
"INTRODUCTION OF BILLS AND JOINT RESOLUTIONS; Congressional Record Vol. 171, No. 71",https://www.congress.gov/congressional-record/volume-171/issue-71/senate-section/article/S2663-3,4/29/25,Senate,171,71,S2663
"Trump Administration (Executive Session); Congressional Record Vol. 171, No. 40",https://www.congress.gov/congressional-record/volume-171/issue-40/senate-section/article/S1449-1,3/3/25,Senate,171,40,S1449
"2024 ECLIPSE; Congressional Record Vol. 170, No. 74",https://www.congress.gov/congressional-record/volume-170/issue-74/senate-section/article/S3075-1,4/30/24,Senate,170,74,S3075
"Roe v. Wade (Executive Session); Congressional Record Vol. 170, No. 11",https://www.congress.gov/congressional-record/volume-170/issue-11/senate-section/article/S194-1,1/22/24,Senate,170,11,S194
"SENATE RESOLUTION 141--SUPPORTING ASEAN CENTRALITY IN THE INDO-PACIFIC REGION; Congressional Record Vol. 169, No. 58",https://www.congress.gov/congressional-record/volume-169/issue-58/senate-section/article/S1097-1,3/30/23,Senate,169,58,S1097
"Title IX (Executive Session); Congressional Record Vol. 169, No. 42",https://www.congress.gov/congressional-record/volume-169/issue-42/senate-section/article/S647-1,3/6/23,Senate,169,42,S647
"SUBMITTED RESOLUTIONS; Congressional Record Vol. 168, No. 22",https://www.congress.gov/congressional-record/volume-168/issue-22/senate-section/article/S524-4,2/3/22,Senate,168,22,S524
"SUBMITTED RESOLUTIONS; Congressional Record Vol. 168, No. 22",https://www.congress.gov/congressional-record/volume-168/issue-22/senate-section/article/S525-1,2/3/22,Senate,168,22,S525
"INTRODUCTION OF BILLS AND JOINT RESOLUTIONS; Congressional Record Vol. 167, No. 185",https://www.congress.gov/congressional-record/volume-167/issue-185/senate-section/article/S7154-3,10/21/21,Senate,167,185,S7154
"INTRODUCTION OF BILLS AND JOINT RESOLUTIONS; Congressional Record Vol. 167, No. 99",https://www.congress.gov/congressional-record/volume-167/issue-99/senate-section/article/S3986-1,6/8/21,Senate,167,99,S3986
"Nomination of Xavier Becerra (Executive Calendar); Congressional Record Vol. 167, No. 50",https://www.congress.gov/congressional-record/volume-167/issue-50/senate-section/article/S1595-2,3/17/21,Senate,167,50,S1595
"TRIBUTE TO MARK GUETHLE; Congressional Record Vol. 166, No. 169",https://www.congress.gov/congressional-record/volume-166/issue-169/senate-section/article/S5934-2,9/29/20,Senate,166,169,S5934
"Supreme Court Nominations (Executive Session); Congressional Record Vol. 166, No. 165",https://www.congress.gov/congressional-record/volume-166/issue-165/senate-section/article/S5805-3,9/23/20,Senate,166,165,S5805
"Remembering Justice Ruth Bader Ginsburg (Executive Session); Congressional Record Vol. 166, No. 165",https://www.congress.gov/congressional-record/volume-166/issue-165/senate-section/article/S5806-2,9/23/20,Senate,166,165,S5806
"Text of Senate Amendment 2563; Congressional Record Vol. 166, No. 138",https://www.congress.gov/congressional-record/volume-166/issue-138/senate-section/article/S4873-1,8/4/20,Senate,166,138,S4873
"HUMAN RIGHTS; Congressional Record Vol. 166, No. 120",https://www.congress.gov/congressional-record/volume-166/issue-120/senate-section/article/S4027-2,6/30/20,Senate,166,120,S4027
"EXECUTIVE CALENDAR--Continued; Congressional Record Vol. 166, No. 113",https://www.congress.gov/congressional-record/volume-166/issue-113/senate-section/article/S3092-1,6/18/20,Senate,166,113,S3092
"NATIONAL WOMEN'S HISTORY MONTH; Congressional Record Vol. 166, No. 48",https://www.congress.gov/congressional-record/volume-166/issue-48/senate-section/article/S1722-3,3/12/20,Senate,166,48,S1722
"SUBMITTED RESOLUTIONS; Congressional Record Vol. 165, No. 199",https://www.congress.gov/congressional-record/volume-165/issue-199/senate-section/article/S7030-3,12/12/19,Senate,165,199,S7030
"Abortion (Executive Session); Congressional Record Vol. 165, No. 85",https://www.congress.gov/congressional-record/volume-165/issue-85/senate-section/article/S2993-1,5/21/19,Senate,165,85,S2993
"ADDITIONAL COSPONSORS; Congressional Record Vol. 164, No. 167",https://www.congress.gov/congressional-record/volume-164/issue-167/senate-section/article/S6732-2,10/9/18,Senate,164,167,S6732
"SUBMITTED RESOLUTIONS; Congressional Record Vol. 164, No. 141",https://www.congress.gov/congressional-record/volume-164/issue-141/senate-section/article/S5934-1,8/23/18,Senate,164,141,S5934
"WEEK ON THE STATUS OF BLACK WOMEN; Congressional Record Vol. 164, No. 50",https://www.congress.gov/congressional-record/volume-164/issue-50/senate-section/article/S1941-3,3/22/18,Senate,164,50,S1941
"SUBMITTED RESOLUTIONS; Congressional Record Vol. 163, No. 116",https://www.congress.gov/congressional-record/volume-163/issue-116/senate-section/article/S3922-3,7/11/17,Senate,163,116,S3922
"INTRODUCTION OF BILLS AND JOINT RESOLUTIONS; Congressional Record Vol. 163, No. 98",https://www.congress.gov/congressional-record/volume-163/issue-98/senate-section/article/S3362-2,6/8/17,Senate,163,98,S3362
"PARENTS BILL OF RIGHTS ACT; Congressional Record Vol. 169, No. 54",https://www.congress.gov/congressional-record/volume-169/issue-54/extensions-of-remarks-section/article/E251-2,3/24/23,Extensions of Remarks,169,54,E251
"PUBLIC BILLS AND RESOLUTIONS; Congressional Record Vol. 172, No. 7",https://www.congress.gov/congressional-record/volume-172/issue-7/house-section/article/H615-1,1/9/26,House,172,7,H615
"PUBLIC BILLS AND RESOLUTIONS; Congressional Record Vol. 167, No. 206",https://www.congress.gov/congressional-record/volume-167/issue-206/house-section/article/H6710-3,11/30/21,House,167,206,H6710
"ESTABLISHING A SELECT SUBCOMMITTEE ON THE CORONAVIRUS CRISIS; Congressional Record Vol. 166, No. 77",https://www.congress.gov/congressional-record/volume-166/issue-77/house-section/article/H1953-1,4/23/20,House,166,77,H1953
"THANKING MY SOUTH FLORIDA CONSTITUENTS; Congressional Record Vol. 164, No. 194",https://www.congress.gov/congressional-record/volume-164/issue-194/house-section/article/H9769-4,12/10/18,House,164,194,H9769
"PUBLIC BILLS AND RESOLUTIONS; Congressional Record Vol. 163, No. 120",https://www.congress.gov/congressional-record/volume-163/issue-120/house-section/article/H5919-5,7/17/17,House,163,120,H5919
"SAVE America Act (Executive Session); Congressional Record Vol. 172, No. 54",https://www.congress.gov/congressional-record/volume-172/issue-54/senate-section/article/S1530-1,3/23/26,Senate,172,54,S1530
"SENATE RESOLUTION 300--DESIGNATING JUNE 15, 2025, AS ""WORLD ELDER ABUSE AWARENESS DAY"" AND THE MONTH OF JUNE 2025 AS ""ELDER ABUSE AWARENESS MONTH""; Congressional Record Vol. 171, No. 108",https://www.congress.gov/congressional-record/volume-171/issue-108/senate-section/article/S3518-4,6/24/25,Senate,171,108,S3518
"Unanimous Consent Request--S. 332 (Executive Session); Congressional Record Vol. 170, No. 145",https://www.congress.gov/congressional-record/volume-170/issue-145/senate-section/article/S6123-2,9/18/24,Senate,170,145,S6123
"Tax Reform (Executive Session); Congressional Record Vol. 164, No. 62",https://www.congress.gov/congressional-record/volume-164/issue-62/senate-section/article/S2198-3,4/17/18,Senate,164,62,S2198
"WELCOMING THE HONORABLE GABE AMO TO THE HOUSE OF REPRESENTATIVES; Congressional Record Vol. 169, No. 187",https://www.congress.gov/congressional-record/volume-169/issue-187/house-section/article/H5711-3,11/13/23,House,169,187,H5711
"NOTICE OF INTENTION TO OFFER RESOLUTION RAISING A QUESTION OF THE PRIVILEGES OF THE HOUSE; Congressional Record Vol. 164, No. 12",https://www.congress.gov/congressional-record/volume-164/issue-12/house-section/article/H559-4,1/19/18,House,164,12,H559
"Text of Senate Amendment 4786; Congressional Record Vol. 172, No. 57",https://www.congress.gov/congressional-record/volume-172/issue-57/senate-section/article/S1676-2,3/26/26,Senate,172,57,S1676
"PUBLIC BILLS AND RESOLUTIONS; Congressional Record Vol. 167, No. 105",https://www.congress.gov/congressional-record/volume-167/issue-105/house-section/article/H2890-2,6/16/21,House,167,105,H2890
"SENATE RESOLUTION 67--DECLARING RACISM A PUBLIC HEALTH CRISIS; Congressional Record Vol. 171, No. 24",https://www.congress.gov/congressional-record/volume-171/issue-24/senate-section/article/S800-1,2/5/25,Senate,171,24,S800
"SENATE RESOLUTION 575--DECLARING RACISM A PUBLIC HEALTH CRISIS; Congressional Record Vol. 170, No. 40",https://www.congress.gov/congressional-record/volume-170/issue-40/senate-section/article/S2240-2,3/6/24,Senate,170,40,S2240
"SUBMITTED RESOLUTIONS; Congressional Record Vol. 169, No. 130",https://www.congress.gov/congressional-record/volume-169/issue-130/senate-section/article/S3767-1,7/27/23,Senate,169,130,S3767
"HONORING CONGRESSWOMAN SHIRLEY CHISHOLM; Congressional Record Vol. 168, No. 24",https://www.congress.gov/congressional-record/volume-168/issue-24/house-section/article/H998-4,2/7/22,House,168,24,H998
"Nomination of Russell Vought (Executive Calendar); Congressional Record Vol. 171, No. 24",https://www.congress.gov/congressional-record/volume-171/issue-24/senate-section/article/S746-1,2/5/25,Senate,171,24,S746
"AMENDING THE VETERANS ACCESS, CHOICE, AND ACCOUNTABILITY ACT OF 2014; Congressional Record Vol. 163, No. 59",https://www.congress.gov/congressional-record/volume-163/issue-59/house-section/article/H2722-1,4/5/17,House,163,59,H2722
"Daily Digest/COMMITTEE MEETINGS FOR 2018-07-11; Congressional Record Vol. 164, No. 115",https://www.congress.gov/congressional-record/volume-164/issue-115/daily-digest/article/D785-3,7/10/18,Daily Digest,164,115,D785
"SENATE COMMITTEE MEETINGS; Congressional Record Vol. 172, No. 92",https://www.congress.gov/congressional-record/volume-172/issue-92/extensions-of-remarks-section/article/E505-2,6/1/26,Extensions of Remarks,172,92,E505
"CELEBRATING JULY 4TH INDEPENDENCE DAY 2024; Congressional Record Vol. 170, No. 111",https://www.congress.gov/congressional-record/volume-170/issue-111/extensions-of-remarks-section/article/E693-2,7/5/24,Extensions of Remarks,170,111,E693
"WORLD SCIENTISTS' WARNING OF A CLIMATE EMERGENCY; Congressional Record Vol. 167, No. 20",https://www.congress.gov/congressional-record/volume-167/issue-20/extensions-of-remarks-section/article/E99-1,2/3/21,Extensions of Remarks,167,20,E99
"COMMEMORATING THE 50TH ANNIVERSARY OF THE ``APOLLO 11'' MOON LANDING; Congressional Record Vol. 165, No. 123",https://www.congress.gov/congressional-record/volume-165/issue-123/extensions-of-remarks-section/article/E951-3,7/22/19,Extensions of Remarks,165,123,E951
"NASA ENHANCED USE LEASING EXTENSION ACT OF 2021; Congressional Record Vol. 168, No. 10",https://www.congress.gov/congressional-record/volume-168/issue-10/extensions-of-remarks-section/article/E37-3,1/14/22,Extensions of Remarks,168,10,E37
"RAISE THE WAGE ACT; Congressional Record Vol. 165, No. 121",https://www.congress.gov/congressional-record/volume-165/issue-121/house-section/article/H7095-3,7/18/19,House,165,121,H7095
"Text of Senate Amendment 6324; Congressional Record Vol. 172, No. 106",https://www.congress.gov/congressional-record/volume-172/issue-106/senate-section/article/S3451-1,6/24/26,Senate,172,106,S3451
"ADDITIONAL COSPONSORS; Congressional Record Vol. 171, No. 174",https://www.congress.gov/congressional-record/volume-171/issue-174/senate-section/article/S7699-6,10/21/25,Senate,171,174,S7699
"ADDITIONAL COSPONSORS; Congressional Record Vol. 171, No. 145",https://www.congress.gov/congressional-record/volume-171/issue-145/senate-section/article/S6320-2,9/4/25,Senate,171,145,S6320
"USAID (Executive Calendar); Congressional Record Vol. 171, No. 24",https://www.congress.gov/congressional-record/volume-171/issue-24/senate-section/article/S740-1,2/5/25,Senate,171,24,S740
"NATIONAL MINORITY MENTAL HEALTH MONTH; Congressional Record Vol. 169, No. 130",https://www.congress.gov/congressional-record/volume-169/issue-130/senate-section/article/S3743-2,7/27/23,Senate,169,130,S3743
"SUBMITTED RESOLUTIONS; Congressional Record Vol. 168, No. 69",https://www.congress.gov/congressional-record/volume-168/issue-69/senate-section/article/S2193-2,4/27/22,Senate,168,69,S2193
"ADDITIONAL COSPONSORS; Congressional Record Vol. 168, No. 24",https://www.congress.gov/congressional-record/volume-168/issue-24/senate-section/article/S546-5,2/7/22,Senate,168,24,S546
"INTRODUCTION OF BILLS AND JOINT RESOLUTIONS; Congressional Record Vol. 167, No. 163",https://www.congress.gov/congressional-record/volume-167/issue-163/senate-section/article/S6585-2,9/21/21,Senate,167,163,S6585
"Text of Senate Amendment 2112; Congressional Record Vol. 167, No. 98",https://www.congress.gov/congressional-record/volume-167/issue-98/senate-section/article/S3960-3,6/7/21,Senate,167,98,S3960
"Text of Senate Amendment 2107; Congressional Record Vol. 167, No. 93",https://www.congress.gov/congressional-record/volume-167/issue-93/senate-section/article/S3912-1,5/27/21,Senate,167,93,S3912
"Text of Senate Amendment 1935; Congressional Record Vol. 167, No. 90",https://www.congress.gov/congressional-record/volume-167/issue-90/senate-section/article/S3351-2,5/24/21,Senate,167,90,S3351
"BUSINESS BEFORE THE SENATE; Congressional Record Vol. 167, No. 56",https://www.congress.gov/congressional-record/volume-167/issue-56/senate-section/article/S1791-8,3/25/21,Senate,167,56,S1791
"Nomination of Dana T. Wade (Executive Session); Congressional Record Vol. 166, No. 133",https://www.congress.gov/congressional-record/volume-166/issue-133/senate-section/article/S4522-1,7/28/20,Senate,166,133,S4522
"STATEMENTS ON INTRODUCED BILLS AND JOINT RESOLUTIONS; Congressional Record Vol. 165, No. 62",https://www.congress.gov/congressional-record/volume-165/issue-62/senate-section/article/S2389-1,4/10/19,Senate,165,62,S2389
"INTRODUCTION OF BILLS AND JOINT RESOLUTIONS; Congressional Record Vol. 165, No. 18",https://www.congress.gov/congressional-record/volume-165/issue-18/senate-section/article/S742-1,1/29/19,Senate,165,18,S742
"ADDITIONAL COSPONSORS; Congressional Record Vol. 164, No. 191",https://www.congress.gov/congressional-record/volume-164/issue-191/senate-section/article/S7275-3,12/4/18,Senate,164,191,S7275
"Text of Senate Amendment 2019; Congressional Record Vol. 164, No. 30",https://www.congress.gov/congressional-record/volume-164/issue-30/senate-section/article/S1172-1,2/15/18,Senate,164,30,S1172
"ADDITIONAL COSPONSORS; Congressional Record Vol. 163, No. 121",https://www.congress.gov/congressional-record/volume-163/issue-121/senate-section/article/S4056-2,7/18/17,Senate,163,121,S4056
"INTRODUCTION OF BILLS AND JOINT RESOLUTIONS; Congressional Record Vol. 163, No. 3",https://www.congress.gov/congressional-record/volume-163/issue-3/senate-section/article/S112-1,1/5/17,Senate,163,3,S112
"PUBLIC BILLS AND RESOLUTIONS; Congressional Record Vol. 171, No. 106",https://www.congress.gov/congressional-record/volume-171/issue-106/house-section/article/H2836-2,6/20/25,House,171,106,H2836
"PUBLIC BILLS AND RESOLUTIONS; Congressional Record Vol. 169, No. 170",https://www.congress.gov/congressional-record/volume-169/issue-170/house-section/article/H5020-5,10/17/23,House,169,170,H5020
"THE CENTENNIAL OF 19TH AMENDMENT; Congressional Record Vol. 165, No. 85",https://www.congress.gov/congressional-record/volume-165/issue-85/house-section/article/H4053-2,5/21/19,House,165,85,H4053
"PROTECTING GIRLS' ACCESS TO EDUCATION IN VULNERABLE SETTINGS ACT; Congressional Record Vol. 164, No. 202",https://www.congress.gov/congressional-record/volume-164/issue-202/house-section/article/H10547-1,12/21/18,House,164,202,H10547
"CONDEMNING THE HORRIFIC SHOOTINGS IN ATLANTA, GEORGIA ON MARCH 16, 2021; Congressional Record Vol. 167, No. 87",https://www.congress.gov/congressional-record/volume-167/issue-87/extensions-of-remarks-section/article/E547-5,5/19/21,Extensions of Remarks,167,87,E547
"Text of Senate Amendment 1910; Congressional Record Vol. 170, No. 75",https://www.congress.gov/congressional-record/volume-170/issue-75/senate-section/article/S3262-4,5/1/24,Senate,170,75,S3262
"Text of Senate Amendment 1910; Congressional Record Vol. 170, No. 75",https://www.congress.gov/congressional-record/volume-170/issue-75/senate-section/article/S3140-2,5/1/24,Senate,170,75,S3140
"SENATE RESOLUTION 147--DESIGNATING APRIL 2023 AS ``PRESERVING AND PROTECTING LOCAL NEWS MONTH'' AND RECOGNIZING THE IMPORTANCE AND SIGNIFICANCE OF LOCAL NEWS; Congressional Record Vol. 169, No. 58",https://www.congress.gov/congressional-record/volume-169/issue-58/senate-section/article/S1101-1,3/30/23,Senate,169,58,S1101
"STATEMENTS ON INTRODUCED BILLS AND JOINT RESOLUTIONS; Congressional Record Vol. 166, No. 196",https://www.congress.gov/congressional-record/volume-166/issue-196/senate-section/article/S7078-1,11/18/20,Senate,166,196,S7078
"SENATE RESOLUTION 728--RECOGNIZING THE INSTRUMENTAL ROLE UNITED STATES GLOBAL FOOD SECURITY PROGRAMS, PARTICULARLY THE FEED THE FUTURE PROGRAM, HAVE PLAYED IN REDUCING GLOBAL POVERTY, BUILDING...; Congressional Record Vol. 166, No. 169",https://www.congress.gov/congressional-record/volume-166/issue-169/senate-section/article/S5981-2,9/29/20,Senate,166,169,S5981
"SENATE RESOLUTION 100--RECOGNIZING THE HERITAGE, CULTURE, AND CONTRIBUTIONS OF AMERICAN INDIAN, ALASKA NATIVE, AND NATIVE HAWAIIAN WOMEN IN THE UNITED STATES; Congressional Record Vol. 165, No. 41",https://www.congress.gov/congressional-record/volume-165/issue-41/senate-section/article/S1743-2,3/7/19,Senate,165,41,S1743
"SENATE RESOLUTION 444--RECOGNIZING THE HERITAGE, CULTURE, AND CONTRIBUTIONS OF AMERICAN INDIAN, ALASKA NATIVE, AND NATIVE HAWAIIAN WOMEN IN THE UNITED STATES; Congressional Record Vol. 164, No. 50",https://www.congress.gov/congressional-record/volume-164/issue-50/senate-section/article/S1952-2,3/22/18,Senate,164,50,S1952
"RAISING A QUESTION OF THE PRIVILEGES OF THE HOUSE; Congressional Record Vol. 172, No. 109",https://www.congress.gov/congressional-record/volume-172/issue-109/house-section/article/H4345-4,6/30/26,House,172,109,H4345
"WOMEN IN AEROSPACE EDUCATION ACT; Congressional Record Vol. 164, No. 186",https://www.congress.gov/congressional-record/volume-164/issue-186/house-section/article/H9580-8,11/27/18,House,164,186,H9580
"Text of Senate Amendment 1003; Congressional Record Vol. 169, No. 125",https://www.congress.gov/congressional-record/volume-169/issue-125/senate-section/article/S3490-4,7/20/23,Senate,169,125,S3490
"Text of Senate Amendment 911; Congressional Record Vol. 169, No. 123",https://www.congress.gov/congressional-record/volume-169/issue-123/senate-section/article/S3085-1,7/18/23,Senate,169,123,S3085
"PUBLIC BILLS AND RESOLUTIONS; Congressional Record Vol. 165, No. 99",https://www.congress.gov/congressional-record/volume-165/issue-99/house-section/article/H4693-2,6/13/19,House,165,99,H4693
"SUBMITTED RESOLUTIONS; Congressional Record Vol. 168, No. 32",https://www.congress.gov/congressional-record/volume-168/issue-32/senate-section/article/S789-1,2/17/22,Senate,168,32,S789
"ENDING OF DEI PROGRAMS THROUGH EXECUTIVE ORDER; Congressional Record Vol. 171, No. 71",https://www.congress.gov/congressional-record/volume-171/issue-71/house-section/article/H1721-1,4/29/25,House,171,71,H1721
"PROTECTING THE RIGHTS AND SAFETY OF WOMEN; Congressional Record Vol. 171, No. 8",https://www.congress.gov/congressional-record/volume-171/issue-8/house-section/article/H175-6,1/15/25,House,171,8,H175
"BILLIE JEAN KING CONGRESSIONAL GOLD MEDAL ACT; Congressional Record Vol. 170, No. 144",https://www.congress.gov/congressional-record/volume-170/issue-144/house-section/article/H5250-1,9/17/24,House,170,144,H5250
"END RACIAL PREFERENCE POLICIES; Congressional Record Vol. 169, No. 89",https://www.congress.gov/congressional-record/volume-169/issue-89/house-section/article/H2631-2,5/25/23,House,169,89,H2631
"FOUNDATION OF THE FEDERAL BAR ASSOCIATION CHARTER AMENDMENTS ACT OF 2019; Congressional Record Vol. 165, No. 181",https://www.congress.gov/congressional-record/volume-165/issue-181/house-section/article/H8794-1,11/13/19,House,165,181,H8794
"HONORING JOHN RUFFIER DURING PRIDE MONTH; Congressional Record Vol. 165, No. 97",https://www.congress.gov/congressional-record/volume-165/issue-97/house-section/article/H4426-1,6/11/19,House,165,97,H4426
"INTERNATIONAL DAY OF ZERO TOLERANCE FOR FEMALE GENITAL MUTILATION; Congressional Record Vol. 165, No. 23",https://www.congress.gov/congressional-record/volume-165/issue-23/house-section/article/H1383-1,2/6/19,House,165,23,H1383
"CONGENITAL HEART FUTURES REAUTHORIZATION ACT OF 2017; Congressional Record Vol. 164, No. 200",https://www.congress.gov/congressional-record/volume-164/issue-200/house-section/article/H10278-4,12/19/18,House,164,200,H10278
"BURMA UNIFIED THROUGH RIGOROUS MILITARY ACCOUNTABILITY ACT OF 2019; Congressional Record Vol. 165, No. 154",https://www.congress.gov/congressional-record/volume-165/issue-154/house-section/article/H7878-1,9/24/19,House,165,154,H7878
"CONGRESSIONAL BLACK CAUCUS; Congressional Record Vol. 169, No. 63",https://www.congress.gov/congressional-record/volume-169/issue-63/house-section/article/H1744-2,4/17/23,House,169,63,H1744
"LEGISLATIVE PRIORITIES; Congressional Record Vol. 163, No. 6",https://www.congress.gov/congressional-record/volume-163/issue-6/house-section/article/H285-3,1/10/17,House,163,6,H285
"STATEMENTS ON INTRODUCED BILLS AND JOINT RESOLUTIONS; Congressional Record Vol. 165, No. 80",https://www.congress.gov/congressional-record/volume-165/issue-80/senate-section/article/S2819-1,5/14/19,Senate,165,80,S2819
"FEDERAL EXTREME RISK PROTECTION ORDER ACT OF 2021; Congressional Record Vol. 168, No. 99",https://www.congress.gov/congressional-record/volume-168/issue-99/house-section/article/H5415-1,6/9/22,House,168,99,H5415
"Daily Digest/COMMITTEE MEETINGS FOR 2023-07-27; Congressional Record Vol. 169, No. 129",https://www.congress.gov/congressional-record/volume-169/issue-129/daily-digest/article/D798-1,7/26/23,Daily Digest,169,129,D798
"Daily Digest/House of Representatives; Congressional Record Vol. 168, No. 38",https://www.congress.gov/congressional-record/volume-168/issue-38/daily-digest/article/D216-1,3/2/22,Daily Digest,168,38,D216
"Daily Digest/CONGRESSIONAL PROGRAM AHEAD; Congressional Record Vol. 166, No. 154",https://www.congress.gov/congressional-record/volume-166/issue-154/daily-digest/article/D764-1,9/8/20,Daily Digest,166,154,D764
"PROVIDING FOR CONSIDERATION OF H.R. 582, RAISE THE WAGE ACT; Congressional Record Vol. 165, No. 120",https://www.congress.gov/congressional-record/volume-165/issue-120/house-section/article/H5926-5,7/17/19,House,165,120,H5926
"PROVIDING FOR CONSIDERATION OF H.R. 1585, VIOLENCE AGAINST WOMEN REAUTHORIZATION ACT OF 2019; Congressional Record Vol. 165, No. 58",https://www.congress.gov/congressional-record/volume-165/issue-58/house-section/article/H2993-5,4/3/19,House,165,58,H2993
"SENATE COMMITTEE MEETINGS; Congressional Record Vol. 167, No. 98",https://www.congress.gov/congressional-record/volume-167/issue-98/extensions-of-remarks-section/article/E611-2,6/7/21,Extensions of Remarks,167,98,E611
"VIOLENCE AGAINST WOMEN REAUTHORIZATION ACT OF 2019; Congressional Record Vol. 165, No. 58",https://www.congress.gov/congressional-record/volume-165/issue-58/house-section/article/H3003-2,4/3/19,House,165,58,H3003
"ADDITIONAL COSPONSORS; Congressional Record Vol. 168, No. 45",https://www.congress.gov/congressional-record/volume-168/issue-45/senate-section/article/S1153-5,3/14/22,Senate,168,45,S1153
"ADDITIONAL COSPONSORS; Congressional Record Vol. 167, No. 208",https://www.congress.gov/congressional-record/volume-167/issue-208/senate-section/article/S8912-1,12/2/21,Senate,167,208,S8912
"SUBMITTED RESOLUTIONS; Congressional Record Vol. 166, No. 130",https://www.congress.gov/congressional-record/volume-166/issue-130/senate-section/article/S4476-1,7/23/20,Senate,166,130,S4476
"ADDITIONAL COSPONSORS; Congressional Record Vol. 165, No. 110",https://www.congress.gov/congressional-record/volume-165/issue-110/senate-section/article/S4677-1,6/28/19,Senate,165,110,S4677
"PUBLIC BILLS AND RESOLUTIONS; Congressional Record Vol. 169, No. 28",https://www.congress.gov/congressional-record/volume-169/issue-28/house-section/article/H832-1,2/10/23,House,169,28,H832
"NEW YORK; Congressional Record Vol. 171, No. 211",https://www.congress.gov/congressional-record/volume-171/issue-211/senate-section/article/S8701-2,12/15/25,Senate,171,211,S8701
"Senate Accomplishments (Executive Calendar); Congressional Record Vol. 171, No. 132",https://www.congress.gov/congressional-record/volume-171/issue-132/senate-section/article/S4970-1,7/31/25,Senate,171,132,S4970
"INTRODUCTION OF BILLS AND JOINT RESOLUTIONS; Congressional Record Vol. 171, No. 119",https://www.congress.gov/congressional-record/volume-171/issue-119/senate-section/article/S4314-2,7/10/25,Senate,171,119,S4314
"INTRODUCTION OF BILLS AND JOINT RESOLUTIONS; Congressional Record Vol. 171, No. 110",https://www.congress.gov/congressional-record/volume-171/issue-110/senate-section/article/S3561-1,6/26/25,Senate,171,110,S3561
"Text of Senate Amendment 1477; Congressional Record Vol. 170, No. 24",https://www.congress.gov/congressional-record/volume-170/issue-24/senate-section/article/S644-3,2/9/24,Senate,170,24,S644
"Text of Senate Amendment 548; Congressional Record Vol. 169, No. 120",https://www.congress.gov/congressional-record/volume-169/issue-120/senate-section/article/S2679-2,7/13/23,Senate,169,120,S2679
"SUBMISSION OF CONCURRENT AND SENATE RESOLUTIONS; Congressional Record Vol. 169, No. 109",https://www.congress.gov/congressional-record/volume-169/issue-109/senate-section/article/S2225-1,6/22/23,Senate,169,109,S2225
"SUBMITTED RESOLUTIONS; Congressional Record Vol. 169, No. 107",https://www.congress.gov/congressional-record/volume-169/issue-107/senate-section/article/S2148-1,6/20/23,Senate,169,107,S2148
"Munich Security Conference (Executive Session); Congressional Record Vol. 169, No. 37",https://www.congress.gov/congressional-record/volume-169/issue-37/senate-section/article/S495-1,2/27/23,Senate,169,37,S495
"SUBMITTED RESOLUTIONS; Congressional Record Vol. 168, No. 152",https://www.congress.gov/congressional-record/volume-168/issue-152/senate-section/article/S4915-1,9/21/22,Senate,168,152,S4915
"SUBMITTED RESOLUTIONS; Congressional Record Vol. 168, No. 105",https://www.congress.gov/congressional-record/volume-168/issue-105/senate-section/article/S3032-2,6/21/22,Senate,168,105,S3032
"ADDITIONAL COSPONSORS; Congressional Record Vol. 168, No. 61",https://www.congress.gov/congressional-record/volume-168/issue-61/senate-section/article/S2041-2,4/6/22,Senate,168,61,S2041
"Text of Senate Amendment 4728; Congressional Record Vol. 167, No. 199",https://www.congress.gov/congressional-record/volume-167/issue-199/senate-section/article/S8300-2,11/16/21,Senate,167,199,S8300
"SENATE CONCURRENT RESOLUTION 20--CONDEMNING THE OCTOBER 25, 2021, MILITARY COUP IN SUDAN AND STANDING WITH THE PEOPLE OF SUDAN; Congressional Record Vol. 167, No. 194",https://www.congress.gov/congressional-record/volume-167/issue-194/senate-section/article/S7801-1,11/4/21,Senate,167,194,S7801
"BIDEN ADMINISTRATION; Congressional Record Vol. 167, No. 11",https://www.congress.gov/congressional-record/volume-167/issue-11/senate-section/article/S68-2,1/20/21,Senate,167,11,S68
"SENATE RESOLUTION 565--RECOGNIZING THE HERITAGE, CULTURE, AND CONTRIBUTIONS OF AMERICAN INDIAN, ALASKA NATIVE, AND NATIVE HAWAIIAN WOMEN IN THE UNITED STATES; Congressional Record Vol. 166, No. 86",https://www.congress.gov/congressional-record/volume-166/issue-86/senate-section/article/S2327-1,5/7/20,Senate,166,86,S2327
"WOMEN POLITICAL PRISONERS; Congressional Record Vol. 166, No. 45",https://www.congress.gov/congressional-record/volume-166/issue-45/senate-section/article/S1620-3,3/9/20,Senate,166,45,S1620
"INTRODUCTION OF BILLS AND JOINT RESOLUTIONS; Congressional Record Vol. 165, No. 108",https://www.congress.gov/congressional-record/volume-165/issue-108/senate-section/article/S4565-3,6/26/19,Senate,165,108,S4565
"INTRODUCTION OF BILLS AND JOINT RESOLUTIONS; Congressional Record Vol. 165, No. 104",https://www.congress.gov/congressional-record/volume-165/issue-104/senate-section/article/S4168-2,6/20/19,Senate,165,104,S4168
"Nomination of Janet Dhillon (Executive Calendar); Congressional Record Vol. 165, No. 76",https://www.congress.gov/congressional-record/volume-165/issue-76/senate-section/article/S2721-1,5/8/19,Senate,165,76,S2721
"Nomination of Thomas Farr (Executive Session); Congressional Record Vol. 164, No. 76",https://www.congress.gov/congressional-record/volume-164/issue-76/senate-section/article/S2603-1,5/10/18,Senate,164,76,S2603
"SENATE RESOLUTION 488--HONORING THE 100TH ANNIVERSARY OF FORT BENNING IN COLUMBUS, GEORGIA; Congressional Record Vol. 164, No. 68",https://www.congress.gov/congressional-record/volume-164/issue-68/senate-section/article/S2491-1,4/26/18,Senate,164,68,S2491
"PUBLIC BILLS AND RESOLUTIONS; Congressional Record Vol. 170, No. 52",https://www.congress.gov/congressional-record/volume-170/issue-52/house-section/article/H2119-2,3/26/24,House,170,52,H2119
"PUBLIC BILLS AND RESOLUTIONS; Congressional Record Vol. 168, No. 119",https://www.congress.gov/congressional-record/volume-168/issue-119/house-section/article/H6881-2,7/19/22,House,168,119,H6881
"AND STILL I RISE; Congressional Record Vol. 167, No. 200",https://www.congress.gov/congressional-record/volume-167/issue-200/house-section/article/H6366-1,11/17/21,House,167,200,H6366
"RISE AND MAKE TOMORROW BETTER THAN TODAY; Congressional Record Vol. 165, No. 173",https://www.congress.gov/congressional-record/volume-165/issue-173/house-section/article/H8713-1,10/31/19,House,165,173,H8713
"PUBLIC BILLS AND RESOLUTIONS; Congressional Record Vol. 164, No. 119",https://www.congress.gov/congressional-record/volume-164/issue-119/house-section/article/H6262-2,7/16/18,House,164,119,H6262
"Bidenomics (Executive Session); Congressional Record Vol. 170, No. 141",https://www.congress.gov/congressional-record/volume-170/issue-141/senate-section/article/S5958-1,9/11/24,Senate,170,141,S5958
"Nominations of Tiffany M. Cartwright and Kymberly Kathryn Evanson (Executive Session); Congressional Record Vol. 169, No. 118",https://www.congress.gov/congressional-record/volume-169/issue-118/senate-section/article/S2300-1,7/11/23,Senate,169,118,S2300
"Text of Senate Amendment 4735; Congressional Record Vol. 167, No. 200",https://www.congress.gov/congressional-record/volume-167/issue-200/senate-section/article/S8353-1,11/17/21,Senate,167,200,S8353
"Text of Senate Amendment 2389; Congressional Record Vol. 167, No. 138",https://www.congress.gov/congressional-record/volume-167/issue-138/senate-section/article/S5757-2,8/3/21,Senate,167,138,S5757
"SENATE RESOLUTION 371--REAFFIRMING THE SUPPORT OF THE UNITED STATES FOR THE PEOPLE OF THE REPUBLIC OF SOUTH SUDAN AND CALLING ON ALL PARTIES TO UPHOLD THEIR COMMITMENTS TO PEACE AND DIALOGUE AS...; Congressional Record Vol. 165, No. 167",https://www.congress.gov/congressional-record/volume-165/issue-167/senate-section/article/S5975-2,10/22/19,Senate,165,167,S5975
"SENATE RESOLUTION 72--HONORING THE 100TH ANNIVERSARY OF FORT BENNING IN COLUMBUS, GEORGIA; Congressional Record Vol. 165, No. 29",https://www.congress.gov/congressional-record/volume-165/issue-29/senate-section/article/S1387-2,2/14/19,Senate,165,29,S1387
"PARENTAL RIGHTS OVER THE EDUCATION AND CARE OF THEIR KIDS ACT; Congressional Record Vol. 172, No. 86",https://www.congress.gov/congressional-record/volume-172/issue-86/house-section/article/H3660-1,5/20/26,House,172,86,H3660
"FOSTERING INTERGOVERNMENTAL HEALTH TRANSPARENCY IN VETERAN SUICIDES ACT; Congressional Record Vol. 165, No. 85",https://www.congress.gov/congressional-record/volume-165/issue-85/house-section/article/H4041-1,5/21/19,House,165,85,H4041
"CONGRESS IS BACK; Congressional Record Vol. 171, No. 196",https://www.congress.gov/congressional-record/volume-171/issue-196/house-section/article/H4868-1,11/20/25,House,171,196,H4868
"ISSUES OF THE DAY; Congressional Record Vol. 169, No. 129",https://www.congress.gov/congressional-record/volume-169/issue-129/house-section/article/H4022-1,7/26/23,House,169,129,H4022
"DEBT CEILING CRISIS; Congressional Record Vol. 169, No. 89",https://www.congress.gov/congressional-record/volume-169/issue-89/house-section/article/H2628-1,5/25/23,House,169,89,H2628
"PUBLIC BILLS AND RESOLUTIONS; Congressional Record Vol. 169, No. 77",https://www.congress.gov/congressional-record/volume-169/issue-77/house-section/article/H2133-2,5/5/23,House,169,77,H2133
"PUBLIC BILLS AND RESOLUTIONS; Congressional Record Vol. 169, No. 72",https://www.congress.gov/congressional-record/volume-169/issue-72/house-section/article/H2116-3,4/28/23,House,169,72,H2116
"ISSUES OF THE DAY; Congressional Record Vol. 168, No. 158",https://www.congress.gov/congressional-record/volume-168/issue-158/house-section/article/H8305-1,9/29/22,House,168,158,H8305
"PUBLIC BILLS AND RESOLUTIONS; Congressional Record Vol. 168, No. 33",https://www.congress.gov/congressional-record/volume-168/issue-33/house-section/article/H1129-2,2/18/22,House,168,33,H1129
"CURRENT STATE OF AFFAIRS WITH CHINA; Congressional Record Vol. 167, No. 192",https://www.congress.gov/congressional-record/volume-167/issue-192/house-section/article/H6120-1,11/2/21,House,167,192,H6120
"STATE OF THE UNION ESSAY FINALISTS; Congressional Record Vol. 164, No. 22",https://www.congress.gov/congressional-record/volume-164/issue-22/senate-section/article/S605-2,2/5/18,Senate,164,22,S605
"ISSUES OF THE DAY; Congressional Record Vol. 169, No. 46",https://www.congress.gov/congressional-record/volume-169/issue-46/house-section/article/H1274-1,3/10/23,House,169,46,H1274
"GET WELL SOON PRESIDENT TRUMP; Congressional Record Vol. 166, No. 172",https://www.congress.gov/congressional-record/volume-166/issue-172/house-section/article/H5662-2,10/2/20,House,166,172,H5662
"TEXT OF AMENDMENTS; Congressional Record Vol. 169, No. 51",https://www.congress.gov/congressional-record/volume-169/issue-51/senate-section/article/S862-3,3/21/23,Senate,169,51,S862
"TEXT OF AMENDMENTS; Congressional Record Vol. 167, No. 189",https://www.congress.gov/congressional-record/volume-167/issue-189/senate-section/article/S7420-1,10/27/21,Senate,167,189,S7420
"Daily Digest/COMMITTEE MEETINGS FOR 2021-03-24; Congressional Record Vol. 167, No. 54",https://www.congress.gov/congressional-record/volume-167/issue-54/daily-digest/article/D289-2,3/23/21,Daily Digest,167,54,D289
"Daily Digest/House of Representatives; Congressional Record Vol. 165, No. 105",https://www.congress.gov/congressional-record/volume-165/issue-105/daily-digest/article/D733-3,6/21/19,Daily Digest,165,105,D733
"HOUSING IS A HUMAN RIGHT; Congressional Record Vol. 170, No. 67",https://www.congress.gov/congressional-record/volume-170/issue-67/house-section/article/H2492-1,4/17/24,House,170,67,H2492
"ISSUES OF THE DAY; Congressional Record Vol. 163, No. 97",https://www.congress.gov/congressional-record/volume-163/issue-97/house-section/article/H4693-1,6/7/17,House,163,97,H4693
"DEPARTMENT OF JUSTICE SURVEY ON REMEDYING THE EFFECT OF DISCRIMINATION IN FEDERAL CONTRACTING; Congressional Record Vol. 168, No. 101",https://www.congress.gov/congressional-record/volume-168/issue-101/extensions-of-remarks-section/article/E619-5,6/14/22,Extensions of Remarks,168,101,E619
"COST ESTIMATE FOR H.R. 7, PAYCHECK FAIRNESS ACT; Congressional Record Vol. 167, No. 62",https://www.congress.gov/congressional-record/volume-167/issue-62/extensions-of-remarks-section/article/E363-3,4/12/21,Extensions of Remarks,167,62,E363
"FREE IRAN GLOBAL SUMMIT; Congressional Record Vol. 166, No. 135",https://www.congress.gov/congressional-record/volume-166/issue-135/extensions-of-remarks-section/article/E706-2,7/30/20,Extensions of Remarks,166,135,E706
"IN HONOR OF RUTH BADER GINSBURG, THE `NOTORIOUS RBG,' ASSOCIATE JUDGE OF THE SUPREME COURT, FEMINIST ICON AND TRAILBLAZER, INSPIRATION TO MILLIONS, TIRELESS CHAMPION FOR JUSTICE AND FIERCE DEFENDER...; Congressional Record Vol. 166, No. 172",https://www.congress.gov/congressional-record/volume-166/issue-172/extensions-of-remarks-section/article/E925-2,10/2/20,Extensions of Remarks,166,172,E925
"IN REMEMBRANCE OF THE HONORABLE RUTH BADER GINSBURG, THE `NOTORIOUS RBG,' ASSOCIATE JUSTICE OF THE SUPREME COURT, FEMINIST ICON AND TRAILBLAZER, INSPIRATION TO MILLIONS, TIRELESS CHAMPION FOR...; Congressional Record Vol. 166, No. 163",https://www.congress.gov/congressional-record/volume-166/issue-163/extensions-of-remarks-section/article/E865-1,9/21/20,Extensions of Remarks,166,163,E865
"THE 51ST ANNIVERSARY OF THE ASSASSINATION OF THE REV. DR. MARTIN LUTHER KING, JR.; Congressional Record Vol. 165, No. 59",https://www.congress.gov/congressional-record/volume-165/issue-59/extensions-of-remarks-section/article/E403-5,4/4/19,Extensions of Remarks,165,59,E403
"THE OCCASION OF THE 50TH ANNIVERSARY OF THE ASSASSINATION OF THE REV. DR. MARTIN LUTHER KING, JR.; Congressional Record Vol. 164, No. 55",https://www.congress.gov/congressional-record/volume-164/issue-55/extensions-of-remarks-section/article/E391-6,4/5/18,Extensions of Remarks,164,55,E391
"ADDITIONAL COSPONSORS; Congressional Record Vol. 171, No. 101",https://www.congress.gov/congressional-record/volume-171/issue-101/senate-section/article/S3390-2,6/12/25,Senate,171,101,S3390
"SUBMITTED RESOLUTIONS; Congressional Record Vol. 169, No. 56",https://www.congress.gov/congressional-record/volume-169/issue-56/senate-section/article/S1002-1,3/28/23,Senate,169,56,S1002
"INTRODUCTION OF BILLS AND JOINT RESOLUTIONS; Congressional Record Vol. 169, No. 21",https://www.congress.gov/congressional-record/volume-169/issue-21/senate-section/article/S203-1,2/1/23,Senate,169,21,S203
"ADDITIONAL COSPONSORS; Congressional Record Vol. 168, No. 36",https://www.congress.gov/congressional-record/volume-168/issue-36/senate-section/article/S836-4,2/28/22,Senate,168,36,S836
"ADDITIONAL COSPONSORS; Congressional Record Vol. 163, No. 13",https://www.congress.gov/congressional-record/volume-163/issue-13/senate-section/article/S446-1,1/24/17,Senate,163,13,S446
"PUBLIC BILLS AND RESOLUTIONS; Congressional Record Vol. 170, No. 143",https://www.congress.gov/congressional-record/volume-170/issue-143/house-section/article/H5237-2,9/16/24,House,170,143,H5237
"EXECUTIVE AND OTHER COMMUNICATIONS; Congressional Record Vol. 172, No. 23",https://www.congress.gov/congressional-record/volume-172/issue-23/senate-section/article/S441-2,2/2/26,Senate,172,23,S441
"ADDITIONAL COSPONSORS; Congressional Record Vol. 171, No. 179",https://www.congress.gov/congressional-record/volume-171/issue-179/senate-section/article/S7785-3,10/28/25,Senate,171,179,S7785
"SENATE RESOLUTION 152--DESIGNATING APRIL 2025 AS ""PRESERVING AND PROTECTING LOCAL NEWS MONTH"" AND RECOGNIZING THE IMPORTANCE AND SIGNIFICANCE OF LOCAL NEWS; Congressional Record Vol. 171, No. 57",https://www.congress.gov/congressional-record/volume-171/issue-57/senate-section/article/S2098-1,3/31/25,Senate,171,57,S2098
"INTRODUCTION OF BILLS AND JOINT RESOLUTIONS; Congressional Record Vol. 171, No. 42",https://www.congress.gov/congressional-record/volume-171/issue-42/senate-section/article/S1579-2,3/5/25,Senate,171,42,S1579
"Nomination of Adeel Abdullah Mangi (Executive Session); Congressional Record Vol. 170, No. 50",https://www.congress.gov/congressional-record/volume-170/issue-50/senate-section/article/S2483-2,3/21/24,Senate,170,50,S2483
"SUBMITTED RESOLUTIONS; Congressional Record Vol. 170, No. 27",https://www.congress.gov/congressional-record/volume-170/issue-27/senate-section/article/S956-3,2/12/24,Senate,170,27,S956
"INTRODUCTION OF BILLS AND JOINT RESOLUTIONS; Congressional Record Vol. 169, No. 118",https://www.congress.gov/congressional-record/volume-169/issue-118/senate-section/article/S2310-1,7/11/23,Senate,169,118,S2310
"Juneteenth (Executive Session); Congressional Record Vol. 169, No. 109",https://www.congress.gov/congressional-record/volume-169/issue-109/senate-section/article/S2207-1,6/22/23,Senate,169,109,S2207
"SENATE RESOLUTION 142--EXPRESSING CONCERN ABOUT ENVIRONMENTAL CRIMES AND ATTACKS ON THE HUMAN RIGHTS OF ENVIRONMENTAL AND LAND DEFENDERS IN LATIN AMERICA AND THE CARIBBEAN; Congressional Record Vol. 169, No. 58",https://www.congress.gov/congressional-record/volume-169/issue-58/senate-section/article/S1097-2,3/30/23,Senate,169,58,S1097
"Judicial Nominations (Executive Calendar); Congressional Record Vol. 168, No. 91",https://www.congress.gov/congressional-record/volume-168/issue-91/senate-section/article/S2697-1,5/25/22,Senate,168,91,S2697
"H.R. 5746; Congressional Record Vol. 168, No. 11",https://www.congress.gov/congressional-record/volume-168/issue-11/senate-section/article/S259-2,1/18/22,Senate,168,11,S259
"INTRODUCTION OF BILLS AND JOINT RESOLUTIONS; Congressional Record Vol. 165, No. 70",https://www.congress.gov/congressional-record/volume-165/issue-70/senate-section/article/S2515-1,4/30/19,Senate,165,70,S2515
"INTRODUCTION OF BILLS AND JOINT RESOLUTIONS; Congressional Record Vol. 165, No. 45",https://www.congress.gov/congressional-record/volume-165/issue-45/senate-section/article/S1844-4,3/13/19,Senate,165,45,S1844
"SENATE CONCURRENT RESOLUTION 24--PROVIDING FOR A CORRECTION IN THE ENROLLMENT OF H.R. 601; Congressional Record Vol. 163, No. 144",https://www.congress.gov/congressional-record/volume-163/issue-144/senate-section/article/S5061-1,9/7/17,Senate,163,144,S5061
"Healthcare (Executive Session); Congressional Record Vol. 163, No. 130",https://www.congress.gov/congressional-record/volume-163/issue-130/senate-section/article/S4633-7,8/1/17,Senate,163,130,S4633
"INTRODUCTION OF BILLS AND JOINT RESOLUTIONS; Congressional Record Vol. 163, No. 85",https://www.congress.gov/congressional-record/volume-163/issue-85/senate-section/article/S3009-1,5/17/17,Senate,163,85,S3009
"EXECUTIVE COMMUNICATIONS, ETC.; Congressional Record Vol. 172, No. 75",https://www.congress.gov/congressional-record/volume-172/issue-75/house-section/article/H3293-2,4/29/26,House,172,75,H3293
"PUBLIC BILLS AND RESOLUTIONS; Congressional Record Vol. 171, No. 144",https://www.congress.gov/congressional-record/volume-171/issue-144/house-section/article/H3828-2,9/3/25,House,171,144,H3828
"PUBLIC BILLS AND RESOLUTIONS; Congressional Record Vol. 166, No. 37",https://www.congress.gov/congressional-record/volume-166/issue-37/house-section/article/H1189-2,2/25/20,House,166,37,H1189
"LGBTQ PRIDE MONTH RESOLUTION; Congressional Record Vol. 164, No. 109",https://www.congress.gov/congressional-record/volume-164/issue-109/house-section/article/H5970-3,6/28/18,House,164,109,H5970
"PUBLIC BILLS AND RESOLUTIONS; Congressional Record Vol. 163, No. 43",https://www.congress.gov/congressional-record/volume-163/issue-43/house-section/article/H2058-2,3/13/17,House,163,43,H2058
"One Big Beautiful Bill (Executive Calendar); Congressional Record Vol. 171, No. 108",https://www.congress.gov/congressional-record/volume-171/issue-108/senate-section/article/S3504-2,6/24/25,Senate,171,108,S3504
"Text of Senate Amendment 2712; Congressional Record Vol. 170, No. 115",https://www.congress.gov/congressional-record/volume-170/issue-115/senate-section/article/S5008-2,7/11/24,Senate,170,115,S5008
"SENATE RESOLUTION 651--DESIGNATING APRIL 2024 AS ""PRESERVING AND PROTECTING LOCAL NEWS MONTH"" AND RECOGNIZING THE IMPORTANCE AND SIGNIFICANCE OF LOCAL NEWS; Congressional Record Vol. 170, No. 68",https://www.congress.gov/congressional-record/volume-170/issue-68/senate-section/article/S2888-3,4/18/24,Senate,170,68,S2888
"SENATE RESOLUTION 125--RECOGNIZING THE HERITAGE, CULTURE, AND CONTRIBUTIONS OF AMERICAN INDIAN, ALASKA NATIVE, AND NATIVE HAWAIIAN WOMEN IN THE UNITED STATES; Congressional Record Vol. 167, No. 51",https://www.congress.gov/congressional-record/volume-167/issue-51/senate-section/article/S1654-2,3/18/21,Senate,167,51,S1654
"REAFFIRMING THE SUPPORT OF THE UNITED STATES FOR THE PEOPLE OF THE REPUBLIC OF SOUTH SUDAN AND CALLING ON ALL PARTIES TO UPHOLD THEIR COMMITMENTS TO PEACE AND DIALOGUE AS OUTLINED IN THE 2018...; Congressional Record Vol. 166, No. 9",https://www.congress.gov/congressional-record/volume-166/issue-9/senate-section/article/S251-1,1/15/20,Senate,166,9,S251
"Remembering Kay Hagan (Executive Calendar); Congressional Record Vol. 165, No. 185",https://www.congress.gov/congressional-record/volume-165/issue-185/senate-section/article/S6644-1,11/19/19,Senate,165,185,S6644
"PROVIDING FOR A CORRECTION IN THE ENROLLMENT OF H.R. 601; Congressional Record Vol. 163, No. 145",https://www.congress.gov/congressional-record/volume-163/issue-145/house-section/article/H7200-2,9/8/17,House,163,145,H7200
"RAISING A QUESTION OF THE PRIVILEGES OF THE HOUSE; Congressional Record Vol. 172, No. 41",https://www.congress.gov/congressional-record/volume-172/issue-41/house-section/article/H2391-1,3/4/26,House,172,41,H2391
"COMMANDER JOHN SCOTT HANNON VETERANS MENTAL HEALTH CARE IMPROVEMENT ACT OF 2019; Congressional Record Vol. 166, No. 139",https://www.congress.gov/congressional-record/volume-166/issue-139/senate-section/article/S4921-1,8/5/20,Senate,166,139,S4921
"EXECUTIVE CALENDAR--Continued; Congressional Record Vol. 163, No. 20",https://www.congress.gov/congressional-record/volume-163/issue-20/senate-section/article/S873-2,2/6/17,Senate,163,20,S873
"Daily Digest/House of Representatives; Congressional Record Vol. 172, No. 86",https://www.congress.gov/congressional-record/volume-172/issue-86/daily-digest/article/D538-1,5/20/26,Daily Digest,172,86,D538
"HONORING THE LIFE OF BISHOP CARLTON PEARSON; Congressional Record Vol. 170, No. 37",https://www.congress.gov/congressional-record/volume-170/issue-37/extensions-of-remarks-section/article/E196-2,2/29/24,Extensions of Remarks,170,37,E196
"RUDY GIULIANI COMMENTS REGARDING THE IRANIAN REGIME OF TERROR; Congressional Record Vol. 165, No. 125",https://www.congress.gov/congressional-record/volume-165/issue-125/extensions-of-remarks-section/article/E978-2,7/24/19,Extensions of Remarks,165,125,E978
"RUDY GIULIANI COMMENTS REGARDING THE IRANIAN REGIME OF TERROR; Congressional Record Vol. 165, No. 124",https://www.congress.gov/congressional-record/volume-165/issue-124/extensions-of-remarks-section/article/E957-2,7/23/19,Extensions of Remarks,165,124,E957
"INTRODUCTION OF BILLS AND JOINT RESOLUTIONS; Congressional Record Vol. 170, No. 146",https://www.congress.gov/congressional-record/volume-170/issue-146/senate-section/article/S6210-5,9/19/24,Senate,170,146,S6210
"SUBMITTED RESOLUTIONS; Congressional Record Vol. 170, No. 88",https://www.congress.gov/congressional-record/volume-170/issue-88/senate-section/article/S3816-1,5/21/24,Senate,170,88,S3816
"SUBMITTED RESOLUTIONS; Congressional Record Vol. 168, No. 51",https://www.congress.gov/congressional-record/volume-168/issue-51/senate-section/article/S1291-1,3/22/22,Senate,168,51,S1291
"INTRODUCTION OF BILLS AND JOINT RESOLUTIONS; Congressional Record Vol. 172, No. 64",https://www.congress.gov/congressional-record/volume-172/issue-64/senate-section/article/S1712-8,4/13/26,Senate,172,64,S1712
"ADDITIONAL COSPONSORS; Congressional Record Vol. 170, No. 18",https://www.congress.gov/congressional-record/volume-170/issue-18/senate-section/article/S309-2,1/31/24,Senate,170,18,S309
"WORLD AIDS DAY 2023; Congressional Record Vol. 169, No. 202",https://www.congress.gov/congressional-record/volume-169/issue-202/senate-section/article/S5847-2,12/7/23,Senate,169,202,S5847
"ADDITIONAL COSPONSORS; Congressional Record Vol. 168, No. 188",https://www.congress.gov/congressional-record/volume-168/issue-188/senate-section/article/S6963-1,12/5/22,Senate,168,188,S6963
"Text of Senate Amendment 5837; Congressional Record Vol. 168, No. 157",https://www.congress.gov/congressional-record/volume-168/issue-157/senate-section/article/S5313-1,9/28/22,Senate,168,157,S5313
"ADDITIONAL COSPONSORS; Congressional Record Vol. 168, No. 99",https://www.congress.gov/congressional-record/volume-168/issue-99/senate-section/article/S2893-4,6/9/22,Senate,168,99,S2893
"SUBMITTED RESOLUTIONS; Congressional Record Vol. 166, No. 207",https://www.congress.gov/congressional-record/volume-166/issue-207/senate-section/article/S7282-1,12/8/20,Senate,166,207,S7282
"ETHIOPIA; Congressional Record Vol. 166, No. 196",https://www.congress.gov/congressional-record/volume-166/issue-196/senate-section/article/S7071-2,11/18/20,Senate,166,196,S7071
"SENATE RESOLUTION 674--COMMEMORATING JUNE 20, 2020, AS WORLD REFUGEE DAY; Congressional Record Vol. 166, No. 140",https://www.congress.gov/congressional-record/volume-166/issue-140/senate-section/article/S5288-1,8/6/20,Senate,166,140,S5288
"Women's Healthcare (Executive Calendar); Congressional Record Vol. 165, No. 76",https://www.congress.gov/congressional-record/volume-165/issue-76/senate-section/article/S2724-1,5/8/19,Senate,165,76,S2724
"Text of Senate Amendment 3081; Congressional Record Vol. 164, No. 106",https://www.congress.gov/congressional-record/volume-164/issue-106/senate-section/article/S4374-4,6/25/18,Senate,164,106,S4374
"SUBMITTED RESOLUTIONS; Congressional Record Vol. 163, No. 105",https://www.congress.gov/congressional-record/volume-163/issue-105/senate-section/article/S3652-1,6/20/17,Senate,163,105,S3652
"ADDITIONAL COSPONSORS; Congressional Record Vol. 163, No. 104",https://www.congress.gov/congressional-record/volume-163/issue-104/senate-section/article/S3606-6,6/19/17,Senate,163,104,S3606
"ADDITIONAL COSPONSORS; Congressional Record Vol. 163, No. 18",https://www.congress.gov/congressional-record/volume-163/issue-18/senate-section/article/S656-2,2/2/17,Senate,163,18,S656
"PUBLIC BILLS AND RESOLUTIONS; Congressional Record Vol. 171, No. 137",https://www.congress.gov/congressional-record/volume-171/issue-137/house-section/article/H3692-1,8/12/25,House,171,137,H3692
"EXTENSION OF AUTHORIZATION FOR SPECIAL ASSESSMENT FOR DOMESTIC TRAFFICKING VICTIMS' FUND; Congressional Record Vol. 168, No. 147",https://www.congress.gov/congressional-record/volume-168/issue-147/house-section/article/H7749-1,9/13/22,House,168,147,H7749
"EXECUTIVE COMMUNICATIONS, ETC.; Congressional Record Vol. 167, No. 65",https://www.congress.gov/congressional-record/volume-167/issue-65/house-section/article/H1839-3,4/15/21,House,167,65,H1839
"PUBLIC BILLS AND RESOLUTIONS; Congressional Record Vol. 166, No. 153",https://www.congress.gov/congressional-record/volume-166/issue-153/house-section/article/H4324-2,9/4/20,House,166,153,H4324
"PUBLIC BILLS AND RESOLUTIONS; Congressional Record Vol. 164, No. 49",https://www.congress.gov/congressional-record/volume-164/issue-49/house-section/article/H1753-10,3/21/18,House,164,49,H1753
"SENATE RESOLUTION 295--EXPRESSING SOLIDARITY WITH THE CUBAN PEOPLE IN DEMANDING FREEDOM AND HUMAN RIGHTS, AND COMMENDING THEIR COURAGE IN THE WAKE OF THE JULY 11, 2021, PROTESTS; Congressional Record Vol. 169, No. 120",https://www.congress.gov/congressional-record/volume-169/issue-120/senate-section/article/S2464-1,7/13/23,Senate,169,120,S2464
"REAFFIRMING COMMITMENT TO MEDIA DIVERSITY; Congressional Record Vol. 167, No. 126",https://www.congress.gov/congressional-record/volume-167/issue-126/house-section/article/H3644-2,7/19/21,House,167,126,H3644
"PETITIONS AND MEMORIALS; Congressional Record Vol. 170, No. 123",https://www.congress.gov/congressional-record/volume-170/issue-123/senate-section/article/S5548-1,7/29/24,Senate,170,123,S5548
"ADDITIONAL STATEMENTS; Congressional Record Vol. 168, No. 45",https://www.congress.gov/congressional-record/volume-168/issue-45/senate-section/article/S1150-2,3/14/22,Senate,168,45,S1150
"ADDITIONAL COSPONSORS; Congressional Record Vol. 165, No. 143",https://www.congress.gov/congressional-record/volume-165/issue-143/senate-section/article/S5360-3,9/9/19,Senate,165,143,S5360
"SHIRLEY CHISHOLM CONGRESSIONAL GOLD MEDAL ACT; Congressional Record Vol. 170, No. 179",https://www.congress.gov/congressional-record/volume-170/issue-179/house-section/article/H6345-1,12/4/24,House,170,179,H6345
"PUBLIC BILLS AND RESOLUTIONS; Congressional Record Vol. 169, No. 114",https://www.congress.gov/congressional-record/volume-169/issue-114/house-section/article/H3157-1,6/30/23,House,169,114,H3157
"ISSUES OF THE DAY; Congressional Record Vol. 169, No. 108",https://www.congress.gov/congressional-record/volume-169/issue-108/house-section/article/H3065-1,6/21/23,House,169,108,H3065
"PUBLIC BILLS AND RESOLUTIONS; Congressional Record Vol. 167, No. 49",https://www.congress.gov/congressional-record/volume-167/issue-49/house-section/article/H1410-1,3/16/21,House,167,49,H1410
"ELDER ABUSE PREVENTION AND PROSECUTION ACT; Congressional Record Vol. 163, No. 158",https://www.congress.gov/congressional-record/volume-163/issue-158/house-section/article/H7709-1,10/3/17,House,163,158,H7709
"CANCEL CULTURE; Congressional Record Vol. 167, No. 81",https://www.congress.gov/congressional-record/volume-167/issue-81/house-section/article/H2186-3,5/11/21,House,167,81,H2186
"Text of Senate Amendment 1909; Congressional Record Vol. 167, No. 88",https://www.congress.gov/congressional-record/volume-167/issue-88/senate-section/article/S3303-2,5/20/21,Senate,167,88,S3303
"STATEMENTS ON INTRODUCED BILLS AND JOINT RESOLUTIONS; Congressional Record Vol. 165, No. 182",https://www.congress.gov/congressional-record/volume-165/issue-182/senate-section/article/S6607-1,11/14/19,Senate,165,182,S6607
"Introductory Statement on S. 4121; Congressional Record Vol. 170, No. 64",https://www.congress.gov/congressional-record/volume-170/issue-64/senate-section/article/S2746-1,4/15/24,Senate,170,64,S2746
"Introductory Statement on S. 4121; Congressional Record Vol. 170, No. 65",https://www.congress.gov/congressional-record/volume-170/issue-65/senate-section/article/S2746-1,4/15/24,Senate,170,65,S2746
"EXPRESSING THE COMMITMENT OF THE HOUSE OF REPRESENTATIVES TO BUILDING ON THE TWENTY YEARS OF SUCCESS OF THE GEORGE McGOVERN-ROBERT DOLE FOOD FOR EDUCATION AND CHILD NUTRITION PROGRAM; Congressional Record Vol. 168, No. 193",https://www.congress.gov/congressional-record/volume-168/issue-193/house-section/article/H9719-7,12/13/22,House,168,193,H9719
"ELIE WIESEL GENOCIDE AND ATROCITIES PREVENTION ACT OF 2018; Congressional Record Vol. 164, No. 120",https://www.congress.gov/congressional-record/volume-164/issue-120/house-section/article/H6315-1,7/17/18,House,164,120,H6315
"QUESTION OF PERSONAL PRIVILEGE; Congressional Record Vol. 166, No. 130",https://www.congress.gov/congressional-record/volume-166/issue-130/house-section/article/H3702-2,7/23/20,House,166,130,H3702
"DEPARTMENTS OF LABOR, HEALTH AND HUMAN SERVICES, AND EDUCATION, AND RELATED AGENCIES APPROPRIATIONS ACT, 2024; Congressional Record Vol. 169, No. 188",https://www.congress.gov/congressional-record/volume-169/issue-188/house-section/article/H5809-2,11/14/23,House,169,188,H5809
"STATEMENTS ON INTRODUCED BILLS AND JOINT RESOLUTION; Congressional Record Vol. 167, No. 67",https://www.congress.gov/congressional-record/volume-167/issue-67/senate-section/article/S2013-1,4/19/21,Senate,167,67,S2013
"HONORING THE LATE BOBBY SILVERSTEIN; Congressional Record Vol. 168, No. 193",https://www.congress.gov/congressional-record/volume-168/issue-193/extensions-of-remarks-section/article/E1270-3,12/13/22,Extensions of Remarks,168,193,E1270
"HONORING PRESIDENT BARACK OBAMA ON HIS 60TH BIRTHDAY; Congressional Record Vol. 167, No. 145",https://www.congress.gov/congressional-record/volume-167/issue-145/extensions-of-remarks-section/article/E883-2,8/10/21,Extensions of Remarks,167,145,E883
"COMMEMORATING 35TH ANNIVERSARY OF REV. DR. MARTIN LUTHER KING, JR. HOLIDAY; Congressional Record Vol. 166, No. 10",https://www.congress.gov/congressional-record/volume-166/issue-10/extensions-of-remarks-section/article/E48-4,1/16/20,Extensions of Remarks,166,10,E48
"COMMEMORATING 34TH ANNIVERSARY OF REV. DR. MARTIN LUTHER KING, JR. HOLIDAY; Congressional Record Vol. 165, No. 13",https://www.congress.gov/congressional-record/volume-165/issue-13/extensions-of-remarks-section/article/E69-5,1/22/19,Extensions of Remarks,165,13,E69
"COMMEMORATING 31ST ANNIVERSARY OF REV. DR. MARTIN LUTHER KING, JR. HOLIDAY; Congressional Record Vol. 163, No. 9",https://www.congress.gov/congressional-record/volume-163/issue-9/extensions-of-remarks-section/article/E65-2,1/13/17,Extensions of Remarks,163,9,E65
"BORN-ALIVE ABORTION SURVIVORS PROTECTION ACT; Congressional Record Vol. 171, No. 14",https://www.congress.gov/congressional-record/volume-171/issue-14/house-section/article/H335-1,1/23/25,House,171,14,H335
"ADDITIONAL COSPONSORS; Congressional Record Vol. 168, No. 149",https://www.congress.gov/congressional-record/volume-168/issue-149/senate-section/article/S4639-2,9/15/22,Senate,168,149,S4639
"Text of Senate Amendment 4367; Congressional Record Vol. 172, No. 42",https://www.congress.gov/congressional-record/volume-172/issue-42/senate-section/article/S903-1,3/5/26,Senate,172,42,S903
"INTRODUCTION OF BILLS AND JOINT RESOLUTIONS; Congressional Record Vol. 171, No. 105",https://www.congress.gov/congressional-record/volume-171/issue-105/senate-section/article/S3469-1,6/18/25,Senate,171,105,S3469
"TRUMP ADMINISTRATION FIRST 100 DAYS; Congressional Record Vol. 171, No. 72",https://www.congress.gov/congressional-record/volume-171/issue-72/senate-section/article/S2720-3,4/30/25,Senate,171,72,S2720
"DHS BETTER BALLISTIC BODY ARMOR ACT; Congressional Record Vol. 170, No. 177",https://www.congress.gov/congressional-record/volume-170/issue-177/senate-section/article/S6758-4,12/2/24,Senate,170,177,S6758
"ADDITIONAL COSPONSORS; Congressional Record Vol. 170, No. 144",https://www.congress.gov/congressional-record/volume-170/issue-144/senate-section/article/S6097-4,9/17/24,Senate,170,144,S6097
"SENATE RESOLUTION 740--ACKNOWLEDGING AND APOLOGIZING FOR THE MISTREATMENT OF, AND DISCRIMINATION AGAINST, LESBIAN, GAY, BISEXUAL, AND TRANSGENDER INDIVIDUALS WHO SERVED THE UNITED STATES IN THE...; Congressional Record Vol. 170, No. 103",https://www.congress.gov/congressional-record/volume-170/issue-103/senate-section/article/S4156-2,6/18/24,Senate,170,103,S4156
"National School Choice Week (Executive Session); Congressional Record Vol. 170, No. 13",https://www.congress.gov/congressional-record/volume-170/issue-13/senate-section/article/S229-2,1/24/24,Senate,170,13,S229
"INTRODUCTION OF BILLS AND JOINT RESOLUTIONS; Congressional Record Vol. 169, No. 124",https://www.congress.gov/congressional-record/volume-169/issue-124/senate-section/article/S3147-4,7/19/23,Senate,169,124,S3147
"INTRODUCTION OF BILLS AND JOINT RESOLUTIONS; Congressional Record Vol. 169, No. 123",https://www.congress.gov/congressional-record/volume-169/issue-123/senate-section/article/S2984-2,7/18/23,Senate,169,123,S2984
"INTRODUCTION OF BILLS AND JOINT RESOLUTIONS; Congressional Record Vol. 169, No. 103",https://www.congress.gov/congressional-record/volume-169/issue-103/senate-section/article/S2070-1,6/13/23,Senate,169,103,S2070
"INTRODUCTION OF BILLS AND JOINT RESOLUTIONS; Congressional Record Vol. 169, No. 99",https://www.congress.gov/congressional-record/volume-169/issue-99/senate-section/article/S2004-1,6/7/23,Senate,169,99,S2004
"ADDITIONAL COSPONSORS; Congressional Record Vol. 168, No. 128",https://www.congress.gov/congressional-record/volume-168/issue-128/senate-section/article/S3805-2,8/1/22,Senate,168,128,S3805
"Nominations (Executive Calendar); Congressional Record Vol. 168, No. 30",https://www.congress.gov/congressional-record/volume-168/issue-30/senate-section/article/S697-1,2/15/22,Senate,168,30,S697
"ADDITIONAL COSPONSORS; Congressional Record Vol. 167, No. 164",https://www.congress.gov/congressional-record/volume-167/issue-164/senate-section/article/S6625-1,9/22/21,Senate,167,164,S6625
"ADDITIONAL COSPONSORS; Congressional Record Vol. 167, No. 121",https://www.congress.gov/congressional-record/volume-167/issue-121/senate-section/article/S4828-5,7/12/21,Senate,167,121,S4828
"Text of Senate Amendment 1881; Congressional Record Vol. 167, No. 88",https://www.congress.gov/congressional-record/volume-167/issue-88/senate-section/article/S3293-4,5/20/21,Senate,167,88,S3293
"ADDITIONAL COSPONSORS; Congressional Record Vol. 166, No. 164",https://www.congress.gov/congressional-record/volume-166/issue-164/senate-section/article/S5788-2,9/22/20,Senate,166,164,S5788
"SUBMITTED RESOLUTIONS; Congressional Record Vol. 166, No. 120",https://www.congress.gov/congressional-record/volume-166/issue-120/senate-section/article/S4040-1,6/30/20,Senate,166,120,S4040
"CUBA; Congressional Record Vol. 165, No. 169",https://www.congress.gov/congressional-record/volume-165/issue-169/senate-section/article/S6150-2,10/24/19,Senate,165,169,S6150
"Rape Kit Backlog (Executive Calendar); Congressional Record Vol. 165, No. 71",https://www.congress.gov/congressional-record/volume-165/issue-71/senate-section/article/S2541-2,5/1/19,Senate,165,71,S2541
"EXECUTIVE AND OTHER COMMUNICATIONS; Congressional Record Vol. 165, No. 24",https://www.congress.gov/congressional-record/volume-165/issue-24/senate-section/article/S1129-5,2/7/19,Senate,165,24,S1129
"ADDITIONAL COSPONSORS; Congressional Record Vol. 164, No. 107",https://www.congress.gov/congressional-record/volume-164/issue-107/senate-section/article/S4410-2,6/26/18,Senate,164,107,S4410
"ADDITIONAL COSPONSORS; Congressional Record Vol. 164, No. 50",https://www.congress.gov/congressional-record/volume-164/issue-50/senate-section/article/S1948-2,3/22/18,Senate,164,50,S1948
"INTERNATIONAL HUMAN RIGHTS DAY; Congressional Record Vol. 163, No. 200",https://www.congress.gov/congressional-record/volume-163/issue-200/senate-section/article/S7900-1,12/7/17,Senate,163,200,S7900
"ADDITIONAL COSPONSORS; Congressional Record Vol. 163, No. 99",https://www.congress.gov/congressional-record/volume-163/issue-99/senate-section/article/S3396-2,6/12/17,Senate,163,99,S3396
"EXECUTIVE AND OTHER COMMUNICATIONS; Congressional Record Vol. 163, No. 36",https://www.congress.gov/congressional-record/volume-163/issue-36/senate-section/article/S1539-4,3/1/17,Senate,163,36,S1539
"PUBLIC BILLS AND RESOLUTIONS; Congressional Record Vol. 172, No. 61",https://www.congress.gov/congressional-record/volume-172/issue-61/house-section/article/H2820-1,4/2/26,House,172,61,H2820
"PUBLIC BILLS AND RESOLUTIONS; Congressional Record Vol. 170, No. 61",https://www.congress.gov/congressional-record/volume-170/issue-61/house-section/article/H2289-1,4/10/24,House,170,61,H2289
"CONTINUING TO CELEBRATE BLACK HISTORY MONTH; Congressional Record Vol. 170, No. 39",https://www.congress.gov/congressional-record/volume-170/issue-39/house-section/article/H817-1,3/5/24,House,170,39,H817
"PUBLIC BILLS AND RESOLUTIONS; Congressional Record Vol. 168, No. 193",https://www.congress.gov/congressional-record/volume-168/issue-193/house-section/article/H9728-5,12/13/22,House,168,193,H9728
"PUBLIC BILLS AND RESOLUTIONS; Congressional Record Vol. 168, No. 94",https://www.congress.gov/congressional-record/volume-168/issue-94/house-section/article/H5226-3,5/31/22,House,168,94,H5226
"PAY TRIBUTE TO JUSTICE RUTH BADER GINSBURG BY VOTING; Congressional Record Vol. 166, No. 171",https://www.congress.gov/congressional-record/volume-166/issue-171/house-section/article/H5438-3,10/1/20,House,166,171,H5438
"PUBLIC BILLS AND RESOLUTIONS; Congressional Record Vol. 166, No. 46",https://www.congress.gov/congressional-record/volume-166/issue-46/house-section/article/H1586-2,3/10/20,House,166,46,H1586
"EXPRESSING THE SENSE OF THE SENATE THAT THE GOVERNMENT OF THE PEOPLE'S REPUBLIC OF CHINA SHOULD IMMEDIATELY GUARANTEE THE SAFETY AND FREEDOM OF TENNIS STAR PENG SHUAI; Congressional Record Vol. 168, No. 62",https://www.congress.gov/congressional-record/volume-168/issue-62/senate-section/article/S2080-1,4/7/22,Senate,168,62,S2080
"UNITED STATES COMMISSION ON INTERNATIONAL RELIGIOUS FREEDOM REAUTHORIZATION ACT OF 2026; Congressional Record Vol. 172, No. 96",https://www.congress.gov/congressional-record/volume-172/issue-96/house-section/article/H3947-1,6/8/26,House,172,96,H3947
"DO NO HARM IN MEDICAID ACT; Congressional Record Vol. 171, No. 214",https://www.congress.gov/congressional-record/volume-171/issue-214/house-section/article/H6072-1,12/18/25,House,171,214,H6072
"ARETHA FRANKLIN POST OFFICE BUILDING; Congressional Record Vol. 166, No. 24",https://www.congress.gov/congressional-record/volume-166/issue-24/house-section/article/H827-1,2/5/20,House,166,24,H827
"HELPING EXPAND AND LAUNCH TRANSITIONAL HEALTH FOR WOMEN VETERANS ACT; Congressional Record Vol. 165, No. 124",https://www.congress.gov/congressional-record/volume-165/issue-124/house-section/article/H7206-1,7/23/19,House,165,124,H7206
"Daily Digest/House of Representatives; Congressional Record Vol. 168, No. 22",https://www.congress.gov/congressional-record/volume-168/issue-22/daily-digest/article/D117-2,2/3/22,Daily Digest,168,22,D117
"Daily Digest/House of Representatives; Congressional Record Vol. 168, No. 21",https://www.congress.gov/congressional-record/volume-168/issue-21/daily-digest/article/D100-1,2/2/22,Daily Digest,168,21,D100
"PROVIDING FOR CONSIDERATION OF H.R. 6703, LOWER HEALTH CARE PREMIUMS FOR ALL AMERICANS ACT; PROVIDING FOR CONSIDERATION OF H.R. 498, DO NO HARM IN MEDICAID ACT; PROVIDING FOR CONSIDERATION OF H.R...; Congressional Record Vol. 171, No. 213",https://www.congress.gov/congressional-record/volume-171/issue-213/house-section/article/H5947-3,12/17/25,House,171,213,H5947
"LEGISLATIVE SESSION; Congressional Record Vol. 171, No. 121",https://www.congress.gov/congressional-record/volume-171/issue-121/senate-section/article/S4358-6,7/15/25,Senate,171,121,S4358
"STATEMENTS ON INTRODUCED BILLS AND JOINT RESOLUTIONS; Congressional Record Vol. 165, No. 167",https://www.congress.gov/congressional-record/volume-165/issue-167/senate-section/article/S5968-1,10/22/19,Senate,165,167,S5968
"STATE OF THE AMERICAN DREAM TODAY; Congressional Record Vol. 169, No. 123",https://www.congress.gov/congressional-record/volume-169/issue-123/house-section/article/H3692-1,7/18/23,House,169,123,H3692
"DEVASTATION IN PAKISTAN; Congressional Record Vol. 168, No. 149",https://www.congress.gov/congressional-record/volume-168/issue-149/house-section/article/H7874-1,9/15/22,House,168,149,H7874
"WOKENESS; Congressional Record Vol. 167, No. 108",https://www.congress.gov/congressional-record/volume-167/issue-108/house-section/article/H2992-3,6/22/21,House,167,108,H2992
"STATEMENTS ON INTRODUCED BILLS AND JOINT RESOLUTIONS; Congressional Record Vol. 165, No. 125",https://www.congress.gov/congressional-record/volume-165/issue-125/senate-section/article/S5064-1,7/24/19,Senate,165,125,S5064
"Daily Digest/Senate Committee Meetings; Congressional Record Vol. 168, No. 81",https://www.congress.gov/congressional-record/volume-168/issue-81/daily-digest/article/D513-1,5/12/22,Daily Digest,168,81,D513
"INVESTING IN A NEW VISION FOR THE ENVIRONMENT AND SURFACE TRANSPORTATION IN AMERICA ACT; Congressional Record Vol. 166, No. 121",https://www.congress.gov/congressional-record/volume-166/issue-121/extensions-of-remarks-section/article/E597-2,7/1/20,Extensions of Remarks,166,121,E597
"ADOPTING THE RULES OF THE HOUSE OF REPRESENTATIVES FOR THE 116TH CONGRESS; Congressional Record Vol. 165, No. 4",https://www.congress.gov/congressional-record/volume-165/issue-4/extensions-of-remarks-section/article/E26-2,1/9/19,Extensions of Remarks,165,4,E26
"ADDITIONAL COSPONSORS; Congressional Record Vol. 169, No. 102",https://www.congress.gov/congressional-record/volume-169/issue-102/senate-section/article/S2050-2,6/12/23,Senate,169,102,S2050
"PUBLIC BILLS AND RESOLUTIONS; Congressional Record Vol. 165, No. 96",https://www.congress.gov/congressional-record/volume-165/issue-96/house-section/article/H4387-7,6/10/19,House,165,96,H4387
"PUBLIC BILLS AND RESOLUTIONS; Congressional Record Vol. 165, No. 96",https://www.congress.gov/congressional-record/volume-165/issue-96/house-section/article/H4387-6,6/10/19,House,165,96,H4387
"Trump Administration (Executive Session); Congressional Record Vol. 172, No. 85",https://www.congress.gov/congressional-record/volume-172/issue-85/senate-section/article/S2344-2,5/19/26,Senate,172,85,S2344
"ADDITIONAL COSPONSORS; Congressional Record Vol. 172, No. 24",https://www.congress.gov/congressional-record/volume-172/issue-24/senate-section/article/S470-3,2/3/26,Senate,172,24,S470
"ADDITIONAL COSPONSORS; Congressional Record Vol. 171, No. 110",https://www.congress.gov/congressional-record/volume-171/issue-110/senate-section/article/S3562-2,6/26/25,Senate,171,110,S3562
"INTRODUCTION OF BILLS AND JOINT RESOLUTIONS; Congressional Record Vol. 171, No. 73",https://www.congress.gov/congressional-record/volume-171/issue-73/senate-section/article/S2736-1,5/1/25,Senate,171,73,S2736
"ADDITIONAL COSPONSORS; Congressional Record Vol. 170, No. 187",https://www.congress.gov/congressional-record/volume-170/issue-187/senate-section/article/S7105-2,12/17/24,Senate,170,187,S7105
"National Minority Mental Health Month (Executive Session); Congressional Record Vol. 170, No. 126",https://www.congress.gov/congressional-record/volume-170/issue-126/senate-section/article/S5755-2,8/1/24,Senate,170,126,S5755
"INTRODUCTION OF BILLS AND JOINT RESOLUTIONS; Congressional Record Vol. 170, No. 104",https://www.congress.gov/congressional-record/volume-170/issue-104/senate-section/article/S4179-4,6/20/24,Senate,170,104,S4179
"Black History Month (Executive Session); Congressional Record Vol. 170, No. 34",https://www.congress.gov/congressional-record/volume-170/issue-34/senate-section/article/S979-3,2/26/24,Senate,170,34,S979
"ADDITIONAL COSPONSORS; Congressional Record Vol. 170, No. 17",https://www.congress.gov/congressional-record/volume-170/issue-17/senate-section/article/S287-5,1/30/24,Senate,170,17,S287
"Text of Senate Amendment 299; Congressional Record Vol. 169, No. 120",https://www.congress.gov/congressional-record/volume-169/issue-120/senate-section/article/S2508-1,7/13/23,Senate,169,120,S2508
"INTRODUCTION OF BILLS AND JOINT RESOLUTIONS; Congressional Record Vol. 169, No. 119",https://www.congress.gov/congressional-record/volume-169/issue-119/senate-section/article/S2359-3,7/12/23,Senate,169,119,S2359
"SENATE RESOLUTION 148--RECOGNIZING THE HERITAGE, CULTURE, AND CONTRIBUTIONS OF AMERICAN INDIAN, ALASKA NATIVE, AND NATIVE HAWAIIAN WOMEN IN THE UNITED STATES; Congressional Record Vol. 169, No. 58",https://www.congress.gov/congressional-record/volume-169/issue-58/senate-section/article/S1101-2,3/30/23,Senate,169,58,S1101
"INTRODUCTION OF BILLS AND JOINT RESOLUTIONS; Congressional Record Vol. 169, No. 40",https://www.congress.gov/congressional-record/volume-169/issue-40/senate-section/article/S635-6,3/2/23,Senate,169,40,S635
"ADDITIONAL COSPONSORS; Congressional Record Vol. 168, No. 67",https://www.congress.gov/congressional-record/volume-168/issue-67/senate-section/article/S2131-2,4/25/22,Senate,168,67,S2131
"ADDITIONAL COSPONSORS; Congressional Record Vol. 168, No. 38",https://www.congress.gov/congressional-record/volume-168/issue-38/senate-section/article/S950-4,3/2/22,Senate,168,38,S950
"ADDITIONAL COSPONSORS; Congressional Record Vol. 167, No. 100",https://www.congress.gov/congressional-record/volume-167/issue-100/senate-section/article/S4018-1,6/9/21,Senate,167,100,S4018
"SUBMITTED RESOLUTIONS; Congressional Record Vol. 167, No. 46",https://www.congress.gov/congressional-record/volume-167/issue-46/senate-section/article/S1504-1,3/11/21,Senate,167,46,S1504
"REMEMBERING GEORGE FLOYD (Executive Session); Congressional Record Vol. 166, No. 104",https://www.congress.gov/congressional-record/volume-166/issue-104/senate-section/article/S2705-1,6/4/20,Senate,166,104,S2705
"ADDITIONAL COSPONSORS; Congressional Record Vol. 166, No. 5",https://www.congress.gov/congressional-record/volume-166/issue-5/senate-section/article/S125-2,1/9/20,Senate,166,5,S125
"Introductory Statement on S. 1784; Congressional Record Vol. 165, No. 97",https://www.congress.gov/congressional-record/volume-165/issue-97/senate-section/article/S3323-1,6/11/19,Senate,165,97,S3323
"ADDITIONAL COSPONSORS; Congressional Record Vol. 165, No. 76",https://www.congress.gov/congressional-record/volume-165/issue-76/senate-section/article/S2743-2,5/8/19,Senate,165,76,S2743
"Introductory Statement on S. 3594; Congressional Record Vol. 164, No. 169",https://www.congress.gov/congressional-record/volume-164/issue-169/senate-section/article/S6818-2,10/11/18,Senate,164,169,S6818
"ADDITIONAL COSPONSORS; Congressional Record Vol. 164, No. 80",https://www.congress.gov/congressional-record/volume-164/issue-80/senate-section/article/S2725-2,5/16/18,Senate,164,80,S2725
"ADDITIONAL COSPONSORS; Congressional Record Vol. 163, No. 102",https://www.congress.gov/congressional-record/volume-163/issue-102/senate-section/article/S3555-2,6/15/17,Senate,163,102,S3555
"INTRODUCTION OF BILLS AND JOINT RESOLUTIONS; Congressional Record Vol. 163, No. 45",https://www.congress.gov/congressional-record/volume-163/issue-45/senate-section/article/S1839-3,3/15/17,Senate,163,45,S1839
"SUPPORTING A FREE, DEMOCRATIC, AND SECULAR IRAN; Congressional Record Vol. 171, No. 81",https://www.congress.gov/congressional-record/volume-171/issue-81/house-section/article/H2043-1,5/14/25,House,171,81,H2043
"ENROLLED BILLS SIGNED; Congressional Record Vol. 168, No. 200",https://www.congress.gov/congressional-record/volume-168/issue-200/house-section/article/H10050-2,12/22/22,House,168,200,H10050
"PUBLIC BILLS AND RESOLUTIONS; Congressional Record Vol. 168, No. 177",https://www.congress.gov/congressional-record/volume-168/issue-177/house-section/article/H8540-2,11/16/22,House,168,177,H8540
"PUBLIC BILLS AND RESOLUTIONS; Congressional Record Vol. 167, No. 195",https://www.congress.gov/congressional-record/volume-167/issue-195/house-section/article/H6234-3,11/5/21,House,167,195,H6234
"PUBLIC BILLS AND RESOLUTIONS; Congressional Record Vol. 164, No. 57",https://www.congress.gov/congressional-record/volume-164/issue-57/house-section/article/H3094-2,4/10/18,House,164,57,H3094
"RAISING A QUESTION OF THE PRIVILEGES OF THE HOUSE; Congressional Record Vol. 164, No. 12",https://www.congress.gov/congressional-record/volume-164/issue-12/house-section/article/H569-1,1/19/18,House,164,12,H569
"Text of Senate Amendment 954; Congressional Record Vol. 169, No. 124",https://www.congress.gov/congressional-record/volume-169/issue-124/senate-section/article/S3407-2,7/19/23,Senate,169,124,S3407
"Nomination of Gary Gensler (Executive Calendar); Congressional Record Vol. 167, No. 63",https://www.congress.gov/congressional-record/volume-167/issue-63/senate-section/article/S1886-1,4/13/21,Senate,167,63,S1886
"SENATE CONCURRENT RESOLUTION 22--EXPRESSING THE SENSE OF CONGRESS THAT THERE IS A CLIMATE EMERGENCY WHICH DEMANDS A MASSIVE-SCALE MOBILIZATION TO HALT, REVERSE, AND ADDRESS ITS CONSEQUENCES AND CAUSES; Congressional Record Vol. 165, No. 120",https://www.congress.gov/congressional-record/volume-165/issue-120/senate-section/article/S4913-1,7/17/19,Senate,165,120,S4913
"RECOGNIZING THE COORDINATED STRUGGLE OF WORKERS ON THE 50TH ANNIVERSARY OF THE 1968 MEMPHIS SANITATION WORKERS STRIKE TO REACH A COLLECTIVE AGREEMENT ON WORKPLACE RIGHTS; Congressional Record Vol. 164, No. 36",https://www.congress.gov/congressional-record/volume-164/issue-36/senate-section/article/S1291-3,2/28/18,Senate,164,36,S1291
"SEMIQUINCENTENNIAL TOURISM AND ACCESS TO RECREATION SITES ACT; Congressional Record Vol. 171, No. 207",https://www.congress.gov/congressional-record/volume-171/issue-207/house-section/article/H5074-1,12/9/25,House,171,207,H5074
"CONDEMNING THE ILLEGAL ABDUCTION OF CHILDREN FROM UKRAINE TO THE RUSSIAN FEDERATION; Congressional Record Vol. 170, No. 48",https://www.congress.gov/congressional-record/volume-170/issue-48/house-section/article/H1201-1,3/19/24,House,170,48,H1201
"PROVIDING FOR CONSIDERATION OF H.R. 4176, LGBTQI+ DATA INCLUSION ACT; PROVIDING FOR CONSIDERATION OF H.R. 5585, ADVANCED RESEARCH PROJECTS AGENCY-HEALTH ACT; PROVIDING FOR CONSIDERATION OF H.R...; Congressional Record Vol. 168, No. 106",https://www.congress.gov/congressional-record/volume-168/issue-106/house-section/article/H5751-3,6/22/22,House,168,106,H5751
"ECONOMIC MIRACLE IN 2018 AND 2019; Congressional Record Vol. 166, No. 207",https://www.congress.gov/congressional-record/volume-166/issue-207/house-section/article/H7038-1,12/8/20,House,166,207,H7038
"VERA C. RUBIN OBSERVATORY DESIGNATION ACT; Congressional Record Vol. 165, No. 124",https://www.congress.gov/congressional-record/volume-165/issue-124/house-section/article/H7176-1,7/23/19,House,165,124,H7176
"ADDITIONAL COSPONSORS; Congressional Record Vol. 169, No. 123",https://www.congress.gov/congressional-record/volume-169/issue-123/senate-section/article/S2985-2,7/18/23,Senate,169,123,S2985
"ADDITIONAL COSPONSORS; Congressional Record Vol. 167, No. 198",https://www.congress.gov/congressional-record/volume-167/issue-198/senate-section/article/S8079-6,11/15/21,Senate,167,198,S8079
"INVIDIOUS DISCRIMINATION; Congressional Record Vol. 172, No. 99",https://www.congress.gov/congressional-record/volume-172/issue-99/house-section/article/H4105-5,6/11/26,House,172,99,H4105
"PUBLIC BILLS AND RESOLUTIONS; Congressional Record Vol. 171, No. 110",https://www.congress.gov/congressional-record/volume-171/issue-110/house-section/article/H3008-2,6/26/25,House,171,110,H3008
"PUBLIC BILLS AND RESOLUTIONS; Congressional Record Vol. 167, No. 99",https://www.congress.gov/congressional-record/volume-167/issue-99/house-section/article/H2697-8,6/8/21,House,167,99,H2697
"EXECUTIVE AND OTHER COMMUNICATIONS; Congressional Record Vol. 171, No. 54",https://www.congress.gov/congressional-record/volume-171/issue-54/senate-section/article/S1831-2,3/25/25,Senate,171,54,S1831
"LEGISLATIVE SESSION; Congressional Record Vol. 168, No. 107",https://www.congress.gov/congressional-record/volume-168/issue-107/senate-section/article/S3104-2,6/23/22,Senate,168,107,S3104
"VIOLENCE AGAINST WOMEN BY ILLEGAL ALIENS ACT; Congressional Record Vol. 170, No. 145",https://www.congress.gov/congressional-record/volume-170/issue-145/house-section/article/H5354-2,9/18/24,House,170,145,H5354
"RAISING AWARENESS OF DAMAGE DONE BY MANDATORY ARBITRATION AND SUPPORTING THE FAIR ACT; Congressional Record Vol. 165, No. 144",https://www.congress.gov/congressional-record/volume-165/issue-144/house-section/article/H7588-3,9/10/19,House,165,144,H7588
"DEPARTMENT OF STATE, FOREIGN OPERATIONS, AND RELATED PROGRAMS APPROPRIATIONS ACT, 2022; Congressional Record Vol. 167, No. 132",https://www.congress.gov/congressional-record/volume-167/issue-132/house-section/article/H4108-1,7/28/21,House,167,132,H4108
"LEGISLATIVE SESSION; Congressional Record Vol. 168, No. 177",https://www.congress.gov/congressional-record/volume-168/issue-177/senate-section/article/S6715-6,11/16/22,Senate,168,177,S6715
"Daily Digest/CONGRESSIONAL PROGRAM AHEAD; Congressional Record Vol. 172, No. 92",https://www.congress.gov/congressional-record/volume-172/issue-92/daily-digest/article/D563-6,6/1/26,Daily Digest,172,92,D563
"Daily Digest/Senate; Congressional Record Vol. 168, No. 198",https://www.congress.gov/congressional-record/volume-168/issue-198/daily-digest/article/D1252-1,12/20/22,Daily Digest,168,198,D1252
"Daily Digest/CONGRESSIONAL PROGRAM AHEAD; Congressional Record Vol. 167, No. 67",https://www.congress.gov/congressional-record/volume-167/issue-67/daily-digest/article/D369-1,4/19/21,Daily Digest,167,67,D369
"Daily Digest/CONGRESSIONAL PROGRAM AHEAD; Congressional Record Vol. 164, No. 114",https://www.congress.gov/congressional-record/volume-164/issue-114/daily-digest/article/D775-5,7/9/18,Daily Digest,164,114,D775
"Daily Digest/House of Representatives; Congressional Record Vol. 165, No. 116",https://www.congress.gov/congressional-record/volume-165/issue-116/daily-digest/article/D814-1,7/11/19,Daily Digest,165,116,D814
"HIRE VETS ACT--Continued; Congressional Record Vol. 163, No. 77",https://www.congress.gov/congressional-record/volume-163/issue-77/senate-section/article/S2738-1,5/4/17,Senate,163,77,S2738
"ADDITIONAL COSPONSORS; Congressional Record Vol. 167, No. 104",https://www.congress.gov/congressional-record/volume-167/issue-104/senate-section/article/S4545-2,6/15/21,Senate,167,104,S4545
"ADDITIONAL COSPONSORS; Congressional Record Vol. 164, No. 91",https://www.congress.gov/congressional-record/volume-164/issue-91/senate-section/article/S2968-3,6/4/18,Senate,164,91,S2968
"U.S. Military (Executive Session); Congressional Record Vol. 172, No. 102",https://www.congress.gov/congressional-record/volume-172/issue-102/senate-section/article/S2871-2,6/17/26,Senate,172,102,S2871
"SENATE RESOLUTION 650--RECOGNIZING THE HERITAGE, CULTURE, AND CONTRIBUTIONS OF AMERICAN INDIAN, ALASKA NATIVE, AND NATIVE HAWAIIAN WOMEN IN THE UNITED STATES; Congressional Record Vol. 172, No. 49",https://www.congress.gov/congressional-record/volume-172/issue-49/senate-section/article/S1208-1,3/18/26,Senate,172,49,S1208
"Introductory Statement on S. 3877; Congressional Record Vol. 172, No. 30",https://www.congress.gov/congressional-record/volume-172/issue-30/senate-section/article/S611-3,2/12/26,Senate,172,30,S611
"ADDITIONAL COSPONSORS; Congressional Record Vol. 171, No. 207",https://www.congress.gov/congressional-record/volume-171/issue-207/senate-section/article/S8577-2,12/9/25,Senate,171,207,S8577
"ADDITIONAL COSPONSORS; Congressional Record Vol. 171, No. 147",https://www.congress.gov/congressional-record/volume-171/issue-147/senate-section/article/S6470-2,9/9/25,Senate,171,147,S6470
"SENATE RESOLUTION 287--REAFFIRMING THE IMPORTANCE OF THE UNITED STATES PROMOTING THE SAFETY, HEALTH, AND WELL-BEING OF REFUGEES AND DISPLACED PERSONS IN THE UNITED STATES AND AROUND THE WORLD; Congressional Record Vol. 171, No. 105",https://www.congress.gov/congressional-record/volume-171/issue-105/senate-section/article/S3473-1,6/18/25,Senate,171,105,S3473
"SENATE RESOLUTION 142--RECOGNIZING THE HERITAGE, CULTURE, AND CONTRIBUTIONS OF AMERICAN INDIAN, ALASKA NATIVE, AND NATIVE HAWAIIAN WOMEN IN THE UNITED STATES; Congressional Record Vol. 171, No. 55",https://www.congress.gov/congressional-record/volume-171/issue-55/senate-section/article/S1876-1,3/26/25,Senate,171,55,S1876
"SENATE RESOLUTION 597--RECOGNIZING THE HERITAGE, CULTURE, AND CONTRIBUTIONS OF AMERICAN INDIAN, ALASKA NATIVE, AND NATIVE HAWAIIAN WOMEN IN THE UNITED STATES; Congressional Record Vol. 170, No. 48",https://www.congress.gov/congressional-record/volume-170/issue-48/senate-section/article/S2445-2,3/19/24,Senate,170,48,S2445
"Introductory Statement on S. 2722; Congressional Record Vol. 169, No. 142",https://www.congress.gov/congressional-record/volume-169/issue-142/senate-section/article/S3897-2,9/5/23,Senate,169,142,S3897
"STATEMENTS ON INTRODUCED BILLS AND JOINT RESOLUTIONS; Congressional Record Vol. 169, No. 142",https://www.congress.gov/congressional-record/volume-169/issue-142/senate-section/article/S3897-1,9/5/23,Senate,169,142,S3897
"RESPECT FOR MARRIAGE ACT; Congressional Record Vol. 168, No. 178",https://www.congress.gov/congressional-record/volume-168/issue-178/senate-section/article/S6770-3,11/17/22,Senate,168,178,S6770
"Vote on Powell Nomination (Executive Calendar); Congressional Record Vol. 168, No. 81",https://www.congress.gov/congressional-record/volume-168/issue-81/senate-section/article/S2477-1,5/12/22,Senate,168,81,S2477
"ADDITIONAL COSPONSORS; Congressional Record Vol. 167, No. 213",https://www.congress.gov/congressional-record/volume-167/issue-213/senate-section/article/S9094-1,12/9/21,Senate,167,213,S9094
"Afghanistan (Executive Calendar); Congressional Record Vol. 167, No. 165",https://www.congress.gov/congressional-record/volume-167/issue-165/senate-section/article/S6635-1,9/23/21,Senate,167,165,S6635
"ADDITIONAL COSPONSORS; Congressional Record Vol. 167, No. 105",https://www.congress.gov/congressional-record/volume-167/issue-105/senate-section/article/S4590-2,6/16/21,Senate,167,105,S4590
"ADDITIONAL COSPONSORS; Congressional Record Vol. 167, No. 98",https://www.congress.gov/congressional-record/volume-167/issue-98/senate-section/article/S3959-1,6/7/21,Senate,167,98,S3959
"SUBMITTED RESOLUTIONS; Congressional Record Vol. 167, No. 44",https://www.congress.gov/congressional-record/volume-167/issue-44/senate-section/article/S1427-1,3/9/21,Senate,167,44,S1427
"TRIBUTE TO DARREN WALKER; Congressional Record Vol. 165, No. 130",https://www.congress.gov/congressional-record/volume-165/issue-130/senate-section/article/S5231-2,7/31/19,Senate,165,130,S5231
"ADDITIONAL STATEMENTS; Congressional Record Vol. 163, No. 12",https://www.congress.gov/congressional-record/volume-163/issue-12/senate-section/article/S393-2,1/23/17,Senate,163,12,S393
"PUBLIC BILLS AND RESOLUTIONS; Congressional Record Vol. 171, No. 198",https://www.congress.gov/congressional-record/volume-171/issue-198/house-section/article/H4901-1,11/25/25,House,171,198,H4901
"PUBLIC BILLS AND RESOLUTIONS; Congressional Record Vol. 170, No. 50",https://www.congress.gov/congressional-record/volume-170/issue-50/house-section/article/H1352-2,3/21/24,House,170,50,H1352
"PUBLIC BILLS AND RESOLUTIONS; Congressional Record Vol. 170, No. 21",https://www.congress.gov/congressional-record/volume-170/issue-21/house-section/article/H501-4,2/6/24,House,170,21,H501
"PUBLIC BILLS AND RESOLUTIONS; Congressional Record Vol. 169, No. 184",https://www.congress.gov/congressional-record/volume-169/issue-184/house-section/article/H5543-1,11/7/23,House,169,184,H5543
"HONORING THE LIFE AND LEGACY OF DR. CAROL HARTER; Congressional Record Vol. 169, No. 152",https://www.congress.gov/congressional-record/volume-169/issue-152/house-section/article/H4429-1,9/20/23,House,169,152,H4429
"PUBLIC BILLS AND RESOLUTIONS; Congressional Record Vol. 168, No. 199",https://www.congress.gov/congressional-record/volume-168/issue-199/house-section/article/H9982-2,12/21/22,House,168,199,H9982
"PUBLIC BILLS AND RESOLUTIONS; Congressional Record Vol. 168, No. 191",https://www.congress.gov/congressional-record/volume-168/issue-191/house-section/article/H8872-5,12/8/22,House,168,191,H8872
"INDUSTRIAL CONTROL SYSTEMS CYBERSECURITY TRAINING ACT; Congressional Record Vol. 168, No. 105",https://www.congress.gov/congressional-record/volume-168/issue-105/house-section/article/H5689-10,6/21/22,House,168,105,H5689
"SYNTHETIC OPIOID DANGER AWARENESS ACT; Congressional Record Vol. 167, No. 206",https://www.congress.gov/congressional-record/volume-167/issue-206/house-section/article/H6693-1,11/30/21,House,167,206,H6693
"BUILDING BLOCKS OF STEM ACT; Congressional Record Vol. 165, No. 196",https://www.congress.gov/congressional-record/volume-165/issue-196/house-section/article/H9362-1,12/9/19,House,165,196,H9362
"SYNTHETIC OPIOID EXPOSURE PREVENTION AND TRAINING ACT; Congressional Record Vol. 165, No. 196",https://www.congress.gov/congressional-record/volume-165/issue-196/house-section/article/H9369-1,12/9/19,House,165,196,H9369
"PUBLIC BILLS AND RESOLUTIONS; Congressional Record Vol. 165, No. 106",https://www.congress.gov/congressional-record/volume-165/issue-106/house-section/article/H5074-2,6/24/19,House,165,106,H5074
"EXECUTIVE SESSION; Congressional Record Vol. 164, No. 58",https://www.congress.gov/congressional-record/volume-164/issue-58/senate-section/article/S2049-3,4/11/18,Senate,164,58,S2049
"BURMA UNIFIED THROUGH RIGOROUS MILITARY ACCOUNTABILITY ACT OF 2022; Congressional Record Vol. 168, No. 61",https://www.congress.gov/congressional-record/volume-168/issue-61/house-section/article/H4204-2,4/6/22,House,168,61,H4204
"PROVIDING FOR CONSIDERATION OF H.R. 4346, LEGISLATIVE BRANCH APPROPRIATIONS ACT, 2022; PROVIDING FOR CONSIDERATION OF H.R. 4373, DEPARTMENT OF STATE, FOREIGN OPERATIONS, AND RELATED PROGRAMS...; Congressional Record Vol. 167, No. 132",https://www.congress.gov/congressional-record/volume-167/issue-132/house-section/article/H4095-4,7/28/21,House,167,132,H4095
"Daily Digest/House of Representatives; Congressional Record Vol. 169, No. 183",https://www.congress.gov/congressional-record/volume-169/issue-183/daily-digest/article/D1135-2,11/6/23,Daily Digest,169,183,D1135
"Daily Digest/House of Representatives; Congressional Record Vol. 167, No. 50",https://www.congress.gov/congressional-record/volume-167/issue-50/daily-digest/article/D258-1,3/17/21,Daily Digest,167,50,D258
"PROTECTING PUBLIC HEALTH AND SAFETY WITH PSYCHEDELICS ADVANCING THERAPIES (PATH); Congressional Record Vol. 170, No. 163",https://www.congress.gov/congressional-record/volume-170/issue-163/extensions-of-remarks-section/article/E1112-3,11/5/24,Extensions of Remarks,170,163,E1112
"PROTECTING PUBLIC HEALTH AND SAFETY WITH PSYCHEDELICS ADVANCING THERAPIES (PATH); Congressional Record Vol. 170, No. 129",https://www.congress.gov/congressional-record/volume-170/issue-129/extensions-of-remarks-section/article/E809-3,8/9/24,Extensions of Remarks,170,129,E809
"URGING AWARD OF CONGRESSIONAL GOLD MEDAL TO PRESIDENT LYNDON BAINES JOHNSON FOR HIS EXTRAORDINARY RECORD OF ACHIEVEMENT IN THE FIELD OF DOMESTIC AFFAIRS; Congressional Record Vol. 167, No. 151",https://www.congress.gov/congressional-record/volume-167/issue-151/extensions-of-remarks-section/article/E934-2,8/27/21,Extensions of Remarks,167,151,E934
"Unanimous Consent Request--H.R. 4364 (Executive Session); Congressional Record Vol. 170, No. 50",https://www.congress.gov/congressional-record/volume-170/issue-50/senate-section/article/S2486-2,3/21/24,Senate,170,50,S2486
"SENATE RESOLUTION 173--RECOGNIZING THE DUTY OF THE FEDERAL GOVERNMENT TO CREATE A GREEN NEW DEAL; Congressional Record Vol. 169, No. 69",https://www.congress.gov/congressional-record/volume-169/issue-69/senate-section/article/S1349-2,4/25/23,Senate,169,69,S1349
"Unanimous Consent Request--Executive Calendar (Executive Calendar); Congressional Record Vol. 168, No. 184",https://www.congress.gov/congressional-record/volume-168/issue-184/senate-section/article/S6888-3,11/30/22,Senate,168,184,S6888
"ADDITIONAL COSPONSORS; Congressional Record Vol. 168, No. 143",https://www.congress.gov/congressional-record/volume-168/issue-143/senate-section/article/S4479-3,9/7/22,Senate,168,143,S4479
"ADDITIONAL COSPONSORS; Congressional Record Vol. 168, No. 113",https://www.congress.gov/congressional-record/volume-168/issue-113/senate-section/article/S3201-2,7/11/22,Senate,168,113,S3201
"ADDITIONAL COSPONSORS; Congressional Record Vol. 168, No. 19",https://www.congress.gov/congressional-record/volume-168/issue-19/senate-section/article/S413-9,1/31/22,Senate,168,19,S413
"ADDITIONAL COSPONSORS; Congressional Record Vol. 167, No. 188",https://www.congress.gov/congressional-record/volume-167/issue-188/senate-section/article/S7369-1,10/26/21,Senate,167,188,S7369
"INTRODUCTION OF BILLS AND JOINT RESOLUTIONS; Congressional Record Vol. 167, No. 106",https://www.congress.gov/congressional-record/volume-167/issue-106/senate-section/article/S4622-2,6/17/21,Senate,167,106,S4622
"INTRODUCTION OF BILLS AND JOINT RESOLUTIONS; Congressional Record Vol. 167, No. 92",https://www.congress.gov/congressional-record/volume-167/issue-92/senate-section/article/S3500-2,5/26/21,Senate,167,92,S3500
"SENATE RESOLUTION 224--EXPRESSING THE SENSE OF THE SENATE THAT THE UNITED STATES MUST SEIZE THE OPPORTUNITY TO CREATE MILLIONS OF JOBS, BECOME A NET EXPORTER OF CLEAN ENERGY, AND SECURE A BETTER...; Congressional Record Vol. 167, No. 86",https://www.congress.gov/congressional-record/volume-167/issue-86/senate-section/article/S2579-1,5/18/21,Senate,167,86,S2579
"SENATE RESOLUTION 166--RECOGNIZING THE DUTY OF THE FEDERAL GOVERNMENT TO CREATE A GREEN NEW DEAL; Congressional Record Vol. 167, No. 68",https://www.congress.gov/congressional-record/volume-167/issue-68/senate-section/article/S2086-1,4/20/21,Senate,167,68,S2086
"ADDITIONAL COSPONSORS; Congressional Record Vol. 166, No. 161",https://www.congress.gov/congressional-record/volume-166/issue-161/senate-section/article/S5706-2,9/17/20,Senate,166,161,S5706
"ADDITIONAL COSPONSORS; Congressional Record Vol. 166, No. 160",https://www.congress.gov/congressional-record/volume-166/issue-160/senate-section/article/S5652-2,9/16/20,Senate,166,160,S5652
"ADDITIONAL COSPONSORS; Congressional Record Vol. 165, No. 71",https://www.congress.gov/congressional-record/volume-165/issue-71/senate-section/article/S2570-2,5/1/19,Senate,165,71,S2570
"ADDITIONAL COSPONSORS; Congressional Record Vol. 165, No. 61",https://www.congress.gov/congressional-record/volume-165/issue-61/senate-section/article/S2329-2,4/9/19,Senate,165,61,S2329
"STATEMENTS ON INTRODUCED BILLS AND JOINT RESOLUTIONS; Congressional Record Vol. 165, No. 28",https://www.congress.gov/congressional-record/volume-165/issue-28/senate-section/article/S1327-1,2/13/19,Senate,165,28,S1327
"Introductory Statement on S.J. Res. 8; Congressional Record Vol. 165, No. 28",https://www.congress.gov/congressional-record/volume-165/issue-28/senate-section/article/S1327-2,2/13/19,Senate,165,28,S1327
"SENATE RESOLUTION 59--RECOGNIZING THE DUTY OF THE FEDERAL GOVERNMENT TO CREATE A GREEN NEW DEAL; Congressional Record Vol. 165, No. 24",https://www.congress.gov/congressional-record/volume-165/issue-24/senate-section/article/S1140-2,2/7/19,Senate,165,24,S1140
"Text of Senate Amendment 4127; Congressional Record Vol. 164, No. 198",https://www.congress.gov/congressional-record/volume-164/issue-198/senate-section/article/S7670-1,12/17/18,Senate,164,198,S7670
"ADDITIONAL COSPONSORS; Congressional Record Vol. 164, No. 99",https://www.congress.gov/congressional-record/volume-164/issue-99/senate-section/article/S3952-1,6/14/18,Senate,164,99,S3952
"EXECUTIVE COMMUNICATIONS, ETC.; Congressional Record Vol. 172, No. 24",https://www.congress.gov/congressional-record/volume-172/issue-24/house-section/article/H1973-4,2/3/26,House,172,24,H1973
"PUBLIC BILLS AND RESOLUTIONS; Congressional Record Vol. 171, No. 94",https://www.congress.gov/congressional-record/volume-171/issue-94/house-section/article/H2418-1,6/3/25,House,171,94,H2418
"PUBLIC BILLS AND RESOLUTIONS; Congressional Record Vol. 170, No. 108",https://www.congress.gov/congressional-record/volume-170/issue-108/house-section/article/H4409-1,6/27/24,House,170,108,H4409
"PUBLIC BILLS AND RESOLUTIONS; Congressional Record Vol. 169, No. 122",https://www.congress.gov/congressional-record/volume-169/issue-122/house-section/article/H3639-1,7/17/23,House,169,122,H3639
"PUBLIC BILLS AND RESOLUTIONS; Congressional Record Vol. 168, No. 76",https://www.congress.gov/congressional-record/volume-168/issue-76/house-section/article/H4721-2,5/6/22,House,168,76,H4721
"PUBLIC BILLS AND RESOLUTIONS; Congressional Record Vol. 167, No. 211",https://www.congress.gov/congressional-record/volume-167/issue-211/house-section/article/H7260-2,12/7/21,House,167,211,H7260
"PRIDE RESOLUTION; Congressional Record Vol. 163, No. 111",https://www.congress.gov/congressional-record/volume-163/issue-111/house-section/article/H5293-1,6/28/17,House,163,111,H5293
"EXECUTIVE COMMUNICATIONS, ETC.; Congressional Record Vol. 163, No. 34",https://www.congress.gov/congressional-record/volume-163/issue-34/house-section/article/H1353-3,2/27/17,House,163,34,H1353
"SENATE RESOLUTION 775--REAFFIRMING THE IMPORTANCE OF THE UNITED STATES PROMOTING THE SAFETY, HEALTH, AND WELL-BEING OF REFUGEES AND DISPLACED PERSONS IN THE UNITED STATES AND AROUND THE WORLD; Congressional Record Vol. 172, No. 102",https://www.congress.gov/congressional-record/volume-172/issue-102/senate-section/article/S2897-2,6/17/26,Senate,172,102,S2897
"Smithsonian Institution (Executive Session); Congressional Record Vol. 171, No. 123",https://www.congress.gov/congressional-record/volume-171/issue-123/senate-section/article/S4438-1,7/17/25,Senate,171,123,S4438
"INTRODUCTION OF BILLS AND JOINT RESOLUTIONS; Congressional Record Vol. 171, No. 47",https://www.congress.gov/congressional-record/volume-171/issue-47/senate-section/article/S1703-7,3/12/25,Senate,171,47,S1703
"Text of Senate Amendment 3296; Congressional Record Vol. 170, No. 149",https://www.congress.gov/congressional-record/volume-170/issue-149/senate-section/article/S6378-1,9/24/24,Senate,170,149,S6378
"Text of Senate Amendment 266; Congressional Record Vol. 169, No. 119",https://www.congress.gov/congressional-record/volume-169/issue-119/senate-section/article/S2429-1,7/12/23,Senate,169,119,S2429
"INTRODUCTION OF BILLS AND JOINT RESOLUTIONS; Congressional Record Vol. 169, No. 108",https://www.congress.gov/congressional-record/volume-169/issue-108/senate-section/article/S2184-6,6/21/23,Senate,169,108,S2184
"SENATE CONCURRENT RESOLUTION 9--EXPRESSING THE SENSE OF CONGRESS THAT THERE IS A CLIMATE EMERGENCY WHICH DEMANDS A MASSIVE-SCALE MOBILIZATION TO HALT, REVERSE, AND ADDRESS ITS CONSEQUENCES AND CAUSES; Congressional Record Vol. 169, No. 71",https://www.congress.gov/congressional-record/volume-169/issue-71/senate-section/article/S1425-1,4/27/23,Senate,169,71,S1425
"Text of Senate Amendment 5833; Congressional Record Vol. 168, No. 157",https://www.congress.gov/congressional-record/volume-168/issue-157/senate-section/article/S5311-1,9/28/22,Senate,168,157,S5311
"Text of Senate Amendment 5770; Congressional Record Vol. 168, No. 157",https://www.congress.gov/congressional-record/volume-168/issue-157/senate-section/article/S5251-1,9/28/22,Senate,168,157,S5251
"Higher Education (Executive Calendar); Congressional Record Vol. 168, No. 147",https://www.congress.gov/congressional-record/volume-168/issue-147/senate-section/article/S4558-1,9/13/22,Senate,168,147,S4558
"Crime (Executive Calendar); Congressional Record Vol. 168, No. 31",https://www.congress.gov/congressional-record/volume-168/issue-31/senate-section/article/S748-1,2/16/22,Senate,168,31,S748
"SENATE RESOLUTION 402--HONORING THE LIFE, WORK, AND LEGACY OF TONI MORRISON; Congressional Record Vol. 165, No. 173",https://www.congress.gov/congressional-record/volume-165/issue-173/senate-section/article/S6343-1,10/31/19,Senate,165,173,S6343
"Opioid Epidemic (Executive Session); Congressional Record Vol. 164, No. 152",https://www.congress.gov/congressional-record/volume-164/issue-152/senate-section/article/S6119-1,9/12/18,Senate,164,152,S6119
"NOMINATION OF BRETT KAVANAUGH; Congressional Record Vol. 164, No. 116",https://www.congress.gov/congressional-record/volume-164/issue-116/senate-section/article/S4921-1,7/11/18,Senate,164,116,S4921
"ADDITIONAL COSPONSORS; Congressional Record Vol. 164, No. 103",https://www.congress.gov/congressional-record/volume-164/issue-103/senate-section/article/S4281-3,6/20/18,Senate,164,103,S4281
"SECURITY AND HUMANITARIAN SITUATION IN NORTHEASTERN NIGERIA; Congressional Record Vol. 163, No. 28",https://www.congress.gov/congressional-record/volume-163/issue-28/senate-section/article/S1297-1,2/16/17,Senate,163,28,S1297
"IMPROVING VA TRAINING FOR MILITARY SEXUAL TRAUMA CLAIMS ACT; Congressional Record Vol. 171, No. 84",https://www.congress.gov/congressional-record/volume-171/issue-84/house-section/article/H2130-1,5/19/25,House,171,84,H2130
"PUBLIC BILLS AND RESOLUTIONS; Congressional Record Vol. 170, No. 99",https://www.congress.gov/congressional-record/volume-170/issue-99/house-section/article/H3973-2,6/12/24,House,170,99,H3973
"PUBLIC BILLS AND RESOLUTIONS; Congressional Record Vol. 169, No. 176",https://www.congress.gov/congressional-record/volume-169/issue-176/house-section/article/H5105-1,10/25/23,House,169,176,H5105
"PUBLIC BILLS AND RESOLUTIONS; Congressional Record Vol. 169, No. 133",https://www.congress.gov/congressional-record/volume-169/issue-133/house-section/article/H4164-1,8/4/23,House,169,133,H4164
"REAFFIRMING THE ECONOMIC PARTNERSHIP BETWEEN THE UNITED STATES AND THE CARIBBEAN NATIONS AND RECOGNIZING THE NEED TO STRENGTHEN TRADE AND INVESTMENT BETWEEN THE UNITED STATES AND THE CARIBBEAN...; Congressional Record Vol. 168, No. 114",https://www.congress.gov/congressional-record/volume-168/issue-114/house-section/article/H5949-4,7/12/22,House,168,114,H5949
"PUBLIC BILLS AND RESOLUTIONS; Congressional Record Vol. 168, No. 73",https://www.congress.gov/congressional-record/volume-168/issue-73/house-section/article/H4712-2,5/3/22,House,168,73,H4712
"JAPANESE AMERICAN CONFINEMENT EDUCATION ACT; Congressional Record Vol. 168, No. 46",https://www.congress.gov/congressional-record/volume-168/issue-46/house-section/article/H3723-1,3/15/22,House,168,46,H3723
"EXTENSION OF CONTINUING APPROPRIATIONS ACT, 2022; Congressional Record Vol. 168, No. 42",https://www.congress.gov/congressional-record/volume-168/issue-42/house-section/article/H1413-1,3/9/22,House,168,42,H1413
"METHAMPHETAMINE RESPONSE ACT OF 2021; Congressional Record Vol. 168, No. 36",https://www.congress.gov/congressional-record/volume-168/issue-36/house-section/article/H1156-1,2/28/22,House,168,36,H1156
"DHS BLUE CAMPAIGN ENHANCEMENT ACT; Congressional Record Vol. 167, No. 127",https://www.congress.gov/congressional-record/volume-167/issue-127/house-section/article/H3688-1,7/20/21,House,167,127,H3688
"SUPPORTING EARLY-CAREER RESEARCHERS ACT; Congressional Record Vol. 167, No. 85",https://www.congress.gov/congressional-record/volume-167/issue-85/house-section/article/H2390-1,5/17/21,House,167,85,H2390
"PUBLIC BILLS AND RESOLUTIONS; Congressional Record Vol. 165, No. 194",https://www.congress.gov/congressional-record/volume-165/issue-194/house-section/article/H9293-2,12/5/19,House,165,194,H9293
"PUBLIC BILLS AND RESOLUTIONS; Congressional Record Vol. 165, No. 78",https://www.congress.gov/congressional-record/volume-165/issue-78/house-section/article/H3726-1,5/10/19,House,165,78,H3726
"MENTAL HEALTH AWARENESS MONTH; Congressional Record Vol. 165, No. 76",https://www.congress.gov/congressional-record/volume-165/issue-76/house-section/article/H3493-5,5/8/19,House,165,76,H3493
"Text of Senate Amendment 5648; Congressional Record Vol. 172, No. 95",https://www.congress.gov/congressional-record/volume-172/issue-95/senate-section/article/S2598-3,6/4/26,Senate,172,95,S2598
"Text of Senate Amendment 6049; Congressional Record Vol. 168, No. 158",https://www.congress.gov/congressional-record/volume-168/issue-158/senate-section/article/S5578-2,9/29/22,Senate,168,158,S5578
"Text of Senate Amendment 4233; Congressional Record Vol. 167, No. 193",https://www.congress.gov/congressional-record/volume-167/issue-193/senate-section/article/S7732-1,11/3/21,Senate,167,193,S7732
"Nomination of Mike Pompeo (Executive Calendar); Congressional Record Vol. 164, No. 66",https://www.congress.gov/congressional-record/volume-164/issue-66/senate-section/article/S2365-2,4/24/18,Senate,164,66,S2365
"HIGHLIGHTING THE STATE OF CALIFORNIA; Congressional Record Vol. 171, No. 65",https://www.congress.gov/congressional-record/volume-171/issue-65/house-section/article/H1588-1,4/10/25,House,171,65,H1588
"PUBLIC BILLS AND RESOLUTIONS; Congressional Record Vol. 171, No. 24",https://www.congress.gov/congressional-record/volume-171/issue-24/house-section/article/H501-1,2/5/25,House,171,24,H501
"ABOLISH TRAFFICKING REAUTHORIZATION ACT OF 2022; Congressional Record Vol. 168, No. 200",https://www.congress.gov/congressional-record/volume-168/issue-200/house-section/article/H10018-1,12/22/22,House,168,200,H10018
"EXECUTIVE SESSION; Congressional Record Vol. 166, No. 36",https://www.congress.gov/congressional-record/volume-166/issue-36/senate-section/article/S1096-4,2/24/20,Senate,166,36,S1096
"HONORING THE LIFE OF THE HONORABLE ZELL MILLER; Congressional Record Vol. 164, No. 75",https://www.congress.gov/congressional-record/volume-164/issue-75/house-section/article/H3875-1,5/9/18,House,164,75,H3875
"PROVIDING FOR CONSIDERATION OF H.R. 3326, WORLD BANK ACCOUNTABILITY ACT OF 2017, AND PROVIDING FOR CONSIDERATION OF H.R. 2954, HOME MORTGAGE DISCLOSURE ADJUSTMENT ACT; Congressional Record Vol. 164, No. 10",https://www.congress.gov/congressional-record/volume-164/issue-10/house-section/article/H423-2,1/17/18,House,164,10,H423
"JEANNETTE RANKIN AND 100 YEARS OF WOMEN IN CONGRESS; Congressional Record Vol. 163, No. 59",https://www.congress.gov/congressional-record/volume-163/issue-59/house-section/article/H2734-3,4/5/17,House,163,59,H2734
"IMPACT OF CABINET NOMINATIONS; Congressional Record Vol. 163, No. 5",https://www.congress.gov/congressional-record/volume-163/issue-5/house-section/article/H220-6,1/9/17,House,163,5,H220
"LEGISLATIVE SESSION; Congressional Record Vol. 166, No. 111",https://www.congress.gov/congressional-record/volume-166/issue-111/senate-section/article/S2982-4,6/16/20,Senate,166,111,S2982
"PROTECTING OLDER WORKERS AGAINST DISCRIMINATION ACT; Congressional Record Vol. 166, No. 9",https://www.congress.gov/congressional-record/volume-166/issue-9/house-section/article/H258-7,1/15/20,House,166,9,H258
"COMMUNITY ADVANTAGE LOAN PROGRAM; Congressional Record Vol. 166, No. 204",https://www.congress.gov/congressional-record/volume-166/issue-204/house-section/article/H6068-3,12/3/20,House,166,204,H6068
"IMPROVING SUPPORT FOR MISSING AND EXPLOITED CHILDREN ACT OF 2017; Congressional Record Vol. 163, No. 89",https://www.congress.gov/congressional-record/volume-163/issue-89/house-section/article/H4453-1,5/23/17,House,163,89,H4453
"PROVIDING FOR CONSIDERATION OF H.R. 8580, MILITARY CONSTRUCTION, VETERANS AFFAIRS, AND RELATED AGENCIES APPROPRIATIONS ACT, 2025 AND PROVIDING FOR CONSIDERATION OF H.R. 8282, ILLEGITIMATE COURT...; Congressional Record Vol. 170, No. 95",https://www.congress.gov/congressional-record/volume-170/issue-95/house-section/article/H3587-4,6/4/24,House,170,95,H3587
"UNITED STATES EXPORT FINANCE AGENCY ACT OF 2019; Congressional Record Vol. 165, No. 183",https://www.congress.gov/congressional-record/volume-165/issue-183/house-section/article/H8885-3,11/15/19,House,165,183,H8885
"ENDING FORCED ARBITRATION OF SEXUAL ASSAULT AND SEXUAL HARASSMENT ACT OF 2021; Congressional Record Vol. 168, No. 24",https://www.congress.gov/congressional-record/volume-168/issue-24/house-section/article/H983-9,2/7/22,House,168,24,H983
"DISAPPROVING A RULE SUBMITTED BY THE DEPARTMENT OF DEFENSE, THE GENERAL SERVICES ADMINISTRATION, AND THE NATIONAL AERONAUTICS AND SPACE ADMINISTRATION; Congressional Record Vol. 163, No. 38",https://www.congress.gov/congressional-record/volume-163/issue-38/senate-section/article/S1591-5,3/6/17,Senate,163,38,S1591
"RESCISSIONS ACT OF 2025; Congressional Record Vol. 171, No. 101",https://www.congress.gov/congressional-record/volume-171/issue-101/house-section/article/H2796-3,6/12/25,House,171,101,H2796
"NATIONAL SCIENCE FOUNDATION FOR THE FUTURE ACT; Congressional Record Vol. 167, No. 112",https://www.congress.gov/congressional-record/volume-167/issue-112/house-section/article/H3187-1,6/28/21,House,167,112,H3187
"Daily Digest/CONGRESSIONAL PROGRAM AHEAD; Congressional Record Vol. 167, No. 98",https://www.congress.gov/congressional-record/volume-167/issue-98/daily-digest/article/D602-2,6/7/21,Daily Digest,167,98,D602
"Daily Digest/House of Representatives; Congressional Record Vol. 165, No. 58",https://www.congress.gov/congressional-record/volume-165/issue-58/daily-digest/article/D347-1,4/3/19,Daily Digest,165,58,D347
"Daily Digest/NEW PUBLIC LAWS; Congressional Record Vol. 168, No. 204",https://www.congress.gov/congressional-record/volume-168/issue-204/daily-digest/article/D1284-2,1/3/23,Daily Digest,168,204,D1284
"NATIONAL DEFENSE AUTHORIZATION ACT FOR FISCAL YEAR 2024; Congressional Record Vol. 169, No. 123",https://www.congress.gov/congressional-record/volume-169/issue-123/extensions-of-remarks-section/article/E691-1,7/18/23,Extensions of Remarks,169,123,E691
"HONORING PETER AND CORA WEISS'S LIFE AND LEGACY OF SOCIAL CHANGE; Congressional Record Vol. 171, No. 210",https://www.congress.gov/congressional-record/volume-171/issue-210/extensions-of-remarks-section/article/E1194-4,12/12/25,Extensions of Remarks,171,210,E1194
"INTRODUCTION OF BILLS AND JOINT RESOLUTIONS; Congressional Record Vol. 171, No. 14",https://www.congress.gov/congressional-record/volume-171/issue-14/senate-section/article/S334-2,1/23/25,Senate,171,14,S334
"Police Accountability (Executive Session); Congressional Record Vol. 170, No. 126",https://www.congress.gov/congressional-record/volume-170/issue-126/senate-section/article/S5760-1,8/1/24,Senate,170,126,S5760
"FDIC (Executive Session); Congressional Record Vol. 170, No. 87",https://www.congress.gov/congressional-record/volume-170/issue-87/senate-section/article/S3769-1,5/20/24,Senate,170,87,S3769
"Text of Senate Amendment 3957; Congressional Record Vol. 167, No. 190",https://www.congress.gov/congressional-record/volume-167/issue-190/senate-section/article/S7473-3,10/28/21,Senate,167,190,S7473
"ADDITIONAL COSPONSORS; Congressional Record Vol. 167, No. 177",https://www.congress.gov/congressional-record/volume-167/issue-177/senate-section/article/S6999-2,10/7/21,Senate,167,177,S6999
"INTRODUCTION OF BILLS AND JOINT RESOLUTIONS; Congressional Record Vol. 167, No. 34",https://www.congress.gov/congressional-record/volume-167/issue-34/senate-section/article/S821-1,2/23/21,Senate,167,34,S821
"SUBMITTED RESOLUTIONS; Congressional Record Vol. 166, No. 129",https://www.congress.gov/congressional-record/volume-166/issue-129/senate-section/article/S4427-1,7/22/20,Senate,166,129,S4427
"ADDITIONAL COSPONSORS; Congressional Record Vol. 165, No. 150",https://www.congress.gov/congressional-record/volume-165/issue-150/senate-section/article/S5578-1,9/18/19,Senate,165,150,S5578
"ADDITIONAL COSPONSORS; Congressional Record Vol. 165, No. 120",https://www.congress.gov/congressional-record/volume-165/issue-120/senate-section/article/S4907-3,7/17/19,Senate,165,120,S4907
"TANZANIA; Congressional Record Vol. 164, No. 106",https://www.congress.gov/congressional-record/volume-164/issue-106/senate-section/article/S4365-2,6/25/18,Senate,164,106,S4365
"ADDITIONAL COSPONSORS; Congressional Record Vol. 164, No. 81",https://www.congress.gov/congressional-record/volume-164/issue-81/senate-section/article/S2773-6,5/17/18,Senate,164,81,S2773
"Veterans Day (Executive Session); Congressional Record Vol. 163, No. 183",https://www.congress.gov/congressional-record/volume-163/issue-183/senate-section/article/S7132-1,11/9/17,Senate,163,183,S7132
"ADDITIONAL COSPONSORS; Congressional Record Vol. 163, No. 91",https://www.congress.gov/congressional-record/volume-163/issue-91/senate-section/article/S3213-2,5/25/17,Senate,163,91,S3213
"ADDITIONAL COSPONSORS; Congressional Record Vol. 163, No. 49",https://www.congress.gov/congressional-record/volume-163/issue-49/senate-section/article/S1891-2,3/21/17,Senate,163,49,S1891
"PUBLIC BILLS AND RESOLUTIONS; Congressional Record Vol. 172, No. 70",https://www.congress.gov/congressional-record/volume-172/issue-70/house-section/article/H3044-2,4/21/26,House,172,70,H3044
"PUBLIC BILLS AND RESOLUTIONS; Congressional Record Vol. 172, No. 49",https://www.congress.gov/congressional-record/volume-172/issue-49/house-section/article/H2595-2,3/18/26,House,172,49,H2595
"PUBLIC BILLS AND RESOLUTIONS; Congressional Record Vol. 171, No. 74",https://www.congress.gov/congressional-record/volume-171/issue-74/house-section/article/H1853-2,5/5/25,House,171,74,H1853
"PUBLIC BILLS AND RESOLUTIONS; Congressional Record Vol. 165, No. 195",https://www.congress.gov/congressional-record/volume-165/issue-195/house-section/article/H9345-7,12/6/19,House,165,195,H9345
"STATEMENTS ON INTRODUCED BILLS AND JOINT RESOLUTIONS; Congressional Record Vol. 172, No. 30",https://www.congress.gov/congressional-record/volume-172/issue-30/senate-section/article/S611-1,2/12/26,Senate,172,30,S611
"ADDITIONAL COSPONSORS; Congressional Record Vol. 171, No. 201",https://www.congress.gov/congressional-record/volume-171/issue-201/senate-section/article/S8448-2,12/2/25,Senate,171,201,S8448
"Text of Senate Amendment 2904; Congressional Record Vol. 170, No. 115",https://www.congress.gov/congressional-record/volume-170/issue-115/senate-section/article/S5129-4,7/11/24,Senate,170,115,S5129
"ADDITIONAL COSPONSORS; Congressional Record Vol. 170, No. 112",https://www.congress.gov/congressional-record/volume-170/issue-112/senate-section/article/S4245-4,7/8/24,Senate,170,112,S4245
"Maiden Speech (Executive Session); Congressional Record Vol. 169, No. 83",https://www.congress.gov/congressional-record/volume-169/issue-83/senate-section/article/S1687-2,5/17/23,Senate,169,83,S1687
"TEXT OF AMENDMENTS; Congressional Record Vol. 169, No. 58",https://www.congress.gov/congressional-record/volume-169/issue-58/senate-section/article/S1108-2,3/30/23,Senate,169,58,S1108
"SENATE RESOLUTION 172--DECLARING RACISM A PUBLIC HEALTH CRISIS; Congressional Record Vol. 167, No. 70",https://www.congress.gov/congressional-record/volume-167/issue-70/senate-section/article/S2175-2,4/22/21,Senate,167,70,S2175
"ADDITIONAL COSPONSORS; Congressional Record Vol. 166, No. 159",https://www.congress.gov/congressional-record/volume-166/issue-159/senate-section/article/S5610-1,9/15/20,Senate,166,159,S5610
"ADDITIONAL COSPONSORS; Congressional Record Vol. 164, No. 135",https://www.congress.gov/congressional-record/volume-164/issue-135/senate-section/article/S5619-1,8/15/18,Senate,164,135,S5619
"American Bar Association and the Blue-Slip Courtesy (Executive Calendar); Congressional Record Vol. 163, No. 193",https://www.congress.gov/congressional-record/volume-163/issue-193/senate-section/article/S7348-1,11/28/17,Senate,163,193,S7348
"PUBLIC BILLS AND RESOLUTIONS; Congressional Record Vol. 171, No. 104",https://www.congress.gov/congressional-record/volume-171/issue-104/house-section/article/H2830-2,6/17/25,House,171,104,H2830
"GAS PRICES ARE LOWER FOR EVERYONE EXCEPT CALIFORNIANS; Congressional Record Vol. 171, No. 73",https://www.congress.gov/congressional-record/volume-171/issue-73/house-section/article/H1804-1,5/1/25,House,171,73,H1804
"PUBLIC BILLS AND RESOLUTIONS; Congressional Record Vol. 170, No. 151",https://www.congress.gov/congressional-record/volume-170/issue-151/house-section/article/H5837-1,9/27/24,House,170,151,H5837
"PUBLIC BILLS AND RESOLUTIONS; Congressional Record Vol. 167, No. 153",https://www.congress.gov/congressional-record/volume-167/issue-153/house-section/article/H4504-3,9/3/21,House,167,153,H4504
"PUBLIC BILLS AND RESOLUTIONS; Congressional Record Vol. 167, No. 85",https://www.congress.gov/congressional-record/volume-167/issue-85/house-section/article/H2419-2,5/17/21,House,167,85,H2419
"WOMEN WHO WORKED ON THE HOME FRONT WORLD WAR II MEMORIAL ACT; Congressional Record Vol. 166, No. 171",https://www.congress.gov/congressional-record/volume-166/issue-171/house-section/article/H5178-1,10/1/20,House,166,171,H5178
"PRISON TO PROPRIETORSHIP ACT; Congressional Record Vol. 166, No. 4",https://www.congress.gov/congressional-record/volume-166/issue-4/house-section/article/H33-1,1/8/20,House,166,4,H33
"PUBLIC BILLS AND RESOLUTIONS; Congressional Record Vol. 165, No. 151",https://www.congress.gov/congressional-record/volume-165/issue-151/house-section/article/H7834-2,9/19/19,House,165,151,H7834
"FAIR HOUSING MONTH; Congressional Record Vol. 165, No. 71",https://www.congress.gov/congressional-record/volume-165/issue-71/house-section/article/H3399-1,5/1/19,House,165,71,H3399
"STOP, OBSERVE, ASK, AND RESPOND TO HEALTH AND WELLNESS ACT OF 2018; Congressional Record Vol. 164, No. 34",https://www.congress.gov/congressional-record/volume-164/issue-34/house-section/article/H1234-1,2/26/18,House,164,34,H1234
"COMBATING HUMAN TRAFFICKING IN COMMERCIAL VEHICLES ACT; Congressional Record Vol. 163, No. 207",https://www.congress.gov/congressional-record/volume-163/issue-207/house-section/article/H10218-1,12/19/17,House,163,207,H10218
"PUBLIC BILLS AND RESOLUTIONS; Congressional Record Vol. 163, No. 75",https://www.congress.gov/congressional-record/volume-163/issue-75/house-section/article/H3066-2,5/2/17,House,163,75,H3066
"PETITIONS AND MEMORIALS; Congressional Record Vol. 170, No. 168",https://www.congress.gov/congressional-record/volume-170/issue-168/senate-section/article/S6581-5,11/14/24,Senate,170,168,S6581
"FIRE GRANTS AND SAFETY ACT--Continued; Congressional Record Vol. 169, No. 65",https://www.congress.gov/congressional-record/volume-169/issue-65/senate-section/article/S1238-1,4/19/23,Senate,169,65,S1238
"EXECUTIVE SESSION; Congressional Record Vol. 165, No. 192",https://www.congress.gov/congressional-record/volume-165/issue-192/senate-section/article/S6795-2,12/3/19,Senate,165,192,S6795
"SENATE MUST STOP INHUMANITY OF POLICE BRUTALITY; Congressional Record Vol. 167, No. 88",https://www.congress.gov/congressional-record/volume-167/issue-88/house-section/article/H2635-1,5/20/21,House,167,88,H2635
"PRESIDENTIAL MESSAGE; Congressional Record Vol. 172, No. 36",https://www.congress.gov/congressional-record/volume-172/issue-36/senate-section/article/S645-2,2/24/26,Senate,172,36,S645
"PRESIDENTIAL MESSAGE; Congressional Record Vol. 171, No. 41",https://www.congress.gov/congressional-record/volume-171/issue-41/senate-section/article/S1490-2,3/4/25,Senate,171,41,S1490
"STATEMENTS ON INTRODUCED BILLS AND JOINT RESOLUTIONS; Congressional Record Vol. 165, No. 109",https://www.congress.gov/congressional-record/volume-165/issue-109/senate-section/article/S4631-1,6/27/19,Senate,165,109,S4631
"NATIONAL DEFENSE AUTHORIZATION ACT FOR FISCAL YEAR 2023; Congressional Record Vol. 168, No. 115",https://www.congress.gov/congressional-record/volume-168/issue-115/house-section/article/H6302-5,7/13/22,House,168,115,H6302
"STATEMENTS ON INTRODUCED BILLS AND JOINT RESOLUTIONS; Congressional Record Vol. 171, No. 211",https://www.congress.gov/congressional-record/volume-171/issue-211/senate-section/article/S8731-1,12/15/25,Senate,171,211,S8731
"LEGISLATIVE SESSION; Congressional Record Vol. 169, No. 109",https://www.congress.gov/congressional-record/volume-169/issue-109/senate-section/article/S2197-7,6/22/23,Senate,169,109,S2197
"UKRAINE IS THE SCRIMMAGE LINE FOR LIBERTY; Congressional Record Vol. 169, No. 204",https://www.congress.gov/congressional-record/volume-169/issue-204/house-section/article/H6843-5,12/12/23,House,169,204,H6843
"PROVIDING FOR CONGRESSIONAL DISAPPROVAL OF A RULE SUBMITTED BY BUREAU OF CONSUMER FINANCIAL PROTECTION; Congressional Record Vol. 164, No. 74",https://www.congress.gov/congressional-record/volume-164/issue-74/house-section/article/H3815-1,5/8/18,House,164,74,H3815
"TEXT OF AMENDMENTS; Congressional Record Vol. 166, No. 116",https://www.congress.gov/congressional-record/volume-166/issue-116/senate-section/article/S3212-1,6/24/20,Senate,166,116,S3212
"Daily Digest/House of Representatives; Congressional Record Vol. 172, No. 75",https://www.congress.gov/congressional-record/volume-172/issue-75/daily-digest/article/D460-1,4/29/26,Daily Digest,172,75,D460
"Daily Digest/CONGRESSIONAL PROGRAM AHEAD; Congressional Record Vol. 169, No. 128",https://www.congress.gov/congressional-record/volume-169/issue-128/daily-digest/article/D782-1,7/25/23,Daily Digest,169,128,D782
"Daily Digest/House of Representatives; Congressional Record Vol. 167, No. 132",https://www.congress.gov/congressional-record/volume-167/issue-132/daily-digest/article/D853-1,7/28/21,Daily Digest,167,132,D853
"Daily Digest/House of Representatives; Congressional Record Vol. 165, No. 106",https://www.congress.gov/congressional-record/volume-165/issue-106/daily-digest/article/D738-2,6/24/19,Daily Digest,165,106,D738
"OPPOSITION TO THE NOMINATION OF AMY CONEY BARRETT AS ASSOCIATE JUSTICE OF SUPREME COURT; Congressional Record Vol. 166, No. 179",https://www.congress.gov/congressional-record/volume-166/issue-179/extensions-of-remarks-section/article/E970-4,10/20/20,Extensions of Remarks,166,179,E970
"Text of Senate Amendment 4630; Congressional Record Vol. 172, No. 49",https://www.congress.gov/congressional-record/volume-172/issue-49/senate-section/article/S1278-1,3/18/26,Senate,172,49,S1278
"INTRODUCTION OF BILLS AND JOINT RESOLUTIONS; Congressional Record Vol. 169, No. 20",https://www.congress.gov/congressional-record/volume-169/issue-20/senate-section/article/S171-2,1/31/23,Senate,169,20,S171
"ADDITIONAL COSPONSORS; Congressional Record Vol. 167, No. 139",https://www.congress.gov/congressional-record/volume-167/issue-139/senate-section/article/S5833-1,8/4/21,Senate,167,139,S5833
"ADDITIONAL COSPONSORS; Congressional Record Vol. 166, No. 27",https://www.congress.gov/congressional-record/volume-166/issue-27/senate-section/article/S964-2,2/10/20,Senate,166,27,S964
"ADDITIONAL COSPONSORS; Congressional Record Vol. 165, No. 192",https://www.congress.gov/congressional-record/volume-165/issue-192/senate-section/article/S6825-2,12/3/19,Senate,165,192,S6825
"ADDITIONAL COSPONSORS; Congressional Record Vol. 165, No. 181",https://www.congress.gov/congressional-record/volume-165/issue-181/senate-section/article/S6567-2,11/13/19,Senate,165,181,S6567
"PUBLIC BILLS AND RESOLUTIONS; Congressional Record Vol. 172, No. 91",https://www.congress.gov/congressional-record/volume-172/issue-91/house-section/article/H3738-3,5/29/26,House,172,91,H3738
"PUBLIC BILLS AND RESOLUTIONS; Congressional Record Vol. 170, No. 147",https://www.congress.gov/congressional-record/volume-170/issue-147/house-section/article/H5560-2,9/20/24,House,170,147,H5560
"PUBLIC BILLS AND RESOLUTIONS; Congressional Record Vol. 169, No. 202",https://www.congress.gov/congressional-record/volume-169/issue-202/house-section/article/H6739-3,12/7/23,House,169,202,H6739
"PUBLIC BILLS AND RESOLUTIONS; Congressional Record Vol. 169, No. 176",https://www.congress.gov/congressional-record/volume-169/issue-176/house-section/article/H5103-2,10/25/23,House,169,176,H5103
"PUBLIC BILLS AND RESOLUTIONS; Congressional Record Vol. 168, No. 81",https://www.congress.gov/congressional-record/volume-168/issue-81/house-section/article/H4919-2,5/12/22,House,168,81,H4919
"PUBLIC BILLS AND RESOLUTIONS; Congressional Record Vol. 167, No. 152",https://www.congress.gov/congressional-record/volume-167/issue-152/house-section/article/H4499-1,8/31/21,House,167,152,H4499
"PUBLIC BILLS AND RESOLUTIONS; Congressional Record Vol. 167, No. 111",https://www.congress.gov/congressional-record/volume-167/issue-111/house-section/article/H3154-1,6/25/21,House,167,111,H3154
"Text of Senate Amendment 5828; Congressional Record Vol. 172, No. 101",https://www.congress.gov/congressional-record/volume-172/issue-101/senate-section/article/S2859-5,6/16/26,Senate,172,101,S2859
"Text of Senate Amendment 3723; Congressional Record Vol. 171, No. 143",https://www.congress.gov/congressional-record/volume-171/issue-143/senate-section/article/S5657-2,9/2/25,Senate,171,143,S5657
"National Debt (Executive Session); Congressional Record Vol. 171, No. 37",https://www.congress.gov/congressional-record/volume-171/issue-37/senate-section/article/S1333-5,2/25/25,Senate,171,37,S1333
"ADDITIONAL COSPONSORS; Congressional Record Vol. 168, No. 176",https://www.congress.gov/congressional-record/volume-168/issue-176/senate-section/article/S6695-2,11/15/22,Senate,168,176,S6695
"Nomination of Ketanji Brown Jackson (Executive Session); Congressional Record Vol. 168, No. 62",https://www.congress.gov/congressional-record/volume-168/issue-62/senate-section/article/S2061-1,4/7/22,Senate,168,62,S2061
"MORNING BUSINESS; Congressional Record Vol. 167, No. 215",https://www.congress.gov/congressional-record/volume-167/issue-215/senate-section/article/S9157-2,12/14/21,Senate,167,215,S9157
"ADDITIONAL COSPONSORS; Congressional Record Vol. 167, No. 163",https://www.congress.gov/congressional-record/volume-167/issue-163/senate-section/article/S6586-2,9/21/21,Senate,167,163,S6586
"CALLING ON THE GOVERNMENT OF ETHIOPIA, THE TIGRAY PEOPLE'S LIBERATION FRONT, AND OTHER BELLIGERENTS TO CEASE ALL HOSTILITIES, PROTECT HUMAN RIGHTS, ALLOW UNFETTERED HUMANITARIAN ACCESS, AND...; Congressional Record Vol. 167, No. 87",https://www.congress.gov/congressional-record/volume-167/issue-87/senate-section/article/S3171-1,5/19/21,Senate,167,87,S3171
"Criminal Justice (Executive Session); Congressional Record Vol. 165, No. 116",https://www.congress.gov/congressional-record/volume-165/issue-116/senate-section/article/S4800-3,7/11/19,Senate,165,116,S4800
"REMEMBERING DOUG COE; Congressional Record Vol. 163, No. 207",https://www.congress.gov/congressional-record/volume-163/issue-207/senate-section/article/S8085-1,12/19/17,Senate,163,207,S8085
"PETITIONS AND MEMORIALS; Congressional Record Vol. 163, No. 167",https://www.congress.gov/congressional-record/volume-163/issue-167/senate-section/article/S6451-1,10/17/17,Senate,163,167,S6451
"HEALTHCARE LEGISLATION; Congressional Record Vol. 163, No. 107",https://www.congress.gov/congressional-record/volume-163/issue-107/senate-section/article/S3737-4,6/22/17,Senate,163,107,S3737
"INAUGURAL CEREMONY; Congressional Record Vol. 171, No. 11",https://www.congress.gov/congressional-record/volume-171/issue-11/senate-section/article/S252-8,1/20/25,Senate,171,11,S252
"COERCION AND SEXUAL ABUSE FREE ENVIRONMENT ACT; Congressional Record Vol. 172, No. 8",https://www.congress.gov/congressional-record/volume-172/issue-8/house-section/article/H632-1,1/12/26,House,172,8,H632
"PUBLIC BILLS AND RESOLUTIONS; Congressional Record Vol. 171, No. 26",https://www.congress.gov/congressional-record/volume-171/issue-26/house-section/article/H583-1,2/7/25,House,171,26,H583
"CONDEMNING THE USE OF HUNGER AS A WEAPON OF WAR AND RECOGNIZING THE EFFECT OF CONFLICT ON GLOBAL FOOD SECURITY AND FAMINE; Congressional Record Vol. 168, No. 183",https://www.congress.gov/congressional-record/volume-168/issue-183/house-section/article/H8629-1,11/29/22,House,168,183,H8629
"HUMAN RIGHTS AND PEACE IN DANGER IN COLOMBIA; Congressional Record Vol. 167, No. 184",https://www.congress.gov/congressional-record/volume-167/issue-184/house-section/article/H5678-1,10/20/21,House,167,184,H5678
"SPEAKING TO THE SOULS OF AMERICA; Congressional Record Vol. 166, No. 171",https://www.congress.gov/congressional-record/volume-166/issue-171/house-section/article/H5116-2,10/1/20,House,166,171,H5116
"AND STILL I RISE; Congressional Record Vol. 166, No. 47",https://www.congress.gov/congressional-record/volume-166/issue-47/house-section/article/H1653-1,3/11/20,House,166,47,H1653
"STUDENT DEBT CRISIS; Congressional Record Vol. 165, No. 71",https://www.congress.gov/congressional-record/volume-165/issue-71/house-section/article/H3397-7,5/1/19,House,165,71,H3397
"OPIOID ABUSE ACROSS THE NATION; Congressional Record Vol. 164, No. 67",https://www.congress.gov/congressional-record/volume-164/issue-67/house-section/article/H3565-1,4/25/18,House,164,67,H3565
"IRON SHARPENS IRON; Congressional Record Vol. 171, No. 27",https://www.congress.gov/congressional-record/volume-171/issue-27/house-section/article/H607-5,2/10/25,House,171,27,H607
"TRAFFICKING VICTIMS PREVENTION AND PROTECTION REAUTHORIZATION ACT OF 2022; Congressional Record Vol. 168, No. 200",https://www.congress.gov/congressional-record/volume-168/issue-200/house-section/article/H10013-1,12/22/22,House,168,200,H10013
"THE UNITED STATES HOUSE OF FREE STUFF; Congressional Record Vol. 167, No. 208",https://www.congress.gov/congressional-record/volume-167/issue-208/house-section/article/H6901-1,12/2/21,House,167,208,H6901
"A FAREWELL TO CONGRESS; Congressional Record Vol. 166, No. 207",https://www.congress.gov/congressional-record/volume-166/issue-207/house-section/article/H7031-1,12/8/20,House,166,207,H7031
"ENSURING DIVERSITY IN COMMUNITY BANKING ACT OF 2019; Congressional Record Vol. 166, No. 163",https://www.congress.gov/congressional-record/volume-166/issue-163/house-section/article/H4597-2,9/21/20,House,166,163,H4597
"SUPREME COURT NOMINATIONS; Congressional Record Vol. 163, No. 59",https://www.congress.gov/congressional-record/volume-163/issue-59/house-section/article/H2741-2,4/5/17,House,163,59,H2741
"HONORING CONGRESSWOMAN EDDIE BERNICE JOHNSON; Congressional Record Vol. 170, No. 6",https://www.congress.gov/congressional-record/volume-170/issue-6/house-section/article/H88-3,1/11/24,House,170,6,H88
"DEPARTMENT OF STATE, FOREIGN OPERATIONS, AND RELATED PROGRAMS APPROPRIATIONS ACT, 2024; Congressional Record Vol. 169, No. 158",https://www.congress.gov/congressional-record/volume-169/issue-158/house-section/article/H4719-3,9/28/23,House,169,158,H4719
"WORKFORCE INNOVATION AND OPPORTUNITY ACT OF 2022; Congressional Record Vol. 168, No. 84",https://www.congress.gov/congressional-record/volume-168/issue-84/house-section/article/H5023-3,5/17/22,House,168,84,H5023
"DEPENDABLE EMPLOYMENT AND LIVING IMPROVEMENTS FOR VETERANS ECONOMIC RECOVERY ACT; Congressional Record Vol. 166, No. 213",https://www.congress.gov/congressional-record/volume-166/issue-213/house-section/article/H7169-4,12/16/20,House,166,213,H7169
"Text of Senate Amendment 2695; Congressional Record Vol. 166, No. 208",https://www.congress.gov/congressional-record/volume-166/issue-208/senate-section/article/S7332-2,12/9/20,Senate,166,208,S7332
"TEXT OF AMENDMENTS; Congressional Record Vol. 169, No. 123",https://www.congress.gov/congressional-record/volume-169/issue-123/senate-section/article/S2995-1,7/18/23,Senate,169,123,S2995
"PROVIDING FOR CONSIDERATION OF H.R. 1620, VIOLENCE AGAINST WOMEN REAUTHORIZATION ACT OF 2021; PROVIDING FOR CONSIDERATION OF H.R. 6, AMERICAN DREAM AND PROMISE ACT OF 2021; PROVIDING FOR...; Congressional Record Vol. 167, No. 49",https://www.congress.gov/congressional-record/volume-167/issue-49/house-section/article/H1393-1,3/16/21,House,167,49,H1393
"FOR THE PEOPLE ACT OF 2019; Congressional Record Vol. 165, No. 41",https://www.congress.gov/congressional-record/volume-165/issue-41/house-section/article/H2515-5,3/7/19,House,165,41,H2515
"HOME MORTGAGE DISCLOSURE ADJUSTMENT ACT; Congressional Record Vol. 164, No. 11",https://www.congress.gov/congressional-record/volume-164/issue-11/house-section/article/H513-1,1/18/18,House,164,11,H513
"Daily Digest/CONGRESSIONAL PROGRAM AHEAD; Congressional Record Vol. 172, No. 84",https://www.congress.gov/congressional-record/volume-172/issue-84/daily-digest/article/D522-2,5/18/26,Daily Digest,172,84,D522
"Daily Digest/CONGRESSIONAL PROGRAM AHEAD; Congressional Record Vol. 167, No. 53",https://www.congress.gov/congressional-record/volume-167/issue-53/daily-digest/article/D280-1,3/22/21,Daily Digest,167,53,D280
"Daily Digest/House of Representatives; Congressional Record Vol. 163, No. 118",https://www.congress.gov/congressional-record/volume-163/issue-118/daily-digest/article/D768-1,7/13/17,Daily Digest,163,118,D768
"TRANSPORTATION, HOUSING AND URBAN DEVELOPMENT, AND RELATED AGENCIES APPROPRIATIONS ACT, 2024; Congressional Record Vol. 169, No. 184",https://www.congress.gov/congressional-record/volume-169/issue-184/house-section/article/H5503-2,11/7/23,House,169,184,H5503
"LEGISLATIVE SESSION; Congressional Record Vol. 172, No. 71",https://www.congress.gov/congressional-record/volume-172/issue-71/senate-section/article/S1867-7,4/22/26,Senate,172,71,S1867
"NATIONAL DEFENSE AUTHORIZATION ACT FOR FISCAL YEAR 2022; Congressional Record Vol. 167, No. 164",https://www.congress.gov/congressional-record/volume-167/issue-164/house-section/article/H4880-4,9/22/21,House,167,164,H4880
"HONORING THE 2022 WOMEN OF THE YEAR; Congressional Record Vol. 168, No. 164",https://www.congress.gov/congressional-record/volume-168/issue-164/extensions-of-remarks-section/article/E1059-2,10/18/22,Extensions of Remarks,168,164,E1059
"WHY IMPOUNDMENT CONTROL ACT MATTERS; Congressional Record Vol. 166, No. 19",https://www.congress.gov/congressional-record/volume-166/issue-19/extensions-of-remarks-section/article/E106-4,1/29/20,Extensions of Remarks,166,19,E106
"INTRODUCTION OF BILLS AND JOINT RESOLUTIONS; Congressional Record Vol. 171, No. 196",https://www.congress.gov/congressional-record/volume-171/issue-196/senate-section/article/S8270-6,11/20/25,Senate,171,196,S8270
"INTRODUCTION OF BILLS AND JOINT RESOLUTIONS; Congressional Record Vol. 171, No. 196",https://www.congress.gov/congressional-record/volume-171/issue-196/senate-section/article/S8274-1,11/20/25,Senate,171,196,S8274
"TEXT OF AMENDMENTS; Congressional Record Vol. 168, No. 178",https://www.congress.gov/congressional-record/volume-168/issue-178/senate-section/article/S6787-2,11/17/22,Senate,168,178,S6787
"ADDITIONAL COSPONSORS; Congressional Record Vol. 167, No. 157",https://www.congress.gov/congressional-record/volume-167/issue-157/senate-section/article/S6456-1,9/13/21,Senate,167,157,S6456
"Text of Senate Amendment 3092; Congressional Record Vol. 164, No. 107",https://www.congress.gov/congressional-record/volume-164/issue-107/senate-section/article/S4416-1,6/26/18,Senate,164,107,S4416
"ADDITIONAL COSPONSORS; Congressional Record Vol. 163, No. 131",https://www.congress.gov/congressional-record/volume-163/issue-131/senate-section/article/S4767-2,8/2/17,Senate,163,131,S4767
"PUBLIC BILLS AND RESOLUTIONS; Congressional Record Vol. 172, No. 63",https://www.congress.gov/congressional-record/volume-172/issue-63/house-section/article/H2829-1,4/9/26,House,172,63,H2829
"PUBLIC BILLS AND RESOLUTIONS; Congressional Record Vol. 172, No. 27",https://www.congress.gov/congressional-record/volume-172/issue-27/house-section/article/H2094-1,2/9/26,House,172,27,H2094
"PUBLIC BILLS AND RESOLUTIONS; Congressional Record Vol. 171, No. 81",https://www.congress.gov/congressional-record/volume-171/issue-81/house-section/article/H2050-3,5/14/25,House,171,81,H2050
"FIRST 100 DAYS IN CONGRESS; Congressional Record Vol. 169, No. 70",https://www.congress.gov/congressional-record/volume-169/issue-70/house-section/article/H2044-1,4/26/23,House,169,70,H2044
"BILLS AND JOINT RESOLUTION PRESENTED TO THE PRESIDENT; Congressional Record Vol. 168, No. 203",https://www.congress.gov/congressional-record/volume-168/issue-203/house-section/article/H10538-1,12/30/22,House,168,203,H10538
"ISSUES OF THE DAY; Congressional Record Vol. 168, No. 108",https://www.congress.gov/congressional-record/volume-168/issue-108/house-section/article/H5915-3,6/24/22,House,168,108,H5915
"PUBLIC BILLS AND RESOLUTIONS; Congressional Record Vol. 168, No. 41",https://www.congress.gov/congressional-record/volume-168/issue-41/house-section/article/H1372-2,3/8/22,House,168,41,H1372
"PUBLIC BILLS AND RESOLUTIONS; Congressional Record Vol. 167, No. 188",https://www.congress.gov/congressional-record/volume-167/issue-188/house-section/article/H5929-2,10/26/21,House,167,188,H5929
"PUBLIC BILLS AND RESOLUTIONS; Congressional Record Vol. 165, No. 165",https://www.congress.gov/congressional-record/volume-165/issue-165/house-section/article/H8257-2,10/18/19,House,165,165,H8257
"PUBLIC BILLS AND RESOLUTIONS; Congressional Record Vol. 165, No. 58",https://www.congress.gov/congressional-record/volume-165/issue-58/house-section/article/H3066-4,4/3/19,House,165,58,H3066
"SUBMITTED RESOLUTIONS; Congressional Record Vol. 168, No. 198",https://www.congress.gov/congressional-record/volume-168/issue-198/senate-section/article/S9627-1,12/20/22,Senate,168,198,S9627
"Biden Administration (Executive Session); Congressional Record Vol. 168, No. 13",https://www.congress.gov/congressional-record/volume-168/issue-13/senate-section/article/S367-1,1/20/22,Senate,168,13,S367
"FILIBUSTER; Congressional Record Vol. 168, No. 11",https://www.congress.gov/congressional-record/volume-168/issue-11/senate-section/article/S251-1,1/18/22,Senate,168,11,S251
"Afghanistan (Executive Session); Congressional Record Vol. 167, No. 83",https://www.congress.gov/congressional-record/volume-167/issue-83/senate-section/article/S2501-4,5/13/21,Senate,167,83,S2501
"STATEMENTS ON INTRODUCED BILLS AND JOINT RESOLUTIONS; Congressional Record Vol. 165, No. 186",https://www.congress.gov/congressional-record/volume-165/issue-186/senate-section/article/S6720-1,11/20/19,Senate,165,186,S6720
"ADDITIONAL COSPONSORS; Congressional Record Vol. 165, No. 149",https://www.congress.gov/congressional-record/volume-165/issue-149/senate-section/article/S5539-4,9/17/19,Senate,165,149,S5539
"NOMINATION OF STEVE GRASZ; Congressional Record Vol. 163, No. 178",https://www.congress.gov/congressional-record/volume-163/issue-178/senate-section/article/S6990-1,11/2/17,Senate,163,178,S6990
"Introductory Statement on S. 5038; Congressional Record Vol. 168, No. 158",https://www.congress.gov/congressional-record/volume-168/issue-158/senate-section/article/S5548-1,9/29/22,Senate,168,158,S5548
"TEXT OF AMENDMENTS; Congressional Record Vol. 167, No. 187",https://www.congress.gov/congressional-record/volume-167/issue-187/senate-section/article/S7342-1,10/25/21,Senate,167,187,S7342
"PUBLIC BILLS AND RESOLUTIONS; Congressional Record Vol. 171, No. 207",https://www.congress.gov/congressional-record/volume-171/issue-207/house-section/article/H5109-2,12/9/25,House,171,207,H5109
"PUBLIC BILLS AND RESOLUTIONS; Congressional Record Vol. 171, No. 28",https://www.congress.gov/congressional-record/volume-171/issue-28/house-section/article/H643-1,2/11/25,House,171,28,H643
"DOING THE RIGHT THING REGARDLESS OF THE COST; Congressional Record Vol. 170, No. 184",https://www.congress.gov/congressional-record/volume-170/issue-184/house-section/article/H7105-1,12/11/24,House,170,184,H7105
"EQUAL REPRESENTATION ACT; Congressional Record Vol. 170, No. 80",https://www.congress.gov/congressional-record/volume-170/issue-80/house-section/article/H2983-1,5/8/24,House,170,80,H2983
"ISSUES OF THE DAY; Congressional Record Vol. 169, No. 108",https://www.congress.gov/congressional-record/volume-169/issue-108/house-section/article/H3054-4,6/21/23,House,169,108,H3054
"CONDEMNING THE OCTOBER 25, 2021, MILITARY COUP IN SUDAN AND STANDING WITH THE PEOPLE OF SUDAN; Congressional Record Vol. 168, No. 105",https://www.congress.gov/congressional-record/volume-168/issue-105/house-section/article/H5709-1,6/21/22,House,168,105,H5709
"TARGETING RESOURCES TO COMMUNITIES IN NEED ACT OF 2022; Congressional Record Vol. 168, No. 78",https://www.congress.gov/congressional-record/volume-168/issue-78/house-section/article/H4761-1,5/10/22,House,168,78,H4761
"PROTECTING MOMS WHO SERVED ACT OF 2021; Congressional Record Vol. 167, No. 199",https://www.congress.gov/congressional-record/volume-167/issue-199/house-section/article/H6286-1,11/16/21,House,167,199,H6286
"PURSUING EQUITY IN MENTAL HEALTH ACT; Congressional Record Vol. 167, No. 81",https://www.congress.gov/congressional-record/volume-167/issue-81/house-section/article/H2161-1,5/11/21,House,167,81,H2161
"IMPORTANT ISSUES OF THE DAY; Congressional Record Vol. 166, No. 3",https://www.congress.gov/congressional-record/volume-166/issue-3/house-section/article/H8-1,1/7/20,House,166,3,H8
"STUDY OF UNDERREPRESENTED CLASSES CHASING ENGINEERING AND SCIENCE SUCCESS ACT OF 2018; Congressional Record Vol. 164, No. 158",https://www.congress.gov/congressional-record/volume-164/issue-158/house-section/article/H8815-1,9/25/18,House,164,158,H8815
"PUBLIC BILLS AND RESOLUTIONS; Congressional Record Vol. 171, No. 65",https://www.congress.gov/congressional-record/volume-171/issue-65/house-section/article/H1595-5,4/10/25,House,171,65,H1595
"ISSUES OF THE DAY; Congressional Record Vol. 165, No. 59",https://www.congress.gov/congressional-record/volume-165/issue-59/house-section/article/H3093-1,4/4/19,House,165,59,H3093
"STATEMENTS ON INTRODUCED BILLS AND JOINT RESOLUTION; Congressional Record Vol. 167, No. 140",https://www.congress.gov/congressional-record/volume-167/issue-140/senate-section/article/S5935-1,8/5/21,Senate,167,140,S5935
"Nomination of Ketanji Brown Jackson (Executive Session); Congressional Record Vol. 168, No. 62",https://www.congress.gov/congressional-record/volume-168/issue-62/senate-section/article/S2063-4,4/7/22,Senate,168,62,S2063
"PUBLIC BILLS AND RESOLUTIONS; Congressional Record Vol. 165, No. 62",https://www.congress.gov/congressional-record/volume-165/issue-62/house-section/article/H3251-1,4/10/19,House,165,62,H3251
"PRISON TO PROPRIETORSHIP FOR FORMERLY INCARCERATED ACT; Congressional Record Vol. 166, No. 4",https://www.congress.gov/congressional-record/volume-166/issue-4/house-section/article/H35-1,1/8/20,House,166,4,H35
"MEMORIALIZING THE HONORABLE JOHN LEWIS; Congressional Record Vol. 166, No. 129",https://www.congress.gov/congressional-record/volume-166/issue-129/house-section/article/H3678-1,7/22/20,House,166,129,H3678
"MIDDLE CLASS HEALTH BENEFITS TAX REPEAL ACT OF 2019; Congressional Record Vol. 165, No. 120",https://www.congress.gov/congressional-record/volume-165/issue-120/house-section/article/H5958-4,7/17/19,House,165,120,H5958
"WOMEN'S HEALTH PROTECTION ACT OF 2022; Congressional Record Vol. 168, No. 117",https://www.congress.gov/congressional-record/volume-168/issue-117/house-section/article/H6631-1,7/15/22,House,168,117,H6631
"ADOPTING THE RULES OF THE HOUSE OF REPRESENTATIVES FOR THE 116TH CONGRESS; Congressional Record Vol. 165, No. 1",https://www.congress.gov/congressional-record/volume-165/issue-1/house-section/article/H17-4,1/3/19,House,165,1,H17
"Daily Digest/House of Representatives; Congressional Record Vol. 167, No. 164",https://www.congress.gov/congressional-record/volume-167/issue-164/daily-digest/article/D1005-1,9/22/21,Daily Digest,167,164,D1005
"MOTION TO DISCHARGE; Congressional Record Vol. 168, No. 106",https://www.congress.gov/congressional-record/volume-168/issue-106/senate-section/article/S3053-1,6/22/22,Senate,168,106,S3053
"Nomination of Amy Coney Barrett (Executive Calendar); Congressional Record Vol. 166, No. 184",https://www.congress.gov/congressional-record/volume-166/issue-184/senate-section/article/S6471-1,10/25/20,Senate,166,184,S6471
"FREEDOM FOR HEALTH CARE WORKERS ACT; Congressional Record Vol. 169, No. 20",https://www.congress.gov/congressional-record/volume-169/issue-20/house-section/article/H539-1,1/31/23,House,169,20,H539
"NO TAXPAYER FUNDING FOR ABORTION AND ABORTION INSURANCE FULL DISCLOSURE ACT OF 2017; Congressional Record Vol. 163, No. 13",https://www.congress.gov/congressional-record/volume-163/issue-13/house-section/article/H633-3,1/24/17,House,163,13,H633
"TEXT OF AMENDMENTS; Congressional Record Vol. 166, No. 208",https://www.congress.gov/congressional-record/volume-166/issue-208/senate-section/article/S7332-1,12/9/20,Senate,166,208,S7332
"SENATE VOTE ON ACA REPEAL; Congressional Record Vol. 163, No. 125",https://www.congress.gov/congressional-record/volume-163/issue-125/extensions-of-remarks-section/article/E1049-5,7/25/17,Extensions of Remarks,163,125,E1049
"ADDITIONAL COSPONSORS; Congressional Record Vol. 172, No. 79",https://www.congress.gov/congressional-record/volume-172/issue-79/senate-section/article/S2200-4,5/11/26,Senate,172,79,S2200
"Text of Senate Amendment 5569; Congressional Record Vol. 168, No. 152",https://www.congress.gov/congressional-record/volume-168/issue-152/senate-section/article/S4937-2,9/21/22,Senate,168,152,S4937
"Text of Senate Amendment 4858; Congressional Record Vol. 167, No. 205",https://www.congress.gov/congressional-record/volume-167/issue-205/senate-section/article/S8793-3,11/29/21,Senate,167,205,S8793
"Text of Senate Amendment 4669; Congressional Record Vol. 167, No. 199",https://www.congress.gov/congressional-record/volume-167/issue-199/senate-section/article/S8249-1,11/16/21,Senate,167,199,S8249
"ADDITIONAL COSPONSORS; Congressional Record Vol. 167, No. 138",https://www.congress.gov/congressional-record/volume-167/issue-138/senate-section/article/S5716-4,8/3/21,Senate,167,138,S5716
"ADDITIONAL COSPONSORS; Congressional Record Vol. 165, No. 153",https://www.congress.gov/congressional-record/volume-165/issue-153/senate-section/article/S5629-1,9/23/19,Senate,165,153,S5629
"STATEMENTS ON INTRODUCED BILLS AND JOINT RESOLUTIONS; Congressional Record Vol. 165, No. 97",https://www.congress.gov/congressional-record/volume-165/issue-97/senate-section/article/S3322-1,6/11/19,Senate,165,97,S3322
"ISSUES OF THE DAY; Congressional Record Vol. 164, No. 153",https://www.congress.gov/congressional-record/volume-164/issue-153/house-section/article/H8256-1,9/13/18,House,164,153,H8256
"Text of Senate Amendment 6453; Congressional Record Vol. 172, No. 106",https://www.congress.gov/congressional-record/volume-172/issue-106/senate-section/article/S3578-2,6/24/26,Senate,172,106,S3578
"SENATE RESOLUTION 217--EXPRESSING THE SENSE OF THE SENATE THAT SECRETARY OF HEALTH AND HUMAN SERVICES ROBERT FITZGERALD KENNEDY JR.; Congressional Record Vol. 171, No. 79",https://www.congress.gov/congressional-record/volume-171/issue-79/senate-section/article/S2865-2,5/12/25,Senate,171,79,S2865
"MESSAGES FROM THE HOUSE; Congressional Record Vol. 168, No. 200",https://www.congress.gov/congressional-record/volume-168/issue-200/senate-section/article/S10090-1,12/22/22,Senate,168,200,S10090
"Text of Senate Amendment 6140; Congressional Record Vol. 168, No. 158",https://www.congress.gov/congressional-record/volume-168/issue-158/senate-section/article/S5684-1,9/29/22,Senate,168,158,S5684
"ADDITIONAL COSPONSORS; Congressional Record Vol. 168, No. 43",https://www.congress.gov/congressional-record/volume-168/issue-43/senate-section/article/S1119-2,3/10/22,Senate,168,43,S1119
"Judicial Nominations (Executive Calendar); Congressional Record Vol. 167, No. 218",https://www.congress.gov/congressional-record/volume-167/issue-218/senate-section/article/S9284-1,12/17/21,Senate,167,218,S9284
"ARMS SALES NOTIFICATION; Congressional Record Vol. 166, No. 212",https://www.congress.gov/congressional-record/volume-166/issue-212/senate-section/article/S7496-2,12/15/20,Senate,166,212,S7496
"ADDITIONAL COSPONSORS; Congressional Record Vol. 166, No. 117",https://www.congress.gov/congressional-record/volume-166/issue-117/senate-section/article/S3312-1,6/25/20,Senate,166,117,S3312
"ADDITIONAL COSPONSORS; Congressional Record Vol. 165, No. 106",https://www.congress.gov/congressional-record/volume-165/issue-106/senate-section/article/S4456-2,6/24/19,Senate,165,106,S4456
"ADDITIONAL COSPONSORS; Congressional Record Vol. 165, No. 80",https://www.congress.gov/congressional-record/volume-165/issue-80/senate-section/article/S2816-2,5/14/19,Senate,165,80,S2816
"Welfare-to-Work Programs (Executive Session); Congressional Record Vol. 165, No. 45",https://www.congress.gov/congressional-record/volume-165/issue-45/senate-section/article/S1817-1,3/13/19,Senate,165,45,S1817
"A TIME TO LOOK FORWARD; Congressional Record Vol. 163, No. 1",https://www.congress.gov/congressional-record/volume-163/issue-1/senate-section/article/S7-5,1/3/17,Senate,163,1,S7
"Text of Senate Amendment 4779; Congressional Record Vol. 172, No. 56",https://www.congress.gov/congressional-record/volume-172/issue-56/senate-section/article/S1620-2,3/25/26,Senate,172,56,S1620
"PUBLIC BILLS AND RESOLUTIONS; Congressional Record Vol. 169, No. 81",https://www.congress.gov/congressional-record/volume-169/issue-81/house-section/article/H2342-2,5/15/23,House,169,81,H2342
"PUBLIC BILLS AND RESOLUTIONS; Congressional Record Vol. 171, No. 86",https://www.congress.gov/congressional-record/volume-171/issue-86/house-section/article/H2359-3,5/21/25,House,171,86,H2359
"NORTH KOREAN HUMAN RIGHTS REAUTHORIZATION ACT OF 2023; Congressional Record Vol. 170, No. 172",https://www.congress.gov/congressional-record/volume-170/issue-172/house-section/article/H6121-2,11/20/24,House,170,172,H6121
"PUBLIC BILLS AND RESOLUTIONS; Congressional Record Vol. 170, No. 142",https://www.congress.gov/congressional-record/volume-170/issue-142/house-section/article/H5228-1,9/12/24,House,170,142,H5228
"PUBLIC BILLS AND RESOLUTIONS; Congressional Record Vol. 170, No. 19",https://www.congress.gov/congressional-record/volume-170/issue-19/house-section/article/H386-1,2/1/24,House,170,19,H386
"ASKING FOR SUPPORT FOR ENES KANTER FREEDOM; Congressional Record Vol. 169, No. 69",https://www.congress.gov/congressional-record/volume-169/issue-69/house-section/article/H1935-6,4/25/23,House,169,69,H1935
"PUBLIC BILLS AND RESOLUTIONS; Congressional Record Vol. 168, No. 127",https://www.congress.gov/congressional-record/volume-168/issue-127/house-section/article/H7537-2,7/29/22,House,168,127,H7537
"SMALL BUSINESS DEVELOPMENT CENTERS IMPROVEMENT ACT OF 2022; Congressional Record Vol. 168, No. 68",https://www.congress.gov/congressional-record/volume-168/issue-68/house-section/article/H4463-2,4/26/22,House,168,68,H4463
"HONORING MICHELLE ALLMAN; Congressional Record Vol. 167, No. 103",https://www.congress.gov/congressional-record/volume-167/issue-103/house-section/article/H2741-1,6/14/21,House,167,103,H2741
"HONORING WOMEN'S HISTORY MONTH; Congressional Record Vol. 167, No. 50",https://www.congress.gov/congressional-record/volume-167/issue-50/house-section/article/H1494-1,3/17/21,House,167,50,H1494
"HONORING HOMETOWN HEROES; Congressional Record Vol. 167, No. 36",https://www.congress.gov/congressional-record/volume-167/issue-36/house-section/article/H714-1,2/25/21,House,167,36,H714
"COMBAT ONLINE PREDATORS ACT; Congressional Record Vol. 166, No. 207",https://www.congress.gov/congressional-record/volume-166/issue-207/house-section/article/H7011-1,12/8/20,House,166,207,H7011
"PUBLIC BILLS AND RESOLUTIONS; Congressional Record Vol. 165, No. 108",https://www.congress.gov/congressional-record/volume-165/issue-108/house-section/article/H5199-2,6/26/19,House,165,108,H5199
"PUBLIC BILLS AND RESOLUTIONS; Congressional Record Vol. 165, No. 107",https://www.congress.gov/congressional-record/volume-165/issue-107/house-section/article/H5165-1,6/25/19,House,165,107,H5165
"SYNTHETIC DRUG AWARENESS ACT OF 2018; Congressional Record Vol. 164, No. 97",https://www.congress.gov/congressional-record/volume-164/issue-97/house-section/article/H5029-4,6/12/18,House,164,97,H5029
"STOPPING ABUSIVE FEMALE EXPLOITATION ACT OF 2017; Congressional Record Vol. 163, No. 198",https://www.congress.gov/congressional-record/volume-163/issue-198/house-section/article/H9637-1,12/5/17,House,163,198,H9637
"DEPARTMENT OF HOMELAND SECURITY BLUE CAMPAIGN AUTHORIZATION ACT OF 2017; Congressional Record Vol. 163, No. 89",https://www.congress.gov/congressional-record/volume-163/issue-89/house-section/article/H4480-2,5/23/17,House,163,89,H4480
"LEGISLATIVE SESSION; Congressional Record Vol. 172, No. 19",https://www.congress.gov/congressional-record/volume-172/issue-19/senate-section/article/S281-6,1/27/26,Senate,172,19,S281
"HONORING JOHN LEWIS; Congressional Record Vol. 171, No. 120",https://www.congress.gov/congressional-record/volume-171/issue-120/house-section/article/H3235-2,7/14/25,House,171,120,H3235
"CBC/SOCIAL JUSTICE MOVEMENTS; Congressional Record Vol. 163, No. 34",https://www.congress.gov/congressional-record/volume-163/issue-34/house-section/article/H1344-1,2/27/17,House,163,34,H1344
"JOHN R. LEWIS POST OFFICE BUILDING; Congressional Record Vol. 168, No. 20",https://www.congress.gov/congressional-record/volume-168/issue-20/house-section/article/H312-5,2/1/22,House,168,20,H312
"PROVIDING FOR CONSIDERATION OF H.R. 734, PROTECTION OF WOMEN AND GIRLS IN SPORTS ACT OF 2023, AND PROVIDING FOR CONSIDERATION OF H.J. RES. 42, DISAPPROVING THE ACTION OF THE DISTRICT OF COLUMBIA...; Congressional Record Vol. 169, No. 64",https://www.congress.gov/congressional-record/volume-169/issue-64/house-section/article/H1772-4,4/18/23,House,169,64,H1772
"PROVIDING FOR CONSIDERATION OF H.R. 3697, CRIMINAL ALIEN GANG MEMBER REMOVAL ACT, AND PROVIDING FOR PROCEEDINGS DURING THE PERIOD FROM SEPTEMBER 15, 2017, THROUGH SEPTEMBER 22, 2017.; Congressional Record Vol. 163, No. 148",https://www.congress.gov/congressional-record/volume-163/issue-148/house-section/article/H7325-1,9/13/17,House,163,148,H7325
"TEXT OF AMENDMENTS; Congressional Record Vol. 167, No. 191",https://www.congress.gov/congressional-record/volume-167/issue-191/senate-section/article/S7542-1,11/1/21,Senate,167,191,S7542
"PROTECTING THE RIGHT TO ORGANIZE ACT OF 2021; Congressional Record Vol. 167, No. 44",https://www.congress.gov/congressional-record/volume-167/issue-44/house-section/article/H1134-2,3/9/21,House,167,44,H1134
"Daily Digest/House of Representatives; Congressional Record Vol. 165, No. 99",https://www.congress.gov/congressional-record/volume-165/issue-99/daily-digest/article/D671-1,6/13/19,Daily Digest,165,99,D671
"HONORING OUR PROMISE TO ADDRESS COMPREHENSIVE TOXICS ACT OF 2021; Congressional Record Vol. 168, No. 38",https://www.congress.gov/congressional-record/volume-168/issue-38/house-section/article/H1219-3,3/2/22,House,168,38,H1219
"Text of Senate Amendment 4536; Congressional Record Vol. 172, No. 49",https://www.congress.gov/congressional-record/volume-172/issue-49/senate-section/article/S1263-1,3/18/26,Senate,172,49,S1263
"TEXT OF AMENDMENTS; Congressional Record Vol. 171, No. 151",https://www.congress.gov/congressional-record/volume-171/issue-151/senate-section/article/S6654-1,9/16/25,Senate,171,151,S6654
"ADDITIONAL COSPONSORS; Congressional Record Vol. 170, No. 121",https://www.congress.gov/congressional-record/volume-170/issue-121/senate-section/article/S5512-1,7/25/24,Senate,170,121,S5512
"ADDITIONAL COSPONSORS; Congressional Record Vol. 169, No. 118",https://www.congress.gov/congressional-record/volume-169/issue-118/senate-section/article/S2311-2,7/11/23,Senate,169,118,S2311
"Text of Senate Amendment 4779; Congressional Record Vol. 167, No. 200",https://www.congress.gov/congressional-record/volume-167/issue-200/senate-section/article/S8390-1,11/17/21,Senate,167,200,S8390
"ADDITIONAL COSPONSORS; Congressional Record Vol. 166, No. 122",https://www.congress.gov/congressional-record/volume-166/issue-122/senate-section/article/S4222-2,7/2/20,Senate,166,122,S4222
"ADDITIONAL COSPONSORS; Congressional Record Vol. 165, No. 79",https://www.congress.gov/congressional-record/volume-165/issue-79/senate-section/article/S2787-2,5/13/19,Senate,165,79,S2787
"ADDITIONAL COSPONSORS; Congressional Record Vol. 165, No. 74",https://www.congress.gov/congressional-record/volume-165/issue-74/senate-section/article/S2646-2,5/6/19,Senate,165,74,S2646
"Healthcare (Executive Calendar); Congressional Record Vol. 164, No. 168",https://www.congress.gov/congressional-record/volume-164/issue-168/senate-section/article/S6755-1,10/10/18,Senate,164,168,S6755
"FOCUSING ON PRIORITY ISSUES; Congressional Record Vol. 170, No. 147",https://www.congress.gov/congressional-record/volume-170/issue-147/house-section/article/H5554-1,9/20/24,House,170,147,H5554
"Public Bills and Resolutions; Congressional Record Vol. 169, No. 181",https://www.congress.gov/congressional-record/volume-169/issue-181/house-section/article/H5361-2,11/2/23,House,169,181,H5361
"PUBLIC BILLS AND RESOLUTIONS; Congressional Record Vol. 169, No. 47",https://www.congress.gov/congressional-record/volume-169/issue-47/house-section/article/H1284-5,3/14/23,House,169,47,H1284
"PUBLIC BILLS AND RESOLUTIONS; Congressional Record Vol. 168, No. 57",https://www.congress.gov/congressional-record/volume-168/issue-57/house-section/article/H4071-4,3/31/22,House,168,57,H4071
"LEGISLATIVE PROGRAM; Congressional Record Vol. 165, No. 59",https://www.congress.gov/congressional-record/volume-165/issue-59/house-section/article/H3088-3,4/4/19,House,165,59,H3088
"FIVE PILLARS OF WHAT WE BELIEVE SAVES US; Congressional Record Vol. 165, No. 40",https://www.congress.gov/congressional-record/volume-165/issue-40/house-section/article/H2500-1,3/6/19,House,165,40,H2500
"Introductory Statement on S. 3482; Congressional Record Vol. 171, No. 211",https://www.congress.gov/congressional-record/volume-171/issue-211/senate-section/article/S8732-1,12/15/25,Senate,171,211,S8732
"Text of Senate Amendment 3150; Congressional Record Vol. 171, No. 131",https://www.congress.gov/congressional-record/volume-171/issue-131/senate-section/article/S4925-2,7/30/25,Senate,171,131,S4925
"PETITIONS AND MEMORIALS; Congressional Record Vol. 170, No. 119",https://www.congress.gov/congressional-record/volume-170/issue-119/senate-section/article/S5188-1,7/23/24,Senate,170,119,S5188
"Text of Senate Amendment 2133; Congressional Record Vol. 170, No. 114",https://www.congress.gov/congressional-record/volume-170/issue-114/senate-section/article/S4375-3,7/10/24,Senate,170,114,S4375
"Introductory Statement on S. 1251; Congressional Record Vol. 169, No. 66",https://www.congress.gov/congressional-record/volume-169/issue-66/senate-section/article/S1298-1,4/20/23,Senate,169,66,S1298
"Introductory Statement on S. 1014; Congressional Record Vol. 167, No. 56",https://www.congress.gov/congressional-record/volume-167/issue-56/senate-section/article/S1820-1,3/25/21,Senate,167,56,S1820
"STATEMENTS ON INTRODUCED BILLS AND JOINT RESOLUTION; Congressional Record Vol. 167, No. 55",https://www.congress.gov/congressional-record/volume-167/issue-55/senate-section/article/S1768-1,3/24/21,Senate,167,55,S1768
"ADDITIONAL COSPONSORS; Congressional Record Vol. 170, No. 60",https://www.congress.gov/congressional-record/volume-170/issue-60/senate-section/article/S2666-4,4/9/24,Senate,170,60,S2666
"Text of Senate Amendment 4126; Congressional Record Vol. 164, No. 198",https://www.congress.gov/congressional-record/volume-164/issue-198/senate-section/article/S7668-3,12/17/18,Senate,164,198,S7668
"Text of Senate Amendment 2329; Congressional Record Vol. 164, No. 93",https://www.congress.gov/congressional-record/volume-164/issue-93/senate-section/article/S3242-3,6/6/18,Senate,164,93,S3242
"PROVIDING FOR CONSIDERATION OF H.R. 3838, STREAMLINING PROCUREMENT FOR EFFECTIVE EXECUTION AND DELIVERY AND NATIONAL DEFENSE AUTHORIZATION ACT FOR FISCAL YEAR 2026; AND PROVIDING FOR CONSIDERATION...; Congressional Record Vol. 171, No. 147",https://www.congress.gov/congressional-record/volume-171/issue-147/house-section/article/H3907-2,9/9/25,House,171,147,H3907
"IMPROVING LAW ENFORCEMENT OFFICER SAFETY AND WELLNESS THROUGH DATA ACT; Congressional Record Vol. 171, No. 82",https://www.congress.gov/congressional-record/volume-171/issue-82/house-section/article/H2071-2,5/15/25,House,171,82,H2071
"RAISING AWARENESS OF MARINES UNITED OFFENSIVE FACEBOOK PAGE; Congressional Record Vol. 163, No. 75",https://www.congress.gov/congressional-record/volume-163/issue-75/house-section/article/H3052-5,5/2/17,House,163,75,H3052
"PUBLIC BILLS AND RESOLUTIONS; Congressional Record Vol. 171, No. 71",https://www.congress.gov/congressional-record/volume-171/issue-71/house-section/article/H1725-2,4/29/25,House,171,71,H1725
"ADVOCATING FOR PROGRESSIVE POLICIES FOR OUR VETERANS; Congressional Record Vol. 170, No. 168",https://www.congress.gov/congressional-record/volume-170/issue-168/house-section/article/H6003-1,11/14/24,House,170,168,H6003
"VETERAN ENTREPRENEURSHIP TRAINING ACT OF 2023; Congressional Record Vol. 169, No. 107",https://www.congress.gov/congressional-record/volume-169/issue-107/house-section/article/H2973-1,6/20/23,House,169,107,H2973
"HISPANIC HERITAGE MONTH: VALLEY LUCHADORES; Congressional Record Vol. 168, No. 158",https://www.congress.gov/congressional-record/volume-168/issue-158/house-section/article/H8297-1,9/29/22,House,168,158,H8297
"TARGETING RESOURCES TO COMMUNITIES IN NEED ACT OF 2022; Congressional Record Vol. 168, No. 84",https://www.congress.gov/congressional-record/volume-168/issue-84/house-section/article/H5087-2,5/17/22,House,168,84,H5087
"VETERAN ENTREPRENEURSHIP TRAINING ACT OF 2021; Congressional Record Vol. 167, No. 192",https://www.congress.gov/congressional-record/volume-167/issue-192/house-section/article/H6084-6,11/2/21,House,167,192,H6084
"VETERAN ENTREPRENEURSHIP TRAINING ACT OF 2019; Congressional Record Vol. 165, No. 181",https://www.congress.gov/congressional-record/volume-165/issue-181/house-section/article/H8797-1,11/13/19,House,165,181,H8797
"FIVE PILLARS OF WHAT WE BELIEVE SAVES US; Congressional Record Vol. 165, No. 35",https://www.congress.gov/congressional-record/volume-165/issue-35/house-section/article/H2229-1,2/26/19,House,165,35,H2229
"ISSUES OF THE DAY; Congressional Record Vol. 164, No. 76",https://www.congress.gov/congressional-record/volume-164/issue-76/house-section/article/H3924-1,5/10/18,House,164,76,H3924
"PUBLIC BILLS AND RESOLUTIONS; Congressional Record Vol. 163, No. 85",https://www.congress.gov/congressional-record/volume-163/issue-85/house-section/article/H4309-1,5/17/17,House,163,85,H4309
"Nomination of Vanita Gupta (Executive Session); Congressional Record Vol. 167, No. 65",https://www.congress.gov/congressional-record/volume-167/issue-65/senate-section/article/S1967-1,4/15/21,Senate,167,65,S1967
"SELF-INFLICTED CRISES OF THE BIDEN ADMINISTRATION; Congressional Record Vol. 167, No. 200",https://www.congress.gov/congressional-record/volume-167/issue-200/house-section/article/H6350-2,11/17/21,House,167,200,H6350
"REJECTING WHITE NATIONALISM AND WHITE SUPREMACY; Congressional Record Vol. 165, No. 8",https://www.congress.gov/congressional-record/volume-165/issue-8/house-section/article/H572-1,1/15/19,House,165,8,H572
"PROVIDING FOR CONSIDERATION OF H.R. 1343, ENCOURAGING EMPLOYEE OWNERSHIP ACT of 2017; Congressional Record Vol. 163, No. 58",https://www.congress.gov/congressional-record/volume-163/issue-58/house-section/article/H2641-4,4/4/17,House,163,58,H2641
"TEXT OF AMENDMENTS; Congressional Record Vol. 172, No. 56",https://www.congress.gov/congressional-record/volume-172/issue-56/senate-section/article/S1620-1,3/25/26,Senate,172,56,S1620
"DIRECTING THE CLERK OF THE HOUSE TO MAKE A CORRECTION IN THE ENROLLMENT OF H.R. 2423; Congressional Record Vol. 165, No. 182",https://www.congress.gov/congressional-record/volume-165/issue-182/senate-section/article/S6586-1,11/14/19,Senate,165,182,S6586
"PROVIDING FOR CONSIDERATION OF THE SENATE AMENDMENT TO HOUSE AMENDMENT TO SENATE AMENDMENT TO H.R. 2617, AGRICULTURE, RURAL DEVELOPMENT, FOOD AND DRUG ADMINISTRATION, AND RELATED AGENCIES...; Congressional Record Vol. 168, No. 201",https://www.congress.gov/congressional-record/volume-168/issue-201/house-section/article/H10063-7,12/23/22,House,168,201,H10063
"ECONOMIC GROWTH, REGULATORY RELIEF, AND CONSUMER PROTECTION ACT; Congressional Record Vol. 164, No. 41",https://www.congress.gov/congressional-record/volume-164/issue-41/senate-section/article/S1529-7,3/8/18,Senate,164,41,S1529
"TEXT OF AMENDMENTS; Congressional Record Vol. 164, No. 200",https://www.congress.gov/congressional-record/volume-164/issue-200/senate-section/article/S7933-4,12/19/18,Senate,164,200,S7933
"BORN-ALIVE ABORTION SURVIVORS PROTECTION ACT; Congressional Record Vol. 169, No. 9",https://www.congress.gov/congressional-record/volume-169/issue-9/house-section/article/H178-1,1/11/23,House,169,9,H178
"STRONGER CHILD ABUSE PREVENTION AND TREATMENT ACT; Congressional Record Vol. 167, No. 49",https://www.congress.gov/congressional-record/volume-167/issue-49/house-section/article/H1376-1,3/16/21,House,167,49,H1376
"FOR THE PEOPLE ACT OF 2021; Congressional Record Vol. 167, No. 40",https://www.congress.gov/congressional-record/volume-167/issue-40/house-section/article/H1023-2,3/3/21,House,167,40,H1023
"WOMEN'S HEALTH PROTECTION ACT OF 2021; Congressional Record Vol. 167, No. 166",https://www.congress.gov/congressional-record/volume-167/issue-166/house-section/article/H5139-4,9/24/21,House,167,166,H5139
"Daily Digest/CONGRESSIONAL PROGRAM AHEAD; Congressional Record Vol. 167, No. 71",https://www.congress.gov/congressional-record/volume-167/issue-71/daily-digest/article/D425-1,4/26/21,Daily Digest,167,71,D425
"TEXT OF AMENDMENTS; Congressional Record Vol. 165, No. 98",https://www.congress.gov/congressional-record/volume-165/issue-98/senate-section/article/S3371-1,6/12/19,Senate,165,98,S3371
"REFLECTIONS ON THE 115TH CONGRESS; Congressional Record Vol. 164, No. 208",https://www.congress.gov/congressional-record/volume-164/issue-208/extensions-of-remarks-section/article/E1748-4,1/3/19,Extensions of Remarks,164,208,E1748
"Text of Senate Amendment 6513; Congressional Record Vol. 172, No. 106",https://www.congress.gov/congressional-record/volume-172/issue-106/senate-section/article/S3625-1,6/24/26,Senate,172,106,S3625
"Children and Teen's Online Privacy Protection Act (Executive Calendar); Congressional Record Vol. 170, No. 35",https://www.congress.gov/congressional-record/volume-170/issue-35/senate-section/article/S999-1,2/27/24,Senate,170,35,S999
"Biden Administration (Executive Session); Congressional Record Vol. 168, No. 152",https://www.congress.gov/congressional-record/volume-168/issue-152/senate-section/article/S4885-1,9/21/22,Senate,168,152,S4885
"TEXT OF AMENDMENTS; Congressional Record Vol. 167, No. 98",https://www.congress.gov/congressional-record/volume-167/issue-98/senate-section/article/S3960-2,6/7/21,Senate,167,98,S3960
"ADDITIONAL COSPONSORS; Congressional Record Vol. 167, No. 93",https://www.congress.gov/congressional-record/volume-167/issue-93/senate-section/article/S3895-1,5/27/21,Senate,167,93,S3895
"PUBLIC BILLS AND RESOLUTIONS; Congressional Record Vol. 171, No. 158",https://www.congress.gov/congressional-record/volume-171/issue-158/house-section/article/H4499-4,9/26/25,House,171,158,H4499
"PUBLIC BILLS AND RESOLUTIONS; Congressional Record Vol. 171, No. 96",https://www.congress.gov/congressional-record/volume-171/issue-96/house-section/article/H2504-4,6/5/25,House,171,96,H2504
"PUBLIC BILLS AND RESOLUTIONS; Congressional Record Vol. 169, No. 128",https://www.congress.gov/congressional-record/volume-169/issue-128/house-section/article/H3948-2,7/25/23,House,169,128,H3948
"PUBLIC BILLS AND RESOLUTIONS; Congressional Record Vol. 169, No. 99",https://www.congress.gov/congressional-record/volume-169/issue-99/house-section/article/H2777-2,6/7/23,House,169,99,H2777
"PUBLIC BILLS AND RESOLUTIONS; Congressional Record Vol. 167, No. 75",https://www.congress.gov/congressional-record/volume-167/issue-75/house-section/article/H2132-4,4/30/21,House,167,75,H2132
"FITNESS INFORMATION TRANSPARENCY ACT OF 2018; Congressional Record Vol. 164, No. 146",https://www.congress.gov/congressional-record/volume-164/issue-146/house-section/article/H7799-1,9/4/18,House,164,146,H7799
"LEGISLATIVE SESSION; Congressional Record Vol. 171, No. 42",https://www.congress.gov/congressional-record/volume-171/issue-42/senate-section/article/S1503-6,3/5/25,Senate,171,42,S1503
"TRIBUTE TO DEPARTING SENATORS; Congressional Record Vol. 166, No. 217",https://www.congress.gov/congressional-record/volume-166/issue-217/senate-section/article/S7873-4,12/20/20,Senate,166,217,S7873
"Nomination of Stephen Moore (Executive Session); Congressional Record Vol. 165, No. 71",https://www.congress.gov/congressional-record/volume-165/issue-71/senate-section/article/S2538-1,5/1/19,Senate,165,71,S2538
"STATEMENTS ON INTRODUCED BILLS AND JOINT RESOLUTIONS; Congressional Record Vol. 164, No. 169",https://www.congress.gov/congressional-record/volume-164/issue-169/senate-section/article/S6818-1,10/11/18,Senate,164,169,S6818
"Introductory Statement on S. 3263; Congressional Record Vol. 164, No. 125",https://www.congress.gov/congressional-record/volume-164/issue-125/senate-section/article/S5363-2,7/25/18,Senate,164,125,S5363
"PUBLIC BILLS AND RESOLUTIONS; Congressional Record Vol. 171, No. 80",https://www.congress.gov/congressional-record/volume-171/issue-80/house-section/article/H1998-4,5/13/25,House,171,80,H1998
"PROTECTION OF WOMEN AND GIRLS IN SPORTS ACT OF 2023; Congressional Record Vol. 169, No. 66",https://www.congress.gov/congressional-record/volume-169/issue-66/house-section/article/H1890-6,4/20/23,House,169,66,H1890
"PUBLIC BILLS AND RESOLUTIONS; Congressional Record Vol. 167, No. 64",https://www.congress.gov/congressional-record/volume-167/issue-64/house-section/article/H1788-1,4/14/21,House,167,64,H1788
"THE MATH IS ALWAYS THE MATH; Congressional Record Vol. 166, No. 4",https://www.congress.gov/congressional-record/volume-166/issue-4/house-section/article/H53-6,1/8/20,House,166,4,H53
"SMALL BUSINESS DEVELOPMENT CENTERS IMPROVEMENT ACT OF 2019; Congressional Record Vol. 165, No. 166",https://www.congress.gov/congressional-record/volume-165/issue-166/house-section/article/H8266-3,10/21/19,House,165,166,H8266
"PUBLIC BILLS AND RESOLUTIONS; Congressional Record Vol. 165, No. 124",https://www.congress.gov/congressional-record/volume-165/issue-124/house-section/article/H7239-2,7/23/19,House,165,124,H7239
"PUBLICATION OF COMMITTEE RULES; Congressional Record Vol. 163, No. 15",https://www.congress.gov/congressional-record/volume-163/issue-15/house-section/article/H733-2,1/30/17,House,163,15,H733
"Daily Digest/House of Representatives; Congressional Record Vol. 166, No. 127",https://www.congress.gov/congressional-record/volume-166/issue-127/daily-digest/article/D598-1,7/20/20,Daily Digest,166,127,D598
"TEXT OF AMENDMENTS; Congressional Record Vol. 164, No. 39",https://www.congress.gov/congressional-record/volume-164/issue-39/senate-section/article/S1381-1,3/6/18,Senate,164,39,S1381
"CONFERENCE REPORT ON H.R. 2670, NATIONAL DEFENSE AUTHORIZATION ACT FOR FISCAL YEAR 2024; Congressional Record Vol. 169, No. 206",https://www.congress.gov/congressional-record/volume-169/issue-206/house-section/article/H6947-3,12/14/23,House,169,206,H6947
"Climate Change (Executive Calendar); Congressional Record Vol. 165, No. 93",https://www.congress.gov/congressional-record/volume-165/issue-93/senate-section/article/S3187-1,6/4/19,Senate,165,93,S3187
"Daily Digest/House of Representatives; Congressional Record Vol. 169, No. 185",https://www.congress.gov/congressional-record/volume-169/issue-185/daily-digest/article/D1153-1,11/8/23,Daily Digest,169,185,D1153
"LEGISLATIVE SESSION; Congressional Record Vol. 171, No. 122",https://www.congress.gov/congressional-record/volume-171/issue-122/senate-section/article/S4381-6,7/16/25,Senate,171,122,S4381
"Text of Senate Amendment 6255; Congressional Record Vol. 172, No. 106",https://www.congress.gov/congressional-record/volume-172/issue-106/senate-section/article/S3414-1,6/24/26,Senate,172,106,S3414
"PETITIONS AND MEMORIALS; Congressional Record Vol. 170, No. 190",https://www.congress.gov/congressional-record/volume-170/issue-190/senate-section/article/S7329-1,12/20/24,Senate,170,190,S7329
"ADDITIONAL COSPONSORS; Congressional Record Vol. 166, No. 140",https://www.congress.gov/congressional-record/volume-166/issue-140/senate-section/article/S5271-2,8/6/20,Senate,166,140,S5271
"ADDITIONAL COSPONSORS; Congressional Record Vol. 166, No. 127",https://www.congress.gov/congressional-record/volume-166/issue-127/senate-section/article/S4264-2,7/20/20,Senate,166,127,S4264
"FAMILY INTERNMENT; Congressional Record Vol. 164, No. 130",https://www.congress.gov/congressional-record/volume-164/issue-130/senate-section/article/S5561-2,8/1/18,Senate,164,130,S5561
"OUR NATIONAL DEBT CRISIS; Congressional Record Vol. 169, No. 128",https://www.congress.gov/congressional-record/volume-169/issue-128/house-section/article/H3944-1,7/25/23,House,169,128,H3944
"PUBLIC BILLS AND RESOLUTIONS; Congressional Record Vol. 169, No. 102",https://www.congress.gov/congressional-record/volume-169/issue-102/house-section/article/H2806-5,6/12/23,House,169,102,H2806
"SCORE FOR SMALL BUSINESS ACT OF 2022; Congressional Record Vol. 168, No. 68",https://www.congress.gov/congressional-record/volume-168/issue-68/house-section/article/H4470-1,4/26/22,House,168,68,H4470
"PUBLIC BILLS AND RESOLUTIONS; Congressional Record Vol. 165, No. 94",https://www.congress.gov/congressional-record/volume-165/issue-94/house-section/article/H4341-2,6/5/19,House,165,94,H4341
"PUBLIC BILLS AND RESOLUTIONS; Congressional Record Vol. 164, No. 109",https://www.congress.gov/congressional-record/volume-164/issue-109/house-section/article/H5973-2,6/28/18,House,164,109,H5973
"ISSUES OF THE DAY; Congressional Record Vol. 163, No. 119",https://www.congress.gov/congressional-record/volume-163/issue-119/house-section/article/H5880-1,7/14/17,House,163,119,H5880
"ELIMINATE USELESS REPORTS ACT OF 2024--Continued; Congressional Record Vol. 170, No. 121",https://www.congress.gov/congressional-record/volume-170/issue-121/senate-section/article/S5497-4,7/25/24,Senate,170,121,S5497
"Introductory Statement on S. 3720; Congressional Record Vol. 168, No. 37",https://www.congress.gov/congressional-record/volume-168/issue-37/senate-section/article/S877-1,3/1/22,Senate,168,37,S877
"STATEMENTS ON INTRODUCED BILLS AND JOINT RESOLUTIONS; Congressional Record Vol. 164, No. 64",https://www.congress.gov/congressional-record/volume-164/issue-64/senate-section/article/S2323-1,4/19/18,Senate,164,64,S2323
"EXECUTIVE CALENDAR; Congressional Record Vol. 163, No. 36",https://www.congress.gov/congressional-record/volume-163/issue-36/senate-section/article/S1513-2,3/1/17,Senate,163,36,S1513
"Text of Senate Amendment 2424; Congressional Record Vol. 170, No. 115",https://www.congress.gov/congressional-record/volume-170/issue-115/senate-section/article/S4746-1,7/11/24,Senate,170,115,S4746
"ADDITIONAL COSPONSORS; Congressional Record Vol. 169, No. 130",https://www.congress.gov/congressional-record/volume-169/issue-130/senate-section/article/S3758-1,7/27/23,Senate,169,130,S3758
"Text of Senate Amendment 559; Congressional Record Vol. 169, No. 120",https://www.congress.gov/congressional-record/volume-169/issue-120/senate-section/article/S2687-1,7/13/23,Senate,169,120,S2687
"TEXT OF AMENDMENTS; Congressional Record Vol. 168, No. 100",https://www.congress.gov/congressional-record/volume-168/issue-100/senate-section/article/S2912-5,6/13/22,Senate,168,100,S2912
"Abortion (Executive Session); Congressional Record Vol. 168, No. 78",https://www.congress.gov/congressional-record/volume-168/issue-78/senate-section/article/S2389-1,5/10/22,Senate,168,78,S2389
"EXECUTIVE CALENDAR; Congressional Record Vol. 166, No. 159",https://www.congress.gov/congressional-record/volume-166/issue-159/senate-section/article/S5589-4,9/15/20,Senate,166,159,S5589
"VERMONT STATE OF THE UNION ESSAY FINALISTS; Congressional Record Vol. 165, No. 19",https://www.congress.gov/congressional-record/volume-165/issue-19/senate-section/article/S766-3,1/30/19,Senate,165,19,S766
"ELDER ABUSE PREVENTION AND PROSECUTION ACT; Congressional Record Vol. 163, No. 130",https://www.congress.gov/congressional-record/volume-163/issue-130/senate-section/article/S4681-4,8/1/17,Senate,163,130,S4681
"ISSUES RELATING TO REBUILDING THE STATE OF CALIFORNIA; Congressional Record Vol. 171, No. 24",https://www.congress.gov/congressional-record/volume-171/issue-24/house-section/article/H491-1,2/5/25,House,171,24,H491
"PROVIDING FOR CONSIDERATION OF H.R. 347, REDUCE EXACERBATED INFLATION NEGATIVELY IMPACTING THE NATION ACT, AND PROVIDING FOR CONSIDERATION OF H.J. RES. 30, PROVIDING FOR CONGRESSIONAL DISAPPROVAL...; Congressional Record Vol. 169, No. 38",https://www.congress.gov/congressional-record/volume-169/issue-38/house-section/article/H924-5,2/28/23,House,169,38,H924
"PUBLIC BILLS AND RESOLUTIONS; Congressional Record Vol. 167, No. 31",https://www.congress.gov/congressional-record/volume-167/issue-31/house-section/article/H529-1,2/18/21,House,167,31,H529
"FACING MENTAL HEALTH CHALLENGES DOESN'T MAKE YOU WEAK; Congressional Record Vol. 170, No. 85",https://www.congress.gov/congressional-record/volume-170/issue-85/house-section/article/H3318-1,5/16/24,House,170,85,H3318
"JENNIFER MORENO DEPARTMENT OF VETERANS AFFAIRS MEDICAL CENTER AND DESIGNATION HONORING KATHLEEN MAE BRUYERE; Congressional Record Vol. 167, No. 198",https://www.congress.gov/congressional-record/volume-167/issue-198/house-section/article/H6253-1,11/15/21,House,167,198,H6253
"PUBLIC BILLS AND RESOLUTIONS; Congressional Record Vol. 167, No. 156",https://www.congress.gov/congressional-record/volume-167/issue-156/house-section/article/H4514-4,9/10/21,House,167,156,H4514
"PUBLICATION OF COMMITTEE RULES; Congressional Record Vol. 167, No. 26",https://www.congress.gov/congressional-record/volume-167/issue-26/house-section/article/H492-3,2/11/21,House,167,26,H492
"GANDHI-KING SCHOLARLY EXCHANGE INITIATIVE ACT; Congressional Record Vol. 166, No. 204",https://www.congress.gov/congressional-record/volume-166/issue-204/house-section/article/H6079-1,12/3/20,House,166,204,H6079
"PUBLIC BILLS AND RESOLUTIONS; Congressional Record Vol. 165, No. 86",https://www.congress.gov/congressional-record/volume-165/issue-86/house-section/article/H4117-1,5/22/19,House,165,86,H4117
"PUBLICATION OF COMMITTEE RULES; Congressional Record Vol. 165, No. 19",https://www.congress.gov/congressional-record/volume-165/issue-19/house-section/article/H1328-1,1/30/19,House,165,19,H1328
"HONORING PULSE NIGHTCLUB VICTIMS IN ORLANDO; Congressional Record Vol. 163, No. 99",https://www.congress.gov/congressional-record/volume-163/issue-99/house-section/article/H4845-1,6/12/17,House,163,99,H4845
"Text of Senate Amendment 1499; Congressional Record Vol. 170, No. 24",https://www.congress.gov/congressional-record/volume-170/issue-24/senate-section/article/S697-1,2/9/24,Senate,170,24,S697
"PROVIDING FOR CONSIDERATION OF H.R. 4365, DEPARTMENT OF DEFENSE APPROPRIATIONS ACT, 2024; PROVIDING FOR CONSIDERATION OF H.R. 4367, DEPARTMENT OF HOMELAND SECURITY APPROPRIATIONS ACT, 2024...; Congressional Record Vol. 169, No. 156",https://www.congress.gov/congressional-record/volume-169/issue-156/house-section/article/H4480-1,9/26/23,House,169,156,H4480
"Daily Digest/House of Representatives; Congressional Record Vol. 165, No. 98",https://www.congress.gov/congressional-record/volume-165/issue-98/daily-digest/article/D657-1,6/12/19,Daily Digest,165,98,D657
"SENATE RESOLUTION 374--EXPRESSING THE SENSE OF THE SENATE THAT SECRETARY OF HEALTH AND HUMAN SERVICES ROBERT FITZGERALD KENNEDY JR.; Congressional Record Vol. 171, No. 145",https://www.congress.gov/congressional-record/volume-171/issue-145/senate-section/article/S6330-1,9/4/25,Senate,171,145,S6330
"INTRODUCTION OF BILLS AND JOINT RESOLUTIONS; Congressional Record Vol. 169, No. 84",https://www.congress.gov/congressional-record/volume-169/issue-84/senate-section/article/S1742-2,5/18/23,Senate,169,84,S1742
"Text of Senate Amendment 6164; Congressional Record Vol. 168, No. 158",https://www.congress.gov/congressional-record/volume-168/issue-158/senate-section/article/S5698-1,9/29/22,Senate,168,158,S5698
"Nomination of Ketanji Brown Jackson (Executive Calendar); Congressional Record Vol. 168, No. 61",https://www.congress.gov/congressional-record/volume-168/issue-61/senate-section/article/S2000-1,4/6/22,Senate,168,61,S2000
"Text of Senate Amendment 4798; Congressional Record Vol. 167, No. 201",https://www.congress.gov/congressional-record/volume-167/issue-201/senate-section/article/S8466-3,11/18/21,Senate,167,201,S8466
"INTRODUCTION OF BILLS AND JOINT RESOLUTIONS; Congressional Record Vol. 167, No. 93",https://www.congress.gov/congressional-record/volume-167/issue-93/senate-section/article/S3891-6,5/27/21,Senate,167,93,S3891
"PETITIONS AND MEMORIALS; Congressional Record Vol. 165, No. 114",https://www.congress.gov/congressional-record/volume-165/issue-114/senate-section/article/S4726-6,7/9/19,Senate,165,114,S4726
"Job Corps (Executive Calendar); Congressional Record Vol. 165, No. 93",https://www.congress.gov/congressional-record/volume-165/issue-93/senate-section/article/S3181-3,6/4/19,Senate,165,93,S3181
"Healthcare (Executive Session); Congressional Record Vol. 165, No. 86",https://www.congress.gov/congressional-record/volume-165/issue-86/senate-section/article/S3035-1,5/22/19,Senate,165,86,S3035
"PETITIONS AND MEMORIALS; Congressional Record Vol. 163, No. 123",https://www.congress.gov/congressional-record/volume-163/issue-123/senate-section/article/S4111-1,7/20/17,Senate,163,123,S4111
"STATEMENTS ON INTRODUCED BILLS AND JOINT RESOLUTIONS; Congressional Record Vol. 163, No. 58",https://www.congress.gov/congressional-record/volume-163/issue-58/senate-section/article/S2365-1,4/4/17,Senate,163,58,S2365
"STATEMENTS ON INTRODUCED BILLS AND JOINT RESOLUTIONS; Congressional Record Vol. 163, No. 35",https://www.congress.gov/congressional-record/volume-163/issue-35/senate-section/article/S1502-1,2/28/17,Senate,163,35,S1502
"THE FIRST 100 DAYS; Congressional Record Vol. 171, No. 72",https://www.congress.gov/congressional-record/volume-171/issue-72/house-section/article/H1764-3,4/30/25,House,171,72,H1764
"CELEBRATING MOTHERS; Congressional Record Vol. 170, No. 80",https://www.congress.gov/congressional-record/volume-170/issue-80/house-section/article/H2991-1,5/8/24,House,170,80,H2991
"ISSUES OF THE DAY; Congressional Record Vol. 170, No. 18",https://www.congress.gov/congressional-record/volume-170/issue-18/house-section/article/H359-7,1/31/24,House,170,18,H359
"PUBLIC BILLS AND RESOLUTIONS; Congressional Record Vol. 169, No. 153",https://www.congress.gov/congressional-record/volume-169/issue-153/house-section/article/H4454-2,9/21/23,House,169,153,H4454
"JOINT MEETING TO HEAR AN ADDRESS BY HIS EXCELLENCY ISAAC HERZOG, PRESIDENT OF THE STATE OF ISRAEL; Congressional Record Vol. 169, No. 124",https://www.congress.gov/congressional-record/volume-169/issue-124/house-section/article/H3703-7,7/19/23,House,169,124,H3703
"PUBLIC BILLS AND RESOLUTIONS; Congressional Record Vol. 169, No. 108",https://www.congress.gov/congressional-record/volume-169/issue-108/house-section/article/H3069-2,6/21/23,House,169,108,H3069
"HONORING REPRESENTATIVE DAVID N. CICILLINE; Congressional Record Vol. 169, No. 87",https://www.congress.gov/congressional-record/volume-169/issue-87/house-section/article/H2541-1,5/23/23,House,169,87,H2541
"PUBLIC BILLS AND RESOLUTIONS; Congressional Record Vol. 169, No. 13",https://www.congress.gov/congressional-record/volume-169/issue-13/house-section/article/H248-1,1/20/23,House,169,13,H248
"PUBLIC BILLS AND RESOLUTIONS; Congressional Record Vol. 167, No. 102",https://www.congress.gov/congressional-record/volume-167/issue-102/house-section/article/H2706-4,6/11/21,House,167,102,H2706
"PUBLIC BILLS AND RESOLUTIONS; Congressional Record Vol. 167, No. 68",https://www.congress.gov/congressional-record/volume-167/issue-68/house-section/article/H1996-2,4/20/21,House,167,68,H1996
"CENTENNIAL OF AMERICAN LEGION EARL GRAHAM POST 159; Congressional Record Vol. 166, No. 121",https://www.congress.gov/congressional-record/volume-166/issue-121/house-section/article/H3048-1,7/1/20,House,166,121,H3048
"SCORE FOR SMALL BUSINESS ACT OF 2019; Congressional Record Vol. 165, No. 166",https://www.congress.gov/congressional-record/volume-165/issue-166/house-section/article/H8274-1,10/21/19,House,165,166,H8274
"PUBLIC BILLS AND RESOLUTIONS; Congressional Record Vol. 163, No. 8",https://www.congress.gov/congressional-record/volume-163/issue-8/house-section/article/H468-8,1/12/17,House,163,8,H468
"LEGISLATIVE SESSION; Congressional Record Vol. 171, No. 143",https://www.congress.gov/congressional-record/volume-171/issue-143/senate-section/article/S5544-7,9/2/25,Senate,171,143,S5544
"RIGHT TO CONTRACEPTION ACT--MOTION TO PROCEED; Congressional Record Vol. 170, No. 96",https://www.congress.gov/congressional-record/volume-170/issue-96/senate-section/article/S3979-2,6/5/24,Senate,170,96,S3979
"EXECUTIVE CALENDAR; Congressional Record Vol. 170, No. 19",https://www.congress.gov/congressional-record/volume-170/issue-19/senate-section/article/S328-2,2/1/24,Senate,170,19,S328
"Government Funding (Executive Calendar); Congressional Record Vol. 165, No. 29",https://www.congress.gov/congressional-record/volume-165/issue-29/senate-section/article/S1350-1,2/14/19,Senate,165,29,S1350
"CHILD CARE IS ESSENTIAL ACT; Congressional Record Vol. 166, No. 134",https://www.congress.gov/congressional-record/volume-166/issue-134/house-section/article/H3897-1,7/29/20,House,166,134,H3897
"WOMEN'S HISTORY MONTH; Congressional Record Vol. 170, No. 39",https://www.congress.gov/congressional-record/volume-170/issue-39/house-section/article/H814-1,3/5/24,House,170,39,H814
"PUBLIC BILLS AND RESOLUTIONS; Congressional Record Vol. 169, No. 101",https://www.congress.gov/congressional-record/volume-169/issue-101/house-section/article/H2785-2,6/9/23,House,169,101,H2785
"PUBLIC BILLS AND RESOLUTIONS; Congressional Record Vol. 169, No. 71",https://www.congress.gov/congressional-record/volume-169/issue-71/house-section/article/H2082-3,4/27/23,House,169,71,H2082
"COUNTERING HUMAN TRAFFICKING ACT OF 2021; Congressional Record Vol. 168, No. 194",https://www.congress.gov/congressional-record/volume-168/issue-194/house-section/article/H9823-1,12/14/22,House,168,194,H9823
"CHANCE TO COMPETE ACT OF 2022; Congressional Record Vol. 168, No. 157",https://www.congress.gov/congressional-record/volume-168/issue-157/house-section/article/H8145-1,9/28/22,House,168,157,H8145
"NO FLOWERS FOR UKRAINIAN WOMEN ON INTERNATIONAL WOMEN'S DAY; Congressional Record Vol. 168, No. 41",https://www.congress.gov/congressional-record/volume-168/issue-41/house-section/article/H1364-1,3/8/22,House,168,41,H1364
"PROVIDING FOR CONSIDERATION OF H.R. 3180, INTELLIGENCE AUTHORIZATION ACT FOR FISCAL YEAR 2018; WAIVING A REQUIREMENT OF CLAUSE 6(a) OF RULE XIII WITH RESPECT TO CONSIDERATION OF CERTAIN RESOLUTIONS...; Congressional Record Vol. 163, No. 128",https://www.congress.gov/congressional-record/volume-163/issue-128/house-section/article/H6528-1,7/28/17,House,163,128,H6528
"DEPARTMENTS OF LABOR, HEALTH AND HUMAN SERVICES, AND EDUCATION, AND RELATED AGENCIES APPROPRIATIONS ACT, 2020; Congressional Record Vol. 165, No. 102",https://www.congress.gov/congressional-record/volume-165/issue-102/house-section/article/H4710-1,6/18/19,House,165,102,H4710
"DEPARTMENT OF STATE AUTHORIZATION ACT OF 2019; Congressional Record Vol. 165, No. 126",https://www.congress.gov/congressional-record/volume-165/issue-126/house-section/article/H7412-2,7/25/19,House,165,126,H7412
"DEPARTMENT OF DEFENSE APPROPRIATIONS ACT, 2024; Congressional Record Vol. 169, No. 157",https://www.congress.gov/congressional-record/volume-169/issue-157/house-section/article/H4567-8,9/27/23,House,169,157,H4567
"MILITARY CONSTRUCTION, VETERANS AFFAIRS, AND RELATED AGENCIES APPROPRIATIONS ACT, 2024; Congressional Record Vol. 169, No. 129",https://www.congress.gov/congressional-record/volume-169/issue-129/house-section/article/H3976-3,7/26/23,House,169,129,H3976
"LEGISLATIVE SESSION; Congressional Record Vol. 170, No. 80",https://www.congress.gov/congressional-record/volume-170/issue-80/senate-section/article/S3567-7,5/8/24,Senate,170,80,S3567
"SUPPORTING PREGNANT AND PARENTING WOMEN AND FAMILIES ACT; Congressional Record Vol. 172, No. 14",https://www.congress.gov/congressional-record/volume-172/issue-14/house-section/article/H1139-1,1/21/26,House,172,14,H1139
"JOINT SESSION OF CONGRESS PURSUANT TO HOUSE CONCURRENT RESOLUTION 11 TO RECEIVE A MESSAGE FROM THE PRESIDENT; Congressional Record Vol. 171, No. 41",https://www.congress.gov/congressional-record/volume-171/issue-41/house-section/article/H966-3,3/4/25,House,171,41,H966
"PROVIDING FOR CONSIDERATION OF H.R. 4366, MILITARY CONSTRUCTION,
   VETERANS AFFAIRS, AND RELATED AGENCIES APPROPRIATIONS ACT, 2024; 
PROVIDING FOR CONSIDERATION OF S.J. RES. 9, PROVIDING FOR...; Congressional Record Vol. 169, No. 129",https://www.congress.gov/congressional-record/volume-169/issue-129/house-section/article/H3966-4,7/26/23,House,169,129,H3966
"PREGNANT WOMEN IN CUSTODY ACT; Congressional Record Vol. 168, No. 186",https://www.congress.gov/congressional-record/volume-168/issue-186/house-section/article/H8686-1,12/1/22,House,168,186,H8686
"TRUMP'S LIFELONG LEGACY: STACKING THE COURTS; Congressional Record Vol. 164, No. 123",https://www.congress.gov/congressional-record/volume-164/issue-123/house-section/article/H6639-1,7/23/18,House,164,123,H6639
"THE HISTORY OF THE CONGRESSIONAL BLACK CAUCUS AND THE LEGACY OF DR. MARTIN LUTHER KING, JR.; Congressional Record Vol. 164, No. 4",https://www.congress.gov/congressional-record/volume-164/issue-4/house-section/article/H9-2,1/8/18,House,164,4,H9
"ANNOUNCEMENT BY THE ACTING CHAIR; Congressional Record Vol. 169, No. 120",https://www.congress.gov/congressional-record/volume-169/issue-120/house-section/article/H3524-1,7/13/23,House,169,120,H3524
"STATEMENTS ON INTRODUCED BILLS AND JOINT RESOLUTIONS; Congressional Record Vol. 165, No. 41",https://www.congress.gov/congressional-record/volume-165/issue-41/senate-section/article/S1735-1,3/7/19,Senate,165,41,S1735
"HAITI DEVELOPMENT, ACCOUNTABILITY, AND INSTITUTIONAL TRANSPARENCY INITIATIVE ACT; Congressional Record Vol. 168, No. 42",https://www.congress.gov/congressional-record/volume-168/issue-42/house-section/article/H1405-2,3/9/22,House,168,42,H1405
"PROVIDING FOR FURTHER CONSIDERATION OF H.R. 2740, DEPARTMENTS OF LABOR, HEALTH AND HUMAN SERVICES, AND EDUCATION, AND RELATED AGENCIES APPROPRIATIONS ACT, 2020; Congressional Record Vol. 165, No. 98",https://www.congress.gov/congressional-record/volume-165/issue-98/house-section/article/H4445-3,6/12/19,House,165,98,H4445
"FINANCIAL SERVICES AND GENERAL GOVERNMENT APPROPRIATIONS ACT, 2024; Congressional Record Vol. 169, No. 185",https://www.congress.gov/congressional-record/volume-169/issue-185/house-section/article/H5550-5,11/8/23,House,169,185,H5550
"NATIONAL DEFENSE AUTHORIZATION ACT FOR FISCAL YEAR 2020; Congressional Record Vol. 165, No. 115",https://www.congress.gov/congressional-record/volume-165/issue-115/house-section/article/H5337-3,7/10/19,House,165,115,H5337
"SUPPLEMENTAL APPROPRIATIONS ACT, 2019; Congressional Record Vol. 165, No. 54",https://www.congress.gov/congressional-record/volume-165/issue-54/senate-section/article/S2064-4,3/28/19,Senate,165,54,S2064
"STRONGER CHILD ABUSE PREVENTION AND TREATMENT ACT; Congressional Record Vol. 165, No. 84",https://www.congress.gov/congressional-record/volume-165/issue-84/house-section/article/H3978-1,5/20/19,House,165,84,H3978
"Daily Digest/House of Representatives; Congressional Record Vol. 164, No. 84",https://www.congress.gov/congressional-record/volume-164/issue-84/daily-digest/article/D570-1,5/22/18,Daily Digest,164,84,D570
"GEORGE FLOYD JUSTICE IN POLICING ACT OF 2021; Congressional Record Vol. 167, No. 40",https://www.congress.gov/congressional-record/volume-167/issue-40/house-section/article/H1039-6,3/3/21,House,167,40,H1039
"PETITIONS AND MEMORIALS; Congressional Record Vol. 169, No. 151",https://www.congress.gov/congressional-record/volume-169/issue-151/senate-section/article/S4586-1,9/19/23,Senate,169,151,S4586
"ADDITIONAL COSPONSORS; Congressional Record Vol. 169, No. 124",https://www.congress.gov/congressional-record/volume-169/issue-124/senate-section/article/S3148-2,7/19/23,Senate,169,124,S3148
"Text of Senate Amendment 6581; Congressional Record Vol. 168, No. 198",https://www.congress.gov/congressional-record/volume-168/issue-198/senate-section/article/S9658-1,12/20/22,Senate,168,198,S9658
"PETITIONS AND MEMORIALS; Congressional Record Vol. 168, No. 124",https://www.congress.gov/congressional-record/volume-168/issue-124/senate-section/article/S3690-4,7/26/22,Senate,168,124,S3690
"Text of Senate Amendment 2623; Congressional Record Vol. 166, No. 140",https://www.congress.gov/congressional-record/volume-166/issue-140/senate-section/article/S5314-2,8/6/20,Senate,166,140,S5314
"ADDITIONAL COSPONSORS; Congressional Record Vol. 165, No. 162",https://www.congress.gov/congressional-record/volume-165/issue-162/senate-section/article/S5793-3,10/15/19,Senate,165,162,S5793
"Nomination of Thomas Farr (Executive Session); Congressional Record Vol. 164, No. 188",https://www.congress.gov/congressional-record/volume-164/issue-188/senate-section/article/S7202-1,11/29/18,Senate,164,188,S7202
"ADDITIONAL COSPONSORS; Congressional Record Vol. 164, No. 96",https://www.congress.gov/congressional-record/volume-164/issue-96/senate-section/article/S3601-3,6/11/18,Senate,164,96,S3601