Title,URL,Issue Date,Section,Volume,Number,Page
"INTRODUCTION OF THE REAL ID GENDER REQUIREMENT REFORM ACT; Congressional Record Vol. 171, No. 93",https://www.congress.gov/congressional-record/volume-171/issue-93/extensions-of-remarks-section/article/E489-2,6/2/25,Extensions of Remarks,171,93,E489
"Text of Senate Amendment 4632; Congressional Record Vol. 172, No. 49",https://www.congress.gov/congressional-record/volume-172/issue-49/senate-section/article/S1279-2,3/18/26,Senate,172,49,S1279
"SENATE RESOLUTION 604--RECOGNIZING THAT IT IS THE DUTY OF THE FEDERAL GOVERNMENT TO DEVELOP AND IMPLEMENT A TRANSGENDER BILL OF RIGHTS TO PROTECT AND CODIFY THE RIGHTS OF TRANSGENDER AND NONBINARY...; Congressional Record Vol. 172, No. 29",https://www.congress.gov/congressional-record/volume-172/issue-29/senate-section/article/S580-1,2/11/26,Senate,172,29,S580
"Text of Senate Amendment 4470; Congressional Record Vol. 172, No. 49",https://www.congress.gov/congressional-record/volume-172/issue-49/senate-section/article/S1214-4,3/18/26,Senate,172,49,S1214
"SENATE RESOLUTION 643--DESIGNATING MARCH 12, 2026, AS ""DETRANSITION AWARENESS DAY""; Congressional Record Vol. 172, No. 47",https://www.congress.gov/congressional-record/volume-172/issue-47/senate-section/article/S1057-1,3/16/26,Senate,172,47,S1057
"SENATE RESOLUTION 599--EXPRESSING THE SENSE OF THE SENATE THAT PROTECTING AND ADVANCING THE RIGHTS OF WOMEN AND GIRLS IN THE REPUBLIC OF HAITI IS CRITICAL TO THE SUCCESS OF HAITI'S TRANSITION FROM...; Congressional Record Vol. 172, No. 26",https://www.congress.gov/congressional-record/volume-172/issue-26/senate-section/article/S513-2,2/5/26,Senate,172,26,S513
"PARENTAL RIGHTS OVER THE EDUCATION AND CARE OF THEIR KIDS ACT; Congressional Record Vol. 172, No. 86",https://www.congress.gov/congressional-record/volume-172/issue-86/house-section/article/H3652-1,5/20/26,House,172,86,H3652
"SENATE RESOLUTION 408--RECOGNIZING SEPTEMBER 20, 2025, AS ""NATIONAL LGBTQ+ SERVICEMEMBERS AND VETERANS DAY""; Congressional Record Vol. 171, No. 153",https://www.congress.gov/congressional-record/volume-171/issue-153/senate-section/article/S6738-2,9/18/25,Senate,171,153,S6738
"SENATE RESOLUTION 789--RECOGNIZING JUNE 2026, AS ""LGBTQ PRIDE MONTH""; Congressional Record Vol. 172, No. 106",https://www.congress.gov/congressional-record/volume-172/issue-106/senate-section/article/S3215-2,6/24/26,Senate,172,106,S3215
"INTRODUCTION OF THE FAIR PAY ACT OF 2026; Congressional Record Vol. 172, No. 77",https://www.congress.gov/congressional-record/volume-172/issue-77/extensions-of-remarks-section/article/E412-1,5/4/26,Extensions of Remarks,172,77,E412
"PROTECT CHILDREN'S INNOCENCE ACT; Congressional Record Vol. 171, No. 213",https://www.congress.gov/congressional-record/volume-171/issue-213/house-section/article/H5992-1,12/17/25,House,171,213,H5992
"SENATE RESOLUTION 670--SUPPORTING THE GOALS AND IDEALS OF THE 2026 DAY OF SILENCE IN BRINGING ATTENTION TO ANTI-LGBTQI+ BULLYING, HARASSMENT, DISCRIMINATION, AND OTHER FORMS OF VICTIMIZATION FACED...; Congressional Record Vol. 172, No. 66",https://www.congress.gov/congressional-record/volume-172/issue-66/senate-section/article/S1787-1,4/15/26,Senate,172,66,S1787
"SENATE RESOLUTION 312--RECOGNIZING JUNE 2025, AS ""LGBTQ PRIDE MONTH""; Congressional Record Vol. 171, No. 113",https://www.congress.gov/congressional-record/volume-171/issue-113/senate-section/article/S4084-1,6/30/25,Senate,171,113,S4084
"SENATE CONCURRENT RESOLUTION 31--RECOGNIZING THE DUTY OF CONGRESS TO MEET THE NEEDS OF WORKING WOMEN; Congressional Record Vol. 172, No. 56",https://www.congress.gov/congressional-record/volume-172/issue-56/senate-section/article/S1619-1,3/25/26,Senate,172,56,S1619
"SENATE RESOLUTION 511--SUPPORTING THE GOALS AND PRINCIPLES OF TRANSGENDER DAY OF REMEMBRANCE BY RECOGNIZING THE EPIDEMIC OF VIOLENCE TOWARD TRANSGENDER PEOPLE AND MEMORIALIZING THE LIVES LOST THIS...; Congressional Record Vol. 171, No. 196",https://www.congress.gov/congressional-record/volume-171/issue-196/senate-section/article/S8270-14,11/20/25,Senate,171,196,S8270
"SENATE RESOLUTION 511--SUPPORTING THE GOALS AND PRINCIPLES OF TRANSGENDER DAY OF REMEMBRANCE BY RECOGNIZING THE EPIDEMIC OF VIOLENCE TOWARD TRANSGENDER PEOPLE AND MEMORIALIZING THE LIVES LOST THIS...; Congressional Record Vol. 171, No. 196",https://www.congress.gov/congressional-record/volume-171/issue-196/senate-section/article/S8280-1,11/20/25,Senate,171,196,S8280
"SENATE RESOLUTION 168--SUPPORTING THE GOALS AND IDEALS OF THE RISE UP FOR LGBTQI+ YOUTH IN SCHOOLS INITIATIVE, A CALL TO ACTION TO COMMUNITIES ACROSS THE UNITED STATES TO DEMAND EQUAL EDUCATIONAL...; Congressional Record Vol. 171, No. 64",https://www.congress.gov/congressional-record/volume-171/issue-64/senate-section/article/S2529-2,4/9/25,Senate,171,64,S2529
"Text of Senate Amendment 5938; Congressional Record Vol. 172, No. 105",https://www.congress.gov/congressional-record/volume-172/issue-105/senate-section/article/S3084-3,6/23/26,Senate,172,105,S3084
"SAVE America Act (Executive Session); Congressional Record Vol. 172, No. 54",https://www.congress.gov/congressional-record/volume-172/issue-54/senate-section/article/S1526-2,3/23/26,Senate,172,54,S1526
"RECOGNIZING GIRL SCOUTS OF SOUTHEASTERN MICHIGAN AT THE UNITED NATIONS 69TH COMMISSION ON THE STATUS OF WOMEN; Congressional Record Vol. 171, No. 27",https://www.congress.gov/congressional-record/volume-171/issue-27/extensions-of-remarks-section/article/E110-3,2/10/25,Extensions of Remarks,171,27,E110
"PROTECTION OF WOMEN AND GIRLS IN SPORTS ACT OF 2025; Congressional Record Vol. 171, No. 7",https://www.congress.gov/congressional-record/volume-171/issue-7/house-section/article/H126-1,1/14/25,House,171,7,H126
"SENATE CONCURRENT RESOLUTION 16--RECOGNIZING THE SIGNIFICANCE OF EQUAL PAY AND THE DISPARITY IN WAGES PAID TO MEN AND TO BLACK WOMEN; Congressional Record Vol. 171, No. 119",https://www.congress.gov/congressional-record/volume-171/issue-119/senate-section/article/S4320-1,7/10/25,Senate,171,119,S4320
"SENATE RESOLUTION 785--CELEBRATING THE ACCOMPLISHMENTS OF TITLE IX OF THE EDUCATION AMENDMENTS OF 1972, ALSO KNOWN AS THE PATSY TAKEMOTO MINK EQUAL OPPORTUNITY IN EDUCATION ACT, AND RECOGNIZING THE...; Congressional Record Vol. 172, No. 105",https://www.congress.gov/congressional-record/volume-172/issue-105/senate-section/article/S3060-2,6/23/26,Senate,172,105,S3060
"Trump Administration (Executive Session); Congressional Record Vol. 171, No. 15",https://www.congress.gov/congressional-record/volume-171/issue-15/senate-section/article/S347-1,1/24/25,Senate,171,15,S347
"Text of Senate Amendment 6164; Congressional Record Vol. 172, No. 106",https://www.congress.gov/congressional-record/volume-172/issue-106/senate-section/article/S3351-2,6/24/26,Senate,172,106,S3351
"RECOGNIZING GIRL SCOUTS OF SAN JACINTO COUNTY, TEXAS AT THE UNITED NATIONS 69TH COMMISSION ON THE STATUS OF WOMEN; Congressional Record Vol. 171, No. 44",https://www.congress.gov/congressional-record/volume-171/issue-44/extensions-of-remarks-section/article/E194-1,3/10/25,Extensions of Remarks,171,44,E194
"NICS DATA REPORTING ACT OF 2026; Congressional Record Vol. 172, No. 80",https://www.congress.gov/congressional-record/volume-172/issue-80/house-section/article/H3369-1,5/12/26,House,172,80,H3369
"SUBMITTED RESOLUTIONS; Congressional Record Vol. 171, No. 57",https://www.congress.gov/congressional-record/volume-171/issue-57/senate-section/article/S1931-1,3/31/25,Senate,171,57,S1931
"PET AND LIVESTOCK PROTECTION ACT; Congressional Record Vol. 171, No. 214",https://www.congress.gov/congressional-record/volume-171/issue-214/house-section/article/H6049-1,12/18/25,House,171,214,H6049
"INTRODUCTION OF THE DISTRICT OF COLUMBIA LOCAL JUROR NON-DISCRIMINATION ACT OF 2025; Congressional Record Vol. 171, No. 106",https://www.congress.gov/congressional-record/volume-171/issue-106/extensions-of-remarks-section/article/E595-1,6/20/25,Extensions of Remarks,171,106,E595
"SAVE America Act (Executive Session); Congressional Record Vol. 172, No. 48",https://www.congress.gov/congressional-record/volume-172/issue-48/senate-section/article/S1060-2,3/17/26,Senate,172,48,S1060
"PROTECTION OF WOMEN AND GIRLS IN SPORTS ACT OF 2025; Congressional Record Vol. 171, No. 9",https://www.congress.gov/congressional-record/volume-171/issue-9/extensions-of-remarks-section/article/E45-2,1/16/25,Extensions of Remarks,171,9,E45
"SENATE RESOLUTION 766--ACKNOWLEDGING AND APOLOGIZING FOR THE MISTREATMENT OF, AND DISCRIMINATION AGAINST, LESBIAN, GAY, BISEXUAL, AND TRANSGENDER INDIVIDUALS WHO SERVED THE UNITED STATES IN THE...; Congressional Record Vol. 172, No. 99",https://www.congress.gov/congressional-record/volume-172/issue-99/senate-section/article/S2766-1,6/11/26,Senate,172,99,S2766
"SENATE RESOLUTION 306--EXPRESSING SUPPORT FOR THE DESIGNATION OF JUNE 26 AS ""LGBTQI+ EQUALITY DAY""; Congressional Record Vol. 171, No. 110",https://www.congress.gov/congressional-record/volume-171/issue-110/senate-section/article/S3564-3,6/26/25,Senate,171,110,S3564
"STREAMLINING PROCUREMENT FOR EFFECTIVE EXECUTION AND DELIVERY AND NATIONAL DEFENSE AUTHORIZATION ACT FOR FISCAL YEAR 2026; Congressional Record Vol. 171, No. 148",https://www.congress.gov/congressional-record/volume-171/issue-148/house-section/article/H4176-6,9/10/25,House,171,148,H4176
"SENATE CONCURRENT RESOLUTION 32--SUPPORTING THE GOALS AND IDEALS OF INTERNATIONAL TRANSGENDER DAY OF VISIBILITY; Congressional Record Vol. 172, No. 57",https://www.congress.gov/congressional-record/volume-172/issue-57/senate-section/article/S1675-2,3/26/26,Senate,172,57,S1675
"SENATE RESOLUTION 443--EXPRESSING CONCERN ABOUT THE GROWING PROBLEM OF BOOK BANNING, AND THE PROLIFERATION OF THREATS TO FREEDOM OF EXPRESSION IN THE UNITED STATES; Congressional Record Vol. 171, No. 166",https://www.congress.gov/congressional-record/volume-171/issue-166/senate-section/article/S7038-1,10/8/25,Senate,171,166,S7038
"DEPARTMENT OF HOMELAND SECURITY APPROPRIATIONS ACT, 2026--Motion to Proceed--Resumed; Congressional Record Vol. 172, No. 51",https://www.congress.gov/congressional-record/volume-172/issue-51/senate-section/article/S1419-8,3/20/26,Senate,172,51,S1419
"National Women and Girls in Sports Day (Executive Calendar); Congressional Record Vol. 171, No. 24",https://www.congress.gov/congressional-record/volume-171/issue-24/senate-section/article/S607-1,2/5/25,Senate,171,24,S607
"INTRODUCTION OF THE SALARY HISTORY QUESTION PROHIBITION ACT OF 2025; Congressional Record Vol. 171, No. 50",https://www.congress.gov/congressional-record/volume-171/issue-50/extensions-of-remarks-section/article/E225-1,3/18/25,Extensions of Remarks,171,50,E225
"Text of Senate Amendment 1608; Congressional Record Vol. 171, No. 60",https://www.congress.gov/congressional-record/volume-171/issue-60/senate-section/article/S2235-2,4/3/25,Senate,171,60,S2235
"Text of Senate Amendment 2760; Congressional Record Vol. 171, No. 113",https://www.congress.gov/congressional-record/volume-171/issue-113/senate-section/article/S4120-1,6/30/25,Senate,171,113,S4120
"Text of Senate Amendment 2197; Congressional Record Vol. 171, No. 61",https://www.congress.gov/congressional-record/volume-171/issue-61/senate-section/article/S2443-4,4/4/25,Senate,171,61,S2443
"Text of Senate Amendment 2055; Congressional Record Vol. 171, No. 61",https://www.congress.gov/congressional-record/volume-171/issue-61/senate-section/article/S2422-7,4/4/25,Senate,171,61,S2422
"INTRODUCTION OF THE SALARY TRANSPARENCY ACT; Congressional Record Vol. 171, No. 44",https://www.congress.gov/congressional-record/volume-171/issue-44/extensions-of-remarks-section/article/E198-1,3/10/25,Extensions of Remarks,171,44,E198
"Text of Senate Amendment 1092; Congressional Record Vol. 171, No. 34",https://www.congress.gov/congressional-record/volume-171/issue-34/senate-section/article/S1283-4,2/20/25,Senate,171,34,S1283
"PROTECTING CHILDREN FROM UNSCIENTIFIC MEDICAL PROCEDURES; Congressional Record Vol. 171, No. 212",https://www.congress.gov/congressional-record/volume-171/issue-212/house-section/article/H5937-4,12/16/25,House,171,212,H5937
"Text of Senate Amendment 2193; Congressional Record Vol. 171, No. 61",https://www.congress.gov/congressional-record/volume-171/issue-61/senate-section/article/S2442-7,4/4/25,Senate,171,61,S2442
"Nomination of Eric Chunyee Tung (Executive Session); Congressional Record Vol. 171, No. 185",https://www.congress.gov/congressional-record/volume-171/issue-185/senate-section/article/S7913-2,11/5/25,Senate,171,185,S7913
"HONORING STEPHANIE FLORCZYK AS A DISTINGUISHED LEADER IN CENTRAL FLORIDA FOR LGBTQ+ PRIDE MONTH; Congressional Record Vol. 172, No. 109",https://www.congress.gov/congressional-record/volume-172/issue-109/extensions-of-remarks-section/article/E641-3,6/30/26,Extensions of Remarks,172,109,E641
"SENATE RESOLUTION 332--DESIGNATING JULY 26, 2025, AS ""NATIONAL DAY OF THE AMERICAN COWBOY""; Congressional Record Vol. 171, No. 125",https://www.congress.gov/congressional-record/volume-171/issue-125/senate-section/article/S4533-1,7/22/25,Senate,171,125,S4533
"CELEBRATING HABON ABDULLE ON THE 10TH ANNIVERSARY OF AYADA LEADS; Congressional Record Vol. 171, No. 145",https://www.congress.gov/congressional-record/volume-171/issue-145/extensions-of-remarks-section/article/E813-3,9/4/25,Extensions of Remarks,171,145,E813
"REPORTS OF COMMITTEES ON PUBLIC BILLS AND RESOLUTIONS; Congressional Record Vol. 172, No. 9",https://www.congress.gov/congressional-record/volume-172/issue-9/house-section/article/H716-3,1/13/26,House,172,9,H716
"CELEBRATING THE LIFE OF CONGRESSWOMAN NITA LOWEY; Congressional Record Vol. 171, No. 54",https://www.congress.gov/congressional-record/volume-171/issue-54/extensions-of-remarks-section/article/E250-6,3/25/25,Extensions of Remarks,171,54,E250
"Daily Digest/House of Representatives; Congressional Record Vol. 171, No. 148",https://www.congress.gov/congressional-record/volume-171/issue-148/daily-digest/article/D906-1,9/10/25,Daily Digest,171,148,D906
"COMMEMORATING THE 100TH ANNIVERSARY OF YWCA GLENDALE AND PASADENA; Congressional Record Vol. 172, No. 91",https://www.congress.gov/congressional-record/volume-172/issue-91/extensions-of-remarks-section/article/E497-3,5/29/26,Extensions of Remarks,172,91,E497
"UNANIMOUS CONSENT REQUESTS; Congressional Record Vol. 172, No. 105",https://www.congress.gov/congressional-record/volume-172/issue-105/senate-section/article/S3049-1,6/23/26,Senate,172,105,S3049
"Protection of Women and Girls in Sports Act (Executive Session); Congressional Record Vol. 171, No. 42",https://www.congress.gov/congressional-record/volume-171/issue-42/senate-section/article/S1511-1,3/5/25,Senate,171,42,S1511
"CELEBRATING THE TEN-YEAR ANNIVERSARY OF THE OBERGEFELL MARRIAGE EQUALITY RULING; Congressional Record Vol. 171, No. 109",https://www.congress.gov/congressional-record/volume-171/issue-109/extensions-of-remarks-section/article/E620-3,6/25/25,Extensions of Remarks,171,109,E620
"TEXT OF AMENDMENTS; Congressional Record Vol. 172, No. 49",https://www.congress.gov/congressional-record/volume-172/issue-49/senate-section/article/S1212-1,3/18/26,Senate,172,49,S1212
"Department of Government Efficiency (Executive Session); Congressional Record Vol. 171, No. 43",https://www.congress.gov/congressional-record/volume-171/issue-43/senate-section/article/S1592-1,3/6/25,Senate,171,43,S1592
"Text of Senate Amendment 6478; Congressional Record Vol. 172, No. 106",https://www.congress.gov/congressional-record/volume-172/issue-106/senate-section/article/S3602-2,6/24/26,Senate,172,106,S3602
"EVERY 4.5 DAYS A WOMAN IS MURDERED IN PUERTO RICO; Congressional Record Vol. 171, No. 108",https://www.congress.gov/congressional-record/volume-171/issue-108/house-section/article/H2893-2,6/24/25,House,171,108,H2893
"DECLARATION OF MOTHERS: A PROCLAMATION AND PLEDGE FOR THE PRESERVATION OF FREEDOM AND VIRTUE; Congressional Record Vol. 171, No. 44",https://www.congress.gov/congressional-record/volume-171/issue-44/extensions-of-remarks-section/article/E196-4,3/10/25,Extensions of Remarks,171,44,E196
"SENATE RESOLUTION 640--SUPPORTING THE GOALS OF INTERNATIONAL WOMEN'S DAY; Congressional Record Vol. 172, No. 46",https://www.congress.gov/congressional-record/volume-172/issue-46/senate-section/article/S1049-3,3/12/26,Senate,172,46,S1049
"SENATE RESOLUTION 106--SUPPORTING THE GOALS OF INTERNATIONAL WOMEN'S DAY; Congressional Record Vol. 171, No. 42",https://www.congress.gov/congressional-record/volume-171/issue-42/senate-section/article/S1581-3,3/5/25,Senate,171,42,S1581
"Daily Digest/Senate Committee Meetings; Congressional Record Vol. 172, No. 94",https://www.congress.gov/congressional-record/volume-172/issue-94/daily-digest/article/D577-2,6/3/26,Daily Digest,172,94,D577
"TRANSGENDER AMERICANS SERVE WITH HONOR; Congressional Record Vol. 171, No. 124",https://www.congress.gov/congressional-record/volume-171/issue-124/house-section/article/H3479-5,7/21/25,House,171,124,H3479
"INTRODUCTION OF BILLS AND JOINT RESOLUTIONS; Congressional Record Vol. 172, No. 75",https://www.congress.gov/congressional-record/volume-172/issue-75/senate-section/article/S2128-2,4/29/26,Senate,172,75,S2128
"INTRODUCTION OF BILLS AND JOINT RESOLUTIONS; Congressional Record Vol. 171, No. 99",https://www.congress.gov/congressional-record/volume-171/issue-99/senate-section/article/S3314-6,6/10/25,Senate,171,99,S3314
"EXECUTIVE COMMUNICATIONS, ETC.; Congressional Record Vol. 171, No. 60",https://www.congress.gov/congressional-record/volume-171/issue-60/house-section/article/H1415-10,4/3/25,House,171,60,H1415
"AMENDMENT NO. 1 OFFERED BY MR. MASSIE; Congressional Record Vol. 172, No. 15",https://www.congress.gov/congressional-record/volume-172/issue-15/house-section/article/H1297-1,1/22/26,House,172,15,H1297
"Daily Digest/House of Representatives; Congressional Record Vol. 172, No. 9",https://www.congress.gov/congressional-record/volume-172/issue-9/daily-digest/article/D71-1,1/13/26,Daily Digest,172,9,D71
"SENATE RESOLUTION 675--SUPPORTING THE DESIGNATION OF THE WEEK OF APRIL 11 THROUGH APRIL 17, 2026, AS ""BLACK MATERNAL HEALTH WEEK"", FOUNDED BY BLACK MAMAS MATTER ALLIANCE, INC., TO BRING NATIONAL...; Congressional Record Vol. 172, No. 67",https://www.congress.gov/congressional-record/volume-172/issue-67/senate-section/article/S1824-2,4/16/26,Senate,172,67,S1824
"SENATE RESOLUTION 172--SUPPORTING THE DESIGNATION OF THE WEEK OF APRIL 11 THROUGH APRIL 17, 2025, AS THE EIGHTH ANNUAL ""BLACK MATERNAL HEALTH WEEK"", FOUNDED BY BLACK MAMAS MATTER ALLIANCE, INC...; Congressional Record Vol. 171, No. 65",https://www.congress.gov/congressional-record/volume-171/issue-65/senate-section/article/S2570-1,4/10/25,Senate,171,65,S2570
"SENATE RESOLUTION 145--PROTECTING THE IRANIAN POLITICAL REFUGEES, INCLUDING FEMALE FORMER POLITICAL PRISONERS, IN ASHRAF-3 IN ALBANIA; Congressional Record Vol. 171, No. 56",https://www.congress.gov/congressional-record/volume-171/issue-56/senate-section/article/S1912-2,3/27/25,Senate,171,56,S1912
"Text of Senate Amendment 4637; Congressional Record Vol. 172, No. 49",https://www.congress.gov/congressional-record/volume-172/issue-49/senate-section/article/S1288-1,3/18/26,Senate,172,49,S1288
"Public Broadcasting (Executive Calendar); Congressional Record Vol. 171, No. 63",https://www.congress.gov/congressional-record/volume-171/issue-63/senate-section/article/S2471-1,4/8/25,Senate,171,63,S2471
"SENATE RESOLUTION 646--RECOGNIZING MARCH 14, 2026, AS ""BLACK MIDWIVES DAY"" AND THE LONGSTANDING AND INVALUABLE CONTRIBUTIONS OF BLACK MIDWIVES TO MATERNAL AND INFANT HEALTH IN THE UNITED STATES; Congressional Record Vol. 172, No. 48",https://www.congress.gov/congressional-record/volume-172/issue-48/senate-section/article/S1094-1,3/17/26,Senate,172,48,S1094
"SENATE RESOLUTION 128--RECOGNIZING MARCH 14, 2025, AS ""BLACK MIDWIVES DAY"" AND THE LONGSTANDING AND INVALUABLE CONTRIBUTIONS OF BLACK MIDWIVES TO MATERNAL AND INFANT HEALTH IN THE UNITED STATES; Congressional Record Vol. 171, No. 49",https://www.congress.gov/congressional-record/volume-171/issue-49/senate-section/article/S1781-2,3/14/25,Senate,171,49,S1781
"ADDITIONAL COSPONSORS; Congressional Record Vol. 171, No. 63",https://www.congress.gov/congressional-record/volume-171/issue-63/senate-section/article/S2476-2,4/8/25,Senate,171,63,S2476
"ADDITIONAL COSPONSORS; Congressional Record Vol. 171, No. 202",https://www.congress.gov/congressional-record/volume-171/issue-202/senate-section/article/S8483-2,12/3/25,Senate,171,202,S8483
"FREE IRAN; Congressional Record Vol. 171, No. 207",https://www.congress.gov/congressional-record/volume-171/issue-207/house-section/article/H5104-3,12/9/25,House,171,207,H5104
"Text of Senate Amendment 4727; Congressional Record Vol. 172, No. 51",https://www.congress.gov/congressional-record/volume-172/issue-51/senate-section/article/S1451-2,3/20/26,Senate,172,51,S1451
"PERSONAL EXPLANATION; Congressional Record Vol. 171, No. 214",https://www.congress.gov/congressional-record/volume-171/issue-214/extensions-of-remarks-section/article/E1231-2,12/18/25,Extensions of Remarks,171,214,E1231
"VOTE EXPLANATION; Congressional Record Vol. 171, No. 43",https://www.congress.gov/congressional-record/volume-171/issue-43/senate-section/article/S1601-4,3/6/25,Senate,171,43,S1601
"PERSONAL EXPLANATION; Congressional Record Vol. 171, No. 149",https://www.congress.gov/congressional-record/volume-171/issue-149/extensions-of-remarks-section/article/E841-1,9/11/25,Extensions of Remarks,171,149,E841
"Department of Government Efficiency (Executive Calendar); Congressional Record Vol. 171, No. 24",https://www.congress.gov/congressional-record/volume-171/issue-24/senate-section/article/S632-1,2/5/25,Senate,171,24,S632
"PUBLIC BILLS AND RESOLUTIONS; Congressional Record Vol. 171, No. 120",https://www.congress.gov/congressional-record/volume-171/issue-120/house-section/article/H3244-1,7/14/25,House,171,120,H3244
"Text of Senate Amendment 6473; Congressional Record Vol. 172, No. 106",https://www.congress.gov/congressional-record/volume-172/issue-106/senate-section/article/S3600-1,6/24/26,Senate,172,106,S3600
"HONORING CONSTITUTION DAY; Congressional Record Vol. 171, No. 151",https://www.congress.gov/congressional-record/volume-171/issue-151/house-section/article/H4320-2,9/16/25,House,171,151,H4320
"BAN THIS QUACKERY; Congressional Record Vol. 171, No. 55",https://www.congress.gov/congressional-record/volume-171/issue-55/house-section/article/H1283-8,3/26/25,House,171,55,H1283
"TRUMP ADMINISTRATION IS DISMANTLING VETERANS' PROGRAMS; Congressional Record Vol. 171, No. 26",https://www.congress.gov/congressional-record/volume-171/issue-26/house-section/article/H572-5,2/7/25,House,171,26,H572
"WOMEN'S SPORTS FOR WOMEN ONLY; Congressional Record Vol. 171, No. 8",https://www.congress.gov/congressional-record/volume-171/issue-8/house-section/article/H160-2,1/15/25,House,171,8,H160
"SCIENTIFIC INTEGRITY; Congressional Record Vol. 171, No. 25",https://www.congress.gov/congressional-record/volume-171/issue-25/house-section/article/H543-1,2/6/25,House,171,25,H543
"MEASURES REFERRED; Congressional Record Vol. 171, No. 214",https://www.congress.gov/congressional-record/volume-171/issue-214/senate-section/article/S8919-5,12/18/25,Senate,171,214,S8919
"INTRODUCTION OF BILLS AND JOINT RESOLUTIONS; Congressional Record Vol. 171, No. 111",https://www.congress.gov/congressional-record/volume-171/issue-111/senate-section/article/S3598-1,6/27/25,Senate,171,111,S3598
"Text of Senate Amendment 6362; Congressional Record Vol. 172, No. 106",https://www.congress.gov/congressional-record/volume-172/issue-106/senate-section/article/S3479-4,6/24/26,Senate,172,106,S3479
"Text of Senate Amendment 3524; Congressional Record Vol. 171, No. 133",https://www.congress.gov/congressional-record/volume-171/issue-133/senate-section/article/S5305-1,8/1/25,Senate,171,133,S5305
"Text of Senate Amendment 1736; Congressional Record Vol. 171, No. 60",https://www.congress.gov/congressional-record/volume-171/issue-60/senate-section/article/S2259-6,4/3/25,Senate,171,60,S2259
"Text of Senate Amendment 1620; Congressional Record Vol. 171, No. 60",https://www.congress.gov/congressional-record/volume-171/issue-60/senate-section/article/S2236-7,4/3/25,Senate,171,60,S2236
"Text of Senate Amendment 637; Congressional Record Vol. 171, No. 34",https://www.congress.gov/congressional-record/volume-171/issue-34/senate-section/article/S1220-4,2/20/25,Senate,171,34,S1220
"Text of Senate Amendment 4406; Congressional Record Vol. 172, No. 48",https://www.congress.gov/congressional-record/volume-172/issue-48/senate-section/article/S1100-1,3/17/26,Senate,172,48,S1100
"CELEBRATING A CHAMPION, CASSANDRA WILSON; Congressional Record Vol. 171, No. 124",https://www.congress.gov/congressional-record/volume-171/issue-124/extensions-of-remarks-section/article/E698-4,7/21/25,Extensions of Remarks,171,124,E698
"Text of Senate Amendment 632; Congressional Record Vol. 171, No. 34",https://www.congress.gov/congressional-record/volume-171/issue-34/senate-section/article/S1219-6,2/20/25,Senate,171,34,S1219
"HONORING PRIDE MONTH; Congressional Record Vol. 172, No. 109",https://www.congress.gov/congressional-record/volume-172/issue-109/house-section/article/H4350-3,6/30/26,House,172,109,H4350
"NOMINATION OF ROBERT F. KENNEDY, JR.; Congressional Record Vol. 171, No. 29",https://www.congress.gov/congressional-record/volume-171/issue-29/senate-section/article/S949-1,2/12/25,Senate,171,29,S949
"INTRODUCTION OF BILLS AND JOINT RESOLUTIONS; Congressional Record Vol. 171, No. 169",https://www.congress.gov/congressional-record/volume-171/issue-169/senate-section/article/S7115-5,10/14/25,Senate,171,169,S7115
"MEASURES REFERRED; Congressional Record Vol. 172, No. 87",https://www.congress.gov/congressional-record/volume-172/issue-87/senate-section/article/S2442-1,5/21/26,Senate,172,87,S2442
"INTRODUCTION OF BILLS AND JOINT RESOLUTIONS; Congressional Record Vol. 171, No. 170",https://www.congress.gov/congressional-record/volume-171/issue-170/senate-section/article/S7139-1,10/15/25,Senate,171,170,S7139
"LOVE THY CITY INITIATIVE; Congressional Record Vol. 171, No. 123",https://www.congress.gov/congressional-record/volume-171/issue-123/house-section/article/H3372-2,7/17/25,House,171,123,H3372
"RECOGNIZING NORDONIA HIGH SCHOOL GIRLS FLAG FOOTBALL TEAM; Congressional Record Vol. 172, No. 95",https://www.congress.gov/congressional-record/volume-172/issue-95/house-section/article/H3840-3,6/4/26,House,172,95,H3840
"Nomination of Daniel E. Burrows (Executive Session); Congressional Record Vol. 172, No. 28",https://www.congress.gov/congressional-record/volume-172/issue-28/senate-section/article/S542-2,2/10/26,Senate,172,28,S542
"SIX MONTHS OF AMERICA FIRST LEADERSHIP; Congressional Record Vol. 171, No. 126",https://www.congress.gov/congressional-record/volume-171/issue-126/house-section/article/H3625-4,7/23/25,House,171,126,H3625
"HONORING LOVE THY CITY DAY IN TYLER, TEXAS; Congressional Record Vol. 171, No. 123",https://www.congress.gov/congressional-record/volume-171/issue-123/extensions-of-remarks-section/article/E686-1,7/17/25,Extensions of Remarks,171,123,E686
"RECOGNIZING THE SERVICE AND HONOR OF SEAMAN ANGELINA PETRA RESENDIZ; Congressional Record Vol. 171, No. 108",https://www.congress.gov/congressional-record/volume-171/issue-108/extensions-of-remarks-section/article/E615-1,6/24/25,Extensions of Remarks,171,108,E615
"GIRLS' SPORTS ARE UNDER THREAT IN CALIFORNIA; Congressional Record Vol. 171, No. 94",https://www.congress.gov/congressional-record/volume-171/issue-94/house-section/article/H2407-1,6/3/25,House,171,94,H2407
"REPORTS OF COMMITTEES ON PUBLIC BILLS AND RESOLUTIONS; Congressional Record Vol. 171, No. 214",https://www.congress.gov/congressional-record/volume-171/issue-214/house-section/article/H6112-5,12/18/25,House,171,214,H6112
"RECOGNIZING THE 50TH ANNIVERSARY OF THE NATIONAL ORGANIZATION FOR WOMEN OF NEW JERSEY; Congressional Record Vol. 171, No. 198",https://www.congress.gov/congressional-record/volume-171/issue-198/extensions-of-remarks-section/article/E1124-3,11/25/25,Extensions of Remarks,171,198,E1124
"REMEMBERING BEVERLY BYRON; Congressional Record Vol. 171, No. 36",https://www.congress.gov/congressional-record/volume-171/issue-36/senate-section/article/S1310-1,2/24/25,Senate,171,36,S1310
"REMEMBERING SARAH MILGRIM AND YARON LISCHINSKY; Congressional Record Vol. 172, No. 79",https://www.congress.gov/congressional-record/volume-172/issue-79/extensions-of-remarks-section/article/E423-3,5/11/26,Extensions of Remarks,172,79,E423
"CELEBRATING THE ACTIVISM OF CARIN MROTZ; Congressional Record Vol. 171, No. 209",https://www.congress.gov/congressional-record/volume-171/issue-209/extensions-of-remarks-section/article/E1183-1,12/11/25,Extensions of Remarks,171,209,E1183
"PUBLIC BILLS AND RESOLUTIONS; Congressional Record Vol. 171, No. 109",https://www.congress.gov/congressional-record/volume-171/issue-109/house-section/article/H2968-3,6/25/25,House,171,109,H2968
"INTRODUCTION OF BILLS AND JOINT RESOLUTIONS; Congressional Record Vol. 171, No. 19",https://www.congress.gov/congressional-record/volume-171/issue-19/senate-section/article/S479-4,1/29/25,Senate,171,19,S479
"VIETNAM VETERANS LIVER FLUKE CANCER STUDY ACT; Congressional Record Vol. 171, No. 62",https://www.congress.gov/congressional-record/volume-171/issue-62/house-section/article/H1435-1,4/7/25,House,171,62,H1435
"HONORING THE 140TH ANNIVERSARY OF BETH SHALOM CONGREGATION; Congressional Record Vol. 171, No. 144",https://www.congress.gov/congressional-record/volume-171/issue-144/extensions-of-remarks-section/article/E805-4,9/3/25,Extensions of Remarks,171,144,E805
"CONGRATULATING THE WORK AND DEDICATION OF CAROL HAMILTON; Congressional Record Vol. 171, No. 73",https://www.congress.gov/congressional-record/volume-171/issue-73/extensions-of-remarks-section/article/E373-6,5/1/25,Extensions of Remarks,171,73,E373
"Text of Senate Amendment 3293; Congressional Record Vol. 171, No. 132",https://www.congress.gov/congressional-record/volume-171/issue-132/senate-section/article/S5091-1,7/31/25,Senate,171,132,S5091
"HONORING THE LIFE AND LEGACY OF CLAIRE HALL; Congressional Record Vol. 172, No. 8",https://www.congress.gov/congressional-record/volume-172/issue-8/extensions-of-remarks-section/article/E27-2,1/12/26,Extensions of Remarks,172,8,E27
"RECOGNIZING LAUREN MATTHEW OF WEST VALLEY HIGH SCHOOL STATE CHAMPION; Congressional Record Vol. 171, No. 100",https://www.congress.gov/congressional-record/volume-171/issue-100/house-section/article/H2619-4,6/11/25,House,171,100,H2619
"TRIBUTE TO LUDMYA ""MIA"" LOVE; Congressional Record Vol. 171, No. 42",https://www.congress.gov/congressional-record/volume-171/issue-42/senate-section/article/S1576-3,3/5/25,Senate,171,42,S1576
"RECOGNIZING MARCH AS DEVELOPMENTAL DISABILITIES AWARENESS MONTH; Congressional Record Vol. 171, No. 56",https://www.congress.gov/congressional-record/volume-171/issue-56/extensions-of-remarks-section/article/E257-2,3/27/25,Extensions of Remarks,171,56,E257
"NATIONAL CHARACTER COUNTS WEEK; Congressional Record Vol. 171, No. 173",https://www.congress.gov/congressional-record/volume-171/issue-173/senate-section/article/S7161-6,10/20/25,Senate,171,173,S7161
"HONORING KATRINA FOTOVAT; Congressional Record Vol. 171, No. 121",https://www.congress.gov/congressional-record/volume-171/issue-121/extensions-of-remarks-section/article/E669-4,7/15/25,Extensions of Remarks,171,121,E669
"CELEBRATING PRIDE MONTH AND AMERICA'S DIVERSITY; Congressional Record Vol. 172, No. 109",https://www.congress.gov/congressional-record/volume-172/issue-109/extensions-of-remarks-section/article/E637-4,6/30/26,Extensions of Remarks,172,109,E637
"CELEBRATING AND HONORING DAVID STACY'S SERVICE TO THE LGBTQI+ COMMUNITY; Congressional Record Vol. 172, No. 96",https://www.congress.gov/congressional-record/volume-172/issue-96/extensions-of-remarks-section/article/E541-4,6/8/26,Extensions of Remarks,172,96,E541
"Text of Senate Amendment 3895; Congressional Record Vol. 171, No. 151",https://www.congress.gov/congressional-record/volume-171/issue-151/senate-section/article/S6655-2,9/16/25,Senate,171,151,S6655
"Department of Government Efficiency (Executive Calendar); Congressional Record Vol. 171, No. 48",https://www.congress.gov/congressional-record/volume-171/issue-48/senate-section/article/S1726-3,3/13/25,Senate,171,48,S1726
"MESSAGES FROM THE HOUSE; Congressional Record Vol. 172, No. 87",https://www.congress.gov/congressional-record/volume-172/issue-87/senate-section/article/S2441-5,5/21/26,Senate,172,87,S2441
"PRESIDENT TRUMP'S PROPOSED DEPARTMENT OF EDUCATION SHUTDOWN; Congressional Record Vol. 171, No. 67",https://www.congress.gov/congressional-record/volume-171/issue-67/extensions-of-remarks-section/article/E320-2,4/17/25,Extensions of Remarks,171,67,E320
"SENATE RESOLUTION 397--EXPRESSING SUPPORT FOR THE DESIGNATION OF SEPTEMBER AS ""DYSTONIA AWARENESS MONTH"" TO PROMOTE PUBLIC AWARENESS AND UNDERSTANDING OF DYSTONIA; Congressional Record Vol. 171, No. 152",https://www.congress.gov/congressional-record/volume-171/issue-152/senate-section/article/S6697-1,9/17/25,Senate,171,152,S6697
"PUBLIC BILLS AND RESOLUTIONS; Congressional Record Vol. 172, No. 75",https://www.congress.gov/congressional-record/volume-172/issue-75/house-section/article/H3294-1,4/29/26,House,172,75,H3294
"Rescissions (Executive Calendar); Congressional Record Vol. 171, No. 123",https://www.congress.gov/congressional-record/volume-171/issue-123/senate-section/article/S4445-1,7/17/25,Senate,171,123,S4445
"Text of Senate Amendment 4368; Congressional Record Vol. 172, No. 42",https://www.congress.gov/congressional-record/volume-172/issue-42/senate-section/article/S904-1,3/5/26,Senate,172,42,S904
"MESSAGES FROM THE HOUSE; Congressional Record Vol. 171, No. 214",https://www.congress.gov/congressional-record/volume-171/issue-214/senate-section/article/S8919-4,12/18/25,Senate,171,214,S8919
"RECOGNIZING THE LEADERSHIP AND PIONEERING OCEAN CONSERVATION EFFORTS OF JULIE PACKARD; Congressional Record Vol. 172, No. 105",https://www.congress.gov/congressional-record/volume-172/issue-105/extensions-of-remarks-section/article/E608-3,6/23/26,Extensions of Remarks,172,105,E608
"REMEMBERING RUBY DUNCAN; Congressional Record Vol. 172, No. 82",https://www.congress.gov/congressional-record/volume-172/issue-82/senate-section/article/S2315-1,5/14/26,Senate,172,82,S2315
"Introductory Statement on S. 3470; Congressional Record Vol. 171, No. 211",https://www.congress.gov/congressional-record/volume-171/issue-211/senate-section/article/S8731-2,12/15/25,Senate,171,211,S8731
"NEWSLETTER FROM CONGRESSMAN CHUCK EDWARDS; Congressional Record Vol. 171, No. 107",https://www.congress.gov/congressional-record/volume-171/issue-107/extensions-of-remarks-section/article/E605-2,6/23/25,Extensions of Remarks,171,107,E605
"HONORING PRIVATE FIRST CLASS WINNIE BEATRICE RICHARDSON WEST; Congressional Record Vol. 172, No. 100",https://www.congress.gov/congressional-record/volume-172/issue-100/extensions-of-remarks-section/article/E573-2,6/15/26,Extensions of Remarks,172,100,E573
"Text of Senate Amendment 3527; Congressional Record Vol. 171, No. 133",https://www.congress.gov/congressional-record/volume-171/issue-133/senate-section/article/S5305-4,8/1/25,Senate,171,133,S5305
"RECOGNIZING MAY 2025 AS GBS|CIDP AWARENESS MONTH; Congressional Record Vol. 171, No. 91",https://www.congress.gov/congressional-record/volume-171/issue-91/extensions-of-remarks-section/article/E483-4,5/29/25,Extensions of Remarks,171,91,E483
"RECOGNIZING THE 100TH ANNIVERSARY OF THE AMERICAN ASSOCIATION OF UNIVERSITY WOMEN OF VIRGINIA; Congressional Record Vol. 171, No. 56",https://www.congress.gov/congressional-record/volume-171/issue-56/extensions-of-remarks-section/article/E258-1,3/27/25,Extensions of Remarks,171,56,E258
"SENATE RESOLUTION 751--DESIGNATING MAY 2026 AS ""ALS AWARENESS MONTH""; Congressional Record Vol. 172, No. 87",https://www.congress.gov/congressional-record/volume-172/issue-87/senate-section/article/S2446-3,5/21/26,Senate,172,87,S2446
"REMEMBERING 9/11; Congressional Record Vol. 171, No. 148",https://www.congress.gov/congressional-record/volume-171/issue-148/house-section/article/H4170-2,9/10/25,House,171,148,H4170
"CARIBBEAN-AMERICAN HERITAGE MONTH; Congressional Record Vol. 171, No. 101",https://www.congress.gov/congressional-record/volume-171/issue-101/house-section/article/H2658-1,6/12/25,House,171,101,H2658
"RECOGNIZING NEW FREEDOM FARM AND LOIS McGILL; Congressional Record Vol. 171, No. 99",https://www.congress.gov/congressional-record/volume-171/issue-99/house-section/article/H2580-1,6/10/25,House,171,99,H2580
"SENATE RESOLUTION 266--DESIGNATING MAY 2025 AS ""ALS AWARENESS MONTH""; Congressional Record Vol. 171, No. 96",https://www.congress.gov/congressional-record/volume-171/issue-96/senate-section/article/S3256-3,6/5/25,Senate,171,96,S3256
"HONORING PETER YARROW; Congressional Record Vol. 171, No. 9",https://www.congress.gov/congressional-record/volume-171/issue-9/extensions-of-remarks-section/article/E42-1,1/16/25,Extensions of Remarks,171,9,E42
"AUTHORIZING TESTIMONY, DOCUMENT PRODUCTION, AND REPRESENTATION BY THE SENATE LEGAL COUNSEL IN THE CASE OF IN RE ARCHITECT OF THE CAPITOL EMPLOYMENT DISPUTE; Congressional Record Vol. 171, No. 95",https://www.congress.gov/congressional-record/volume-171/issue-95/senate-section/article/S3237-2,6/4/25,Senate,171,95,S3237
"SUPPORTING THE WOMEN'S BUREAU AT THE DEPARTMENT OF LABOR; Congressional Record Vol. 171, No. 81",https://www.congress.gov/congressional-record/volume-171/issue-81/house-section/article/H2005-5,5/14/25,House,171,81,H2005
"BLACK HISTORY IS AMERICAN HISTORY; Congressional Record Vol. 171, No. 25",https://www.congress.gov/congressional-record/volume-171/issue-25/house-section/article/H515-2,2/6/25,House,171,25,H515
"Protection of Women and Girls in Sports Act of 2025 (Executive Session); Congressional Record Vol. 171, No. 40",https://www.congress.gov/congressional-record/volume-171/issue-40/senate-section/article/S1453-1,3/3/25,Senate,171,40,S1453
"SAVE America Act (Executive Session); Congressional Record Vol. 172, No. 48",https://www.congress.gov/congressional-record/volume-172/issue-48/senate-section/article/S1061-1,3/17/26,Senate,172,48,S1061
"ADDITIONAL COSPONSORS; Congressional Record Vol. 171, No. 213",https://www.congress.gov/congressional-record/volume-171/issue-213/senate-section/article/S8834-1,12/17/25,Senate,171,213,S8834
"Introductory Statement on S. 3365; Congressional Record Vol. 171, No. 203",https://www.congress.gov/congressional-record/volume-171/issue-203/senate-section/article/S8513-1,12/4/25,Senate,171,203,S8513
"INTRODUCTION OF BILLS AND JOINT RESOLUTIONS; Congressional Record Vol. 171, No. 144",https://www.congress.gov/congressional-record/volume-171/issue-144/senate-section/article/S6008-3,9/3/25,Senate,171,144,S6008
"Rescissions (Executive Session); Congressional Record Vol. 171, No. 121",https://www.congress.gov/congressional-record/volume-171/issue-121/senate-section/article/S4345-9,7/15/25,Senate,171,121,S4345
"Introductory Statement on S. 2093; Congressional Record Vol. 171, No. 104",https://www.congress.gov/congressional-record/volume-171/issue-104/senate-section/article/S3437-2,6/17/25,Senate,171,104,S3437
"PUBLIC BILLS AND RESOLUTIONS; Congressional Record Vol. 171, No. 93",https://www.congress.gov/congressional-record/volume-171/issue-93/house-section/article/H2382-1,6/2/25,House,171,93,H2382
"WINNERS OF THE CONGRESSIONAL SPEECH COMPETITION; Congressional Record Vol. 171, No. 81",https://www.congress.gov/congressional-record/volume-171/issue-81/house-section/article/H2010-2,5/14/25,House,171,81,H2010
"HONORING VANESSA L. GIBSON FOR WOMEN'S HISTORY MONTH; Congressional Record Vol. 171, No. 45",https://www.congress.gov/congressional-record/volume-171/issue-45/extensions-of-remarks-section/article/E208-2,3/11/25,Extensions of Remarks,171,45,E208
"COMMENDING OMAR MARTINEZ GONZALEZ; Congressional Record Vol. 171, No. 208",https://www.congress.gov/congressional-record/volume-171/issue-208/house-section/article/H5115-4,12/10/25,House,171,208,H5115
"INTRODUCTION OF THE BLUE PACIFIC ACT; Congressional Record Vol. 171, No. 119",https://www.congress.gov/congressional-record/volume-171/issue-119/extensions-of-remarks-section/article/E656-1,7/10/25,Extensions of Remarks,171,119,E656
"STATEMENTS ON INTRODUCED BILLS AND JOINT RESOLUTIONS; Congressional Record Vol. 171, No. 104",https://www.congress.gov/congressional-record/volume-171/issue-104/senate-section/article/S3437-1,6/17/25,Senate,171,104,S3437
"RECOGNIZING VIRGINIA'S FOURTH DISTRICT BLACK HISTORY MONTH ESSAY CONTEST--1ST PLACE HIGH SCHOOL WINNER, TANVI PALAVALAS; Congressional Record Vol. 171, No. 40",https://www.congress.gov/congressional-record/volume-171/issue-40/extensions-of-remarks-section/article/E176-2,3/3/25,Extensions of Remarks,171,40,E176
"INTRODUCTION OF BILLS AND JOINT RESOLUTIONS; Congressional Record Vol. 171, No. 161",https://www.congress.gov/congressional-record/volume-171/issue-161/senate-section/article/S6905-3,10/1/25,Senate,171,161,S6905
"PROVIDING AN UPDATE TO THE AMERICAN PEOPLE; Congressional Record Vol. 171, No. 202",https://www.congress.gov/congressional-record/volume-171/issue-202/house-section/article/H5001-1,12/3/25,House,171,202,H5001
"ALARM AT THE TRUMP ADMINISTRATION'S DANGEROUS ATTACK ON EDUCATION; Congressional Record Vol. 171, No. 68",https://www.congress.gov/congressional-record/volume-171/issue-68/extensions-of-remarks-section/article/E327-3,4/21/25,Extensions of Remarks,171,68,E327
"NOTICE OF INTENTION TO OFFER RESOLUTION RAISING A QUESTION OF THE PRIVILEGES OF THE HOUSE; Congressional Record Vol. 172, No. 40",https://www.congress.gov/congressional-record/volume-172/issue-40/house-section/article/H2346-6,3/3/26,House,172,40,H2346
"SENATE RESOLUTION 586--RAISING AWARENESS AND ENCOURAGING THE PREVENTION OF STALKING BY DESIGNATING JANUARY 2026 AS ""NATIONAL STALKING AWARENESS MONTH""; Congressional Record Vol. 172, No. 19",https://www.congress.gov/congressional-record/volume-172/issue-19/senate-section/article/S293-1,1/27/26,Senate,172,19,S293
"SENATE RESOLUTION 46--RAISING AWARENESS AND ENCOURAGING THE PREVENTION OF STALKING BY DESIGNATING JANUARY 2025 AS ""NATIONAL STALKING AWARENESS MONTH""; Congressional Record Vol. 171, No. 19",https://www.congress.gov/congressional-record/volume-171/issue-19/senate-section/article/S487-1,1/29/25,Senate,171,19,S487
"PUBLIC BILLS AND RESOLUTIONS; Congressional Record Vol. 171, No. 60",https://www.congress.gov/congressional-record/volume-171/issue-60/house-section/article/H1416-1,4/3/25,House,171,60,H1416
"SENATE RESOLUTION 240--AFFIRMING THAT DIVERSITY, EQUITY, INCLUSION , AND ACCESSIBILITY ARE FUNDAMENTAL VALUES OF THE UNITED STATES AND EMPHASIZING THE ONGOING NEED TO ADDRESS DISCRIMINATION AND...; Congressional Record Vol. 171, No. 86",https://www.congress.gov/congressional-record/volume-171/issue-86/senate-section/article/S3062-1,5/21/25,Senate,171,86,S3062
"ELON MUSK AND DEMOCRACY; Congressional Record Vol. 171, No. 25",https://www.congress.gov/congressional-record/volume-171/issue-25/house-section/article/H511-1,2/6/25,House,171,25,H511
"HONORING THE LIFE AND LEGACY OF CHARLES ""CHARLIE"" JAMES KIRK; Congressional Record Vol. 171, No. 154",https://www.congress.gov/congressional-record/volume-171/issue-154/extensions-of-remarks-section/article/E883-3,9/19/25,Extensions of Remarks,171,154,E883
"HONORING THE LIFE OF KAREN LEWIS; Congressional Record Vol. 171, No. 126",https://www.congress.gov/congressional-record/volume-171/issue-126/house-section/article/H3558-2,7/23/25,House,171,126,H3558
"HONORING THE LEGACY OF LILLY LEDBETTER, EQUAL PAY CHAMPION; Congressional Record Vol. 171, No. 23",https://www.congress.gov/congressional-record/volume-171/issue-23/extensions-of-remarks-section/article/E89-1,2/4/25,Extensions of Remarks,171,23,E89
"GRAND DIVIDE; Congressional Record Vol. 172, No. 70",https://www.congress.gov/congressional-record/volume-172/issue-70/house-section/article/H3000-3,4/21/26,House,172,70,H3000
"RECOGNIZING THE LIFE AND MEMORY OF ALICE KITCHEN; Congressional Record Vol. 172, No. 5",https://www.congress.gov/congressional-record/volume-172/issue-5/extensions-of-remarks-section/article/E15-3,1/8/26,Extensions of Remarks,172,5,E15
"SENATE RESOLUTION 378--SUPPORTING THE DESIGNATION OF THE WEEK OF SEPTEMBER 8 THROUGH SEPTEMBER 12, 2025, AS ""MALNUTRITION AWARENESS WEEK""; Congressional Record Vol. 171, No. 147",https://www.congress.gov/congressional-record/volume-171/issue-147/senate-section/article/S6471-1,9/9/25,Senate,171,147,S6471
"DIVERSITY, EQUITY, AND INCLUSION; Congressional Record Vol. 171, No. 62",https://www.congress.gov/congressional-record/volume-171/issue-62/house-section/article/H1445-5,4/7/25,House,171,62,H1445
"Diversity, Equity, and Inclusion (Executive Calendar); Congressional Record Vol. 171, No. 48",https://www.congress.gov/congressional-record/volume-171/issue-48/senate-section/article/S1727-1,3/13/25,Senate,171,48,S1727
"SENATE RESOLUTION 606--CONDEMNING THE GOVERNMENT OF IRAN FOR ITS SUPPRESSION OF THE RIGHT OF IRANIANS TO PEACEFULLY ASSEMBLE; Congressional Record Vol. 172, No. 29",https://www.congress.gov/congressional-record/volume-172/issue-29/senate-section/article/S582-1,2/11/26,Senate,172,29,S582
"ENSURING EVERY STUDENT FEELS SAFE, SEEN, SUPPORTED; Congressional Record Vol. 171, No. 8",https://www.congress.gov/congressional-record/volume-171/issue-8/house-section/article/H155-3,1/15/25,House,171,8,H155
"Daily Digest/COMMITTEE MEETINGS FOR 2026-06-03; Congressional Record Vol. 172, No. 93",https://www.congress.gov/congressional-record/volume-172/issue-93/daily-digest/article/D574-1,6/2/26,Daily Digest,172,93,D574
"SENATE RESOLUTION 698--RECOGNIZING APRIL 29, 2026, AS ""DENIM DAY"" AND HONORING SURVIVORS OF SEXUAL ASSAULT; Congressional Record Vol. 172, No. 75",https://www.congress.gov/congressional-record/volume-172/issue-75/senate-section/article/S2132-1,4/29/26,Senate,172,75,S2132
"Text of Senate Amendment 4323; Congressional Record Vol. 172, No. 41",https://www.congress.gov/congressional-record/volume-172/issue-41/senate-section/article/S840-2,3/4/26,Senate,172,41,S840
"PUBLIC BILLS AND RESOLUTIONS; Congressional Record Vol. 171, No. 125",https://www.congress.gov/congressional-record/volume-171/issue-125/house-section/article/H3551-2,7/22/25,House,171,125,H3551
"Daily Digest/House of Representatives; Congressional Record Vol. 171, No. 214",https://www.congress.gov/congressional-record/volume-171/issue-214/daily-digest/article/D1298-2,12/18/25,Daily Digest,171,214,D1298
"Daily Digest/House of Representatives; Congressional Record Vol. 171, No. 213",https://www.congress.gov/congressional-record/volume-171/issue-213/daily-digest/article/D1288-1,12/17/25,Daily Digest,171,213,D1288
"Text of Senate Amendment 3783; Congressional Record Vol. 171, No. 145",https://www.congress.gov/congressional-record/volume-171/issue-145/senate-section/article/S6375-1,9/4/25,Senate,171,145,S6375
"PREVENTING VIOLENCE AGAINST WOMEN BY ILLEGAL ALIENS ACT; Congressional Record Vol. 171, No. 9",https://www.congress.gov/congressional-record/volume-171/issue-9/house-section/article/H191-3,1/16/25,House,171,9,H191
"TRIBUTE TO ANNA MAE WILSON ROBERTSON; Congressional Record Vol. 171, No. 101",https://www.congress.gov/congressional-record/volume-171/issue-101/extensions-of-remarks-section/article/E569-2,6/12/25,Extensions of Remarks,171,101,E569
"JUSTICE KETANJI BROWN JACKSON; Congressional Record Vol. 171, No. 62",https://www.congress.gov/congressional-record/volume-171/issue-62/senate-section/article/S2449-7,4/7/25,Senate,171,62,S2449
"INTRODUCTION OF BILLS AND JOINT RESOLUTIONS; Congressional Record Vol. 172, No. 105",https://www.congress.gov/congressional-record/volume-172/issue-105/senate-section/article/S3058-4,6/23/26,Senate,172,105,S3058
"Insider Trading (Executive Session); Congressional Record Vol. 172, No. 103",https://www.congress.gov/congressional-record/volume-172/issue-103/senate-section/article/S2921-1,6/18/26,Senate,172,103,S2921
"SENATE COMMITTEE MEETINGS; Congressional Record Vol. 172, No. 84",https://www.congress.gov/congressional-record/volume-172/issue-84/extensions-of-remarks-section/article/E457-2,5/18/26,Extensions of Remarks,172,84,E457
"PUBLIC BILLS AND RESOLUTIONS; Congressional Record Vol. 172, No. 7",https://www.congress.gov/congressional-record/volume-172/issue-7/house-section/article/H615-1,1/9/26,House,172,7,H615
"ADDITIONAL COSPONSORS; Congressional Record Vol. 171, No. 209",https://www.congress.gov/congressional-record/volume-171/issue-209/senate-section/article/S8671-2,12/11/25,Senate,171,209,S8671
"ADDITIONAL COSPONSORS; Congressional Record Vol. 171, No. 203",https://www.congress.gov/congressional-record/volume-171/issue-203/senate-section/article/S8508-1,12/4/25,Senate,171,203,S8508
"Text of Senate Amendment 3584; Congressional Record Vol. 171, No. 133",https://www.congress.gov/congressional-record/volume-171/issue-133/senate-section/article/S5339-4,8/1/25,Senate,171,133,S5339
"H.R. 1; Congressional Record Vol. 171, No. 112",https://www.congress.gov/congressional-record/volume-171/issue-112/senate-section/article/S3676-3,6/28/25,Senate,171,112,S3676
"INTRODUCTION OF BILLS AND JOINT RESOLUTIONS; Congressional Record Vol. 171, No. 71",https://www.congress.gov/congressional-record/volume-171/issue-71/senate-section/article/S2663-3,4/29/25,Senate,171,71,S2663
"Trump Administration (Executive Session); Congressional Record Vol. 171, No. 40",https://www.congress.gov/congressional-record/volume-171/issue-40/senate-section/article/S1449-1,3/3/25,Senate,171,40,S1449
"SAVE America Act (Executive Session); Congressional Record Vol. 172, No. 54",https://www.congress.gov/congressional-record/volume-172/issue-54/senate-section/article/S1530-1,3/23/26,Senate,172,54,S1530
"SENATE RESOLUTION 300--DESIGNATING JUNE 15, 2025, AS ""WORLD ELDER ABUSE AWARENESS DAY"" AND THE MONTH OF JUNE 2025 AS ""ELDER ABUSE AWARENESS MONTH""; Congressional Record Vol. 171, No. 108",https://www.congress.gov/congressional-record/volume-171/issue-108/senate-section/article/S3518-4,6/24/25,Senate,171,108,S3518
"Text of Senate Amendment 4786; Congressional Record Vol. 172, No. 57",https://www.congress.gov/congressional-record/volume-172/issue-57/senate-section/article/S1676-2,3/26/26,Senate,172,57,S1676
"SENATE RESOLUTION 67--DECLARING RACISM A PUBLIC HEALTH CRISIS; Congressional Record Vol. 171, No. 24",https://www.congress.gov/congressional-record/volume-171/issue-24/senate-section/article/S800-1,2/5/25,Senate,171,24,S800
"Nomination of Russell Vought (Executive Calendar); Congressional Record Vol. 171, No. 24",https://www.congress.gov/congressional-record/volume-171/issue-24/senate-section/article/S746-1,2/5/25,Senate,171,24,S746
"Text of Senate Amendment 6324; Congressional Record Vol. 172, No. 106",https://www.congress.gov/congressional-record/volume-172/issue-106/senate-section/article/S3451-1,6/24/26,Senate,172,106,S3451
"SENATE COMMITTEE MEETINGS; Congressional Record Vol. 172, No. 92",https://www.congress.gov/congressional-record/volume-172/issue-92/extensions-of-remarks-section/article/E505-2,6/1/26,Extensions of Remarks,172,92,E505
"ADDITIONAL COSPONSORS; Congressional Record Vol. 171, No. 174",https://www.congress.gov/congressional-record/volume-171/issue-174/senate-section/article/S7699-6,10/21/25,Senate,171,174,S7699
"ADDITIONAL COSPONSORS; Congressional Record Vol. 171, No. 145",https://www.congress.gov/congressional-record/volume-171/issue-145/senate-section/article/S6320-2,9/4/25,Senate,171,145,S6320
"PUBLIC BILLS AND RESOLUTIONS; Congressional Record Vol. 171, No. 106",https://www.congress.gov/congressional-record/volume-171/issue-106/house-section/article/H2836-2,6/20/25,House,171,106,H2836
"USAID (Executive Calendar); Congressional Record Vol. 171, No. 24",https://www.congress.gov/congressional-record/volume-171/issue-24/senate-section/article/S740-1,2/5/25,Senate,171,24,S740
"RAISING A QUESTION OF THE PRIVILEGES OF THE HOUSE; Congressional Record Vol. 172, No. 109",https://www.congress.gov/congressional-record/volume-172/issue-109/house-section/article/H4345-4,6/30/26,House,172,109,H4345
"ENDING OF DEI PROGRAMS THROUGH EXECUTIVE ORDER; Congressional Record Vol. 171, No. 71",https://www.congress.gov/congressional-record/volume-171/issue-71/house-section/article/H1721-1,4/29/25,House,171,71,H1721
"PROTECTING THE RIGHTS AND SAFETY OF WOMEN; Congressional Record Vol. 171, No. 8",https://www.congress.gov/congressional-record/volume-171/issue-8/house-section/article/H175-6,1/15/25,House,171,8,H175
"NEW YORK; Congressional Record Vol. 171, No. 211",https://www.congress.gov/congressional-record/volume-171/issue-211/senate-section/article/S8701-2,12/15/25,Senate,171,211,S8701
"Senate Accomplishments (Executive Calendar); Congressional Record Vol. 171, No. 132",https://www.congress.gov/congressional-record/volume-171/issue-132/senate-section/article/S4970-1,7/31/25,Senate,171,132,S4970
"INTRODUCTION OF BILLS AND JOINT RESOLUTIONS; Congressional Record Vol. 171, No. 119",https://www.congress.gov/congressional-record/volume-171/issue-119/senate-section/article/S4314-2,7/10/25,Senate,171,119,S4314
"INTRODUCTION OF BILLS AND JOINT RESOLUTIONS; Congressional Record Vol. 171, No. 110",https://www.congress.gov/congressional-record/volume-171/issue-110/senate-section/article/S3561-1,6/26/25,Senate,171,110,S3561
"PARENTAL RIGHTS OVER THE EDUCATION AND CARE OF THEIR KIDS ACT; Congressional Record Vol. 172, No. 86",https://www.congress.gov/congressional-record/volume-172/issue-86/house-section/article/H3660-1,5/20/26,House,172,86,H3660
"CONGRESS IS BACK; Congressional Record Vol. 171, No. 196",https://www.congress.gov/congressional-record/volume-171/issue-196/house-section/article/H4868-1,11/20/25,House,171,196,H4868
"ADDITIONAL COSPONSORS; Congressional Record Vol. 171, No. 101",https://www.congress.gov/congressional-record/volume-171/issue-101/senate-section/article/S3390-2,6/12/25,Senate,171,101,S3390
"EXECUTIVE COMMUNICATIONS, ETC.; Congressional Record Vol. 172, No. 75",https://www.congress.gov/congressional-record/volume-172/issue-75/house-section/article/H3293-2,4/29/26,House,172,75,H3293
"EXECUTIVE AND OTHER COMMUNICATIONS; Congressional Record Vol. 172, No. 23",https://www.congress.gov/congressional-record/volume-172/issue-23/senate-section/article/S441-2,2/2/26,Senate,172,23,S441
"ADDITIONAL COSPONSORS; Congressional Record Vol. 171, No. 179",https://www.congress.gov/congressional-record/volume-171/issue-179/senate-section/article/S7785-3,10/28/25,Senate,171,179,S7785
"PUBLIC BILLS AND RESOLUTIONS; Congressional Record Vol. 171, No. 144",https://www.congress.gov/congressional-record/volume-171/issue-144/house-section/article/H3828-2,9/3/25,House,171,144,H3828
"SENATE RESOLUTION 152--DESIGNATING APRIL 2025 AS ""PRESERVING AND PROTECTING LOCAL NEWS MONTH"" AND RECOGNIZING THE IMPORTANCE AND SIGNIFICANCE OF LOCAL NEWS; Congressional Record Vol. 171, No. 57",https://www.congress.gov/congressional-record/volume-171/issue-57/senate-section/article/S2098-1,3/31/25,Senate,171,57,S2098
"INTRODUCTION OF BILLS AND JOINT RESOLUTIONS; Congressional Record Vol. 171, No. 42",https://www.congress.gov/congressional-record/volume-171/issue-42/senate-section/article/S1579-2,3/5/25,Senate,171,42,S1579
"One Big Beautiful Bill (Executive Calendar); Congressional Record Vol. 171, No. 108",https://www.congress.gov/congressional-record/volume-171/issue-108/senate-section/article/S3504-2,6/24/25,Senate,171,108,S3504
"RAISING A QUESTION OF THE PRIVILEGES OF THE HOUSE; Congressional Record Vol. 172, No. 41",https://www.congress.gov/congressional-record/volume-172/issue-41/house-section/article/H2391-1,3/4/26,House,172,41,H2391
"Daily Digest/House of Representatives; Congressional Record Vol. 172, No. 86",https://www.congress.gov/congressional-record/volume-172/issue-86/daily-digest/article/D538-1,5/20/26,Daily Digest,172,86,D538
"INTRODUCTION OF BILLS AND JOINT RESOLUTIONS; Congressional Record Vol. 172, No. 64",https://www.congress.gov/congressional-record/volume-172/issue-64/senate-section/article/S1712-8,4/13/26,Senate,172,64,S1712
"PUBLIC BILLS AND RESOLUTIONS; Congressional Record Vol. 171, No. 137",https://www.congress.gov/congressional-record/volume-171/issue-137/house-section/article/H3692-1,8/12/25,House,171,137,H3692
"BORN-ALIVE ABORTION SURVIVORS PROTECTION ACT; Congressional Record Vol. 171, No. 14",https://www.congress.gov/congressional-record/volume-171/issue-14/house-section/article/H335-1,1/23/25,House,171,14,H335
"PUBLIC BILLS AND RESOLUTIONS; Congressional Record Vol. 172, No. 61",https://www.congress.gov/congressional-record/volume-172/issue-61/house-section/article/H2820-1,4/2/26,House,172,61,H2820
"Text of Senate Amendment 4367; Congressional Record Vol. 172, No. 42",https://www.congress.gov/congressional-record/volume-172/issue-42/senate-section/article/S903-1,3/5/26,Senate,172,42,S903
"INTRODUCTION OF BILLS AND JOINT RESOLUTIONS; Congressional Record Vol. 171, No. 105",https://www.congress.gov/congressional-record/volume-171/issue-105/senate-section/article/S3469-1,6/18/25,Senate,171,105,S3469
"TRUMP ADMINISTRATION FIRST 100 DAYS; Congressional Record Vol. 171, No. 72",https://www.congress.gov/congressional-record/volume-171/issue-72/senate-section/article/S2720-3,4/30/25,Senate,171,72,S2720
"UNITED STATES COMMISSION ON INTERNATIONAL RELIGIOUS FREEDOM REAUTHORIZATION ACT OF 2026; Congressional Record Vol. 172, No. 96",https://www.congress.gov/congressional-record/volume-172/issue-96/house-section/article/H3947-1,6/8/26,House,172,96,H3947
"DO NO HARM IN MEDICAID ACT; Congressional Record Vol. 171, No. 214",https://www.congress.gov/congressional-record/volume-171/issue-214/house-section/article/H6072-1,12/18/25,House,171,214,H6072
"PROVIDING FOR CONSIDERATION OF H.R. 6703, LOWER HEALTH CARE PREMIUMS FOR ALL AMERICANS ACT; PROVIDING FOR CONSIDERATION OF H.R. 498, DO NO HARM IN MEDICAID ACT; PROVIDING FOR CONSIDERATION OF H.R...; Congressional Record Vol. 171, No. 213",https://www.congress.gov/congressional-record/volume-171/issue-213/house-section/article/H5947-3,12/17/25,House,171,213,H5947
"LEGISLATIVE SESSION; Congressional Record Vol. 171, No. 121",https://www.congress.gov/congressional-record/volume-171/issue-121/senate-section/article/S4358-6,7/15/25,Senate,171,121,S4358
"Trump Administration (Executive Session); Congressional Record Vol. 172, No. 85",https://www.congress.gov/congressional-record/volume-172/issue-85/senate-section/article/S2344-2,5/19/26,Senate,172,85,S2344
"ADDITIONAL COSPONSORS; Congressional Record Vol. 172, No. 24",https://www.congress.gov/congressional-record/volume-172/issue-24/senate-section/article/S470-3,2/3/26,Senate,172,24,S470
"ADDITIONAL COSPONSORS; Congressional Record Vol. 171, No. 110",https://www.congress.gov/congressional-record/volume-171/issue-110/senate-section/article/S3562-2,6/26/25,Senate,171,110,S3562
"SUPPORTING A FREE, DEMOCRATIC, AND SECULAR IRAN; Congressional Record Vol. 171, No. 81",https://www.congress.gov/congressional-record/volume-171/issue-81/house-section/article/H2043-1,5/14/25,House,171,81,H2043
"INTRODUCTION OF BILLS AND JOINT RESOLUTIONS; Congressional Record Vol. 171, No. 73",https://www.congress.gov/congressional-record/volume-171/issue-73/senate-section/article/S2736-1,5/1/25,Senate,171,73,S2736
"SEMIQUINCENTENNIAL TOURISM AND ACCESS TO RECREATION SITES ACT; Congressional Record Vol. 171, No. 207",https://www.congress.gov/congressional-record/volume-171/issue-207/house-section/article/H5074-1,12/9/25,House,171,207,H5074
"INVIDIOUS DISCRIMINATION; Congressional Record Vol. 172, No. 99",https://www.congress.gov/congressional-record/volume-172/issue-99/house-section/article/H4105-5,6/11/26,House,172,99,H4105
"PUBLIC BILLS AND RESOLUTIONS; Congressional Record Vol. 171, No. 110",https://www.congress.gov/congressional-record/volume-171/issue-110/house-section/article/H3008-2,6/26/25,House,171,110,H3008
"EXECUTIVE AND OTHER COMMUNICATIONS; Congressional Record Vol. 171, No. 54",https://www.congress.gov/congressional-record/volume-171/issue-54/senate-section/article/S1831-2,3/25/25,Senate,171,54,S1831
"U.S. Military (Executive Session); Congressional Record Vol. 172, No. 102",https://www.congress.gov/congressional-record/volume-172/issue-102/senate-section/article/S2871-2,6/17/26,Senate,172,102,S2871
"Daily Digest/CONGRESSIONAL PROGRAM AHEAD; Congressional Record Vol. 172, No. 92",https://www.congress.gov/congressional-record/volume-172/issue-92/daily-digest/article/D563-6,6/1/26,Daily Digest,172,92,D563
"SENATE RESOLUTION 650--RECOGNIZING THE HERITAGE, CULTURE, AND CONTRIBUTIONS OF AMERICAN INDIAN, ALASKA NATIVE, AND NATIVE HAWAIIAN WOMEN IN THE UNITED STATES; Congressional Record Vol. 172, No. 49",https://www.congress.gov/congressional-record/volume-172/issue-49/senate-section/article/S1208-1,3/18/26,Senate,172,49,S1208
"Introductory Statement on S. 3877; Congressional Record Vol. 172, No. 30",https://www.congress.gov/congressional-record/volume-172/issue-30/senate-section/article/S611-3,2/12/26,Senate,172,30,S611
"ADDITIONAL COSPONSORS; Congressional Record Vol. 171, No. 207",https://www.congress.gov/congressional-record/volume-171/issue-207/senate-section/article/S8577-2,12/9/25,Senate,171,207,S8577
"PUBLIC BILLS AND RESOLUTIONS; Congressional Record Vol. 171, No. 198",https://www.congress.gov/congressional-record/volume-171/issue-198/house-section/article/H4901-1,11/25/25,House,171,198,H4901
"ADDITIONAL COSPONSORS; Congressional Record Vol. 171, No. 147",https://www.congress.gov/congressional-record/volume-171/issue-147/senate-section/article/S6470-2,9/9/25,Senate,171,147,S6470
"SENATE RESOLUTION 287--REAFFIRMING THE IMPORTANCE OF THE UNITED STATES PROMOTING THE SAFETY, HEALTH, AND WELL-BEING OF REFUGEES AND DISPLACED PERSONS IN THE UNITED STATES AND AROUND THE WORLD; Congressional Record Vol. 171, No. 105",https://www.congress.gov/congressional-record/volume-171/issue-105/senate-section/article/S3473-1,6/18/25,Senate,171,105,S3473
"SENATE RESOLUTION 142--RECOGNIZING THE HERITAGE, CULTURE, AND CONTRIBUTIONS OF AMERICAN INDIAN, ALASKA NATIVE, AND NATIVE HAWAIIAN WOMEN IN THE UNITED STATES; Congressional Record Vol. 171, No. 55",https://www.congress.gov/congressional-record/volume-171/issue-55/senate-section/article/S1876-1,3/26/25,Senate,171,55,S1876
"EXECUTIVE COMMUNICATIONS, ETC.; Congressional Record Vol. 172, No. 24",https://www.congress.gov/congressional-record/volume-172/issue-24/house-section/article/H1973-4,2/3/26,House,172,24,H1973
"PUBLIC BILLS AND RESOLUTIONS; Congressional Record Vol. 171, No. 94",https://www.congress.gov/congressional-record/volume-171/issue-94/house-section/article/H2418-1,6/3/25,House,171,94,H2418
"SENATE RESOLUTION 775--REAFFIRMING THE IMPORTANCE OF THE UNITED STATES PROMOTING THE SAFETY, HEALTH, AND WELL-BEING OF REFUGEES AND DISPLACED PERSONS IN THE UNITED STATES AND AROUND THE WORLD; Congressional Record Vol. 172, No. 102",https://www.congress.gov/congressional-record/volume-172/issue-102/senate-section/article/S2897-2,6/17/26,Senate,172,102,S2897
"Smithsonian Institution (Executive Session); Congressional Record Vol. 171, No. 123",https://www.congress.gov/congressional-record/volume-171/issue-123/senate-section/article/S4438-1,7/17/25,Senate,171,123,S4438
"IMPROVING VA TRAINING FOR MILITARY SEXUAL TRAUMA CLAIMS ACT; Congressional Record Vol. 171, No. 84",https://www.congress.gov/congressional-record/volume-171/issue-84/house-section/article/H2130-1,5/19/25,House,171,84,H2130
"INTRODUCTION OF BILLS AND JOINT RESOLUTIONS; Congressional Record Vol. 171, No. 47",https://www.congress.gov/congressional-record/volume-171/issue-47/senate-section/article/S1703-7,3/12/25,Senate,171,47,S1703
"Text of Senate Amendment 5648; Congressional Record Vol. 172, No. 95",https://www.congress.gov/congressional-record/volume-172/issue-95/senate-section/article/S2598-3,6/4/26,Senate,172,95,S2598
"HIGHLIGHTING THE STATE OF CALIFORNIA; Congressional Record Vol. 171, No. 65",https://www.congress.gov/congressional-record/volume-171/issue-65/house-section/article/H1588-1,4/10/25,House,171,65,H1588
"PUBLIC BILLS AND RESOLUTIONS; Congressional Record Vol. 171, No. 24",https://www.congress.gov/congressional-record/volume-171/issue-24/house-section/article/H501-1,2/5/25,House,171,24,H501
"RESCISSIONS ACT OF 2025; Congressional Record Vol. 171, No. 101",https://www.congress.gov/congressional-record/volume-171/issue-101/house-section/article/H2796-3,6/12/25,House,171,101,H2796
"PUBLIC BILLS AND RESOLUTIONS; Congressional Record Vol. 172, No. 70",https://www.congress.gov/congressional-record/volume-172/issue-70/house-section/article/H3044-2,4/21/26,House,172,70,H3044
"PUBLIC BILLS AND RESOLUTIONS; Congressional Record Vol. 172, No. 49",https://www.congress.gov/congressional-record/volume-172/issue-49/house-section/article/H2595-2,3/18/26,House,172,49,H2595
"PUBLIC BILLS AND RESOLUTIONS; Congressional Record Vol. 171, No. 74",https://www.congress.gov/congressional-record/volume-171/issue-74/house-section/article/H1853-2,5/5/25,House,171,74,H1853
"INTRODUCTION OF BILLS AND JOINT RESOLUTIONS; Congressional Record Vol. 171, No. 14",https://www.congress.gov/congressional-record/volume-171/issue-14/senate-section/article/S334-2,1/23/25,Senate,171,14,S334
"STATEMENTS ON INTRODUCED BILLS AND JOINT RESOLUTIONS; Congressional Record Vol. 172, No. 30",https://www.congress.gov/congressional-record/volume-172/issue-30/senate-section/article/S611-1,2/12/26,Senate,172,30,S611
"HONORING PETER AND CORA WEISS'S LIFE AND LEGACY OF SOCIAL CHANGE; Congressional Record Vol. 171, No. 210",https://www.congress.gov/congressional-record/volume-171/issue-210/extensions-of-remarks-section/article/E1194-4,12/12/25,Extensions of Remarks,171,210,E1194
"ADDITIONAL COSPONSORS; Congressional Record Vol. 171, No. 201",https://www.congress.gov/congressional-record/volume-171/issue-201/senate-section/article/S8448-2,12/2/25,Senate,171,201,S8448
"PUBLIC BILLS AND RESOLUTIONS; Congressional Record Vol. 171, No. 104",https://www.congress.gov/congressional-record/volume-171/issue-104/house-section/article/H2830-2,6/17/25,House,171,104,H2830
"GAS PRICES ARE LOWER FOR EVERYONE EXCEPT CALIFORNIANS; Congressional Record Vol. 171, No. 73",https://www.congress.gov/congressional-record/volume-171/issue-73/house-section/article/H1804-1,5/1/25,House,171,73,H1804
"PRESIDENTIAL MESSAGE; Congressional Record Vol. 172, No. 36",https://www.congress.gov/congressional-record/volume-172/issue-36/senate-section/article/S645-2,2/24/26,Senate,172,36,S645
"PRESIDENTIAL MESSAGE; Congressional Record Vol. 171, No. 41",https://www.congress.gov/congressional-record/volume-171/issue-41/senate-section/article/S1490-2,3/4/25,Senate,171,41,S1490
"STATEMENTS ON INTRODUCED BILLS AND JOINT RESOLUTIONS; Congressional Record Vol. 171, No. 211",https://www.congress.gov/congressional-record/volume-171/issue-211/senate-section/article/S8731-1,12/15/25,Senate,171,211,S8731
"PUBLIC BILLS AND RESOLUTIONS; Congressional Record Vol. 172, No. 91",https://www.congress.gov/congressional-record/volume-172/issue-91/house-section/article/H3738-3,5/29/26,House,172,91,H3738
"Daily Digest/House of Representatives; Congressional Record Vol. 172, No. 75",https://www.congress.gov/congressional-record/volume-172/issue-75/daily-digest/article/D460-1,4/29/26,Daily Digest,172,75,D460
"Text of Senate Amendment 4630; Congressional Record Vol. 172, No. 49",https://www.congress.gov/congressional-record/volume-172/issue-49/senate-section/article/S1278-1,3/18/26,Senate,172,49,S1278
"Text of Senate Amendment 5828; Congressional Record Vol. 172, No. 101",https://www.congress.gov/congressional-record/volume-172/issue-101/senate-section/article/S2859-5,6/16/26,Senate,172,101,S2859
"COERCION AND SEXUAL ABUSE FREE ENVIRONMENT ACT; Congressional Record Vol. 172, No. 8",https://www.congress.gov/congressional-record/volume-172/issue-8/house-section/article/H632-1,1/12/26,House,172,8,H632
"Text of Senate Amendment 3723; Congressional Record Vol. 171, No. 143",https://www.congress.gov/congressional-record/volume-171/issue-143/senate-section/article/S5657-2,9/2/25,Senate,171,143,S5657
"National Debt (Executive Session); Congressional Record Vol. 171, No. 37",https://www.congress.gov/congressional-record/volume-171/issue-37/senate-section/article/S1333-5,2/25/25,Senate,171,37,S1333
"PUBLIC BILLS AND RESOLUTIONS; Congressional Record Vol. 171, No. 26",https://www.congress.gov/congressional-record/volume-171/issue-26/house-section/article/H583-1,2/7/25,House,171,26,H583
"IRON SHARPENS IRON; Congressional Record Vol. 171, No. 27",https://www.congress.gov/congressional-record/volume-171/issue-27/house-section/article/H607-5,2/10/25,House,171,27,H607
"INAUGURAL CEREMONY; Congressional Record Vol. 171, No. 11",https://www.congress.gov/congressional-record/volume-171/issue-11/senate-section/article/S252-8,1/20/25,Senate,171,11,S252
"LEGISLATIVE SESSION; Congressional Record Vol. 172, No. 71",https://www.congress.gov/congressional-record/volume-172/issue-71/senate-section/article/S1867-7,4/22/26,Senate,172,71,S1867
"Daily Digest/CONGRESSIONAL PROGRAM AHEAD; Congressional Record Vol. 172, No. 84",https://www.congress.gov/congressional-record/volume-172/issue-84/daily-digest/article/D522-2,5/18/26,Daily Digest,172,84,D522
"PUBLIC BILLS AND RESOLUTIONS; Congressional Record Vol. 172, No. 63",https://www.congress.gov/congressional-record/volume-172/issue-63/house-section/article/H2829-1,4/9/26,House,172,63,H2829
"PUBLIC BILLS AND RESOLUTIONS; Congressional Record Vol. 172, No. 27",https://www.congress.gov/congressional-record/volume-172/issue-27/house-section/article/H2094-1,2/9/26,House,172,27,H2094
"INTRODUCTION OF BILLS AND JOINT RESOLUTIONS; Congressional Record Vol. 171, No. 196",https://www.congress.gov/congressional-record/volume-171/issue-196/senate-section/article/S8270-6,11/20/25,Senate,171,196,S8270
"INTRODUCTION OF BILLS AND JOINT RESOLUTIONS; Congressional Record Vol. 171, No. 196",https://www.congress.gov/congressional-record/volume-171/issue-196/senate-section/article/S8274-1,11/20/25,Senate,171,196,S8274
"PUBLIC BILLS AND RESOLUTIONS; Congressional Record Vol. 171, No. 81",https://www.congress.gov/congressional-record/volume-171/issue-81/house-section/article/H2050-3,5/14/25,House,171,81,H2050
"PUBLIC BILLS AND RESOLUTIONS; Congressional Record Vol. 171, No. 207",https://www.congress.gov/congressional-record/volume-171/issue-207/house-section/article/H5109-2,12/9/25,House,171,207,H5109
"PUBLIC BILLS AND RESOLUTIONS; Congressional Record Vol. 171, No. 28",https://www.congress.gov/congressional-record/volume-171/issue-28/house-section/article/H643-1,2/11/25,House,171,28,H643
"PUBLIC BILLS AND RESOLUTIONS; Congressional Record Vol. 171, No. 65",https://www.congress.gov/congressional-record/volume-171/issue-65/house-section/article/H1595-5,4/10/25,House,171,65,H1595
"ADDITIONAL COSPONSORS; Congressional Record Vol. 172, No. 79",https://www.congress.gov/congressional-record/volume-172/issue-79/senate-section/article/S2200-4,5/11/26,Senate,172,79,S2200
"Text of Senate Amendment 6453; Congressional Record Vol. 172, No. 106",https://www.congress.gov/congressional-record/volume-172/issue-106/senate-section/article/S3578-2,6/24/26,Senate,172,106,S3578
"PUBLIC BILLS AND RESOLUTIONS; Congressional Record Vol. 171, No. 86",https://www.congress.gov/congressional-record/volume-171/issue-86/house-section/article/H2359-3,5/21/25,House,171,86,H2359
"SENATE RESOLUTION 217--EXPRESSING THE SENSE OF THE SENATE THAT SECRETARY OF HEALTH AND HUMAN SERVICES ROBERT FITZGERALD KENNEDY JR.; Congressional Record Vol. 171, No. 79",https://www.congress.gov/congressional-record/volume-171/issue-79/senate-section/article/S2865-2,5/12/25,Senate,171,79,S2865
"Text of Senate Amendment 4779; Congressional Record Vol. 172, No. 56",https://www.congress.gov/congressional-record/volume-172/issue-56/senate-section/article/S1620-2,3/25/26,Senate,172,56,S1620
"LEGISLATIVE SESSION; Congressional Record Vol. 172, No. 19",https://www.congress.gov/congressional-record/volume-172/issue-19/senate-section/article/S281-6,1/27/26,Senate,172,19,S281
"HONORING JOHN LEWIS; Congressional Record Vol. 171, No. 120",https://www.congress.gov/congressional-record/volume-171/issue-120/house-section/article/H3235-2,7/14/25,House,171,120,H3235
"Text of Senate Amendment 4536; Congressional Record Vol. 172, No. 49",https://www.congress.gov/congressional-record/volume-172/issue-49/senate-section/article/S1263-1,3/18/26,Senate,172,49,S1263
"TEXT OF AMENDMENTS; Congressional Record Vol. 171, No. 151",https://www.congress.gov/congressional-record/volume-171/issue-151/senate-section/article/S6654-1,9/16/25,Senate,171,151,S6654
"Introductory Statement on S. 3482; Congressional Record Vol. 171, No. 211",https://www.congress.gov/congressional-record/volume-171/issue-211/senate-section/article/S8732-1,12/15/25,Senate,171,211,S8732
"PROVIDING FOR CONSIDERATION OF H.R. 3838, STREAMLINING PROCUREMENT FOR EFFECTIVE EXECUTION AND DELIVERY AND NATIONAL DEFENSE AUTHORIZATION ACT FOR FISCAL YEAR 2026; AND PROVIDING FOR CONSIDERATION...; Congressional Record Vol. 171, No. 147",https://www.congress.gov/congressional-record/volume-171/issue-147/house-section/article/H3907-2,9/9/25,House,171,147,H3907
"Text of Senate Amendment 3150; Congressional Record Vol. 171, No. 131",https://www.congress.gov/congressional-record/volume-171/issue-131/senate-section/article/S4925-2,7/30/25,Senate,171,131,S4925
"IMPROVING LAW ENFORCEMENT OFFICER SAFETY AND WELLNESS THROUGH DATA ACT; Congressional Record Vol. 171, No. 82",https://www.congress.gov/congressional-record/volume-171/issue-82/house-section/article/H2071-2,5/15/25,House,171,82,H2071
"PUBLIC BILLS AND RESOLUTIONS; Congressional Record Vol. 171, No. 71",https://www.congress.gov/congressional-record/volume-171/issue-71/house-section/article/H1725-2,4/29/25,House,171,71,H1725
"TEXT OF AMENDMENTS; Congressional Record Vol. 172, No. 56",https://www.congress.gov/congressional-record/volume-172/issue-56/senate-section/article/S1620-1,3/25/26,Senate,172,56,S1620
"Text of Senate Amendment 6513; Congressional Record Vol. 172, No. 106",https://www.congress.gov/congressional-record/volume-172/issue-106/senate-section/article/S3625-1,6/24/26,Senate,172,106,S3625
"PUBLIC BILLS AND RESOLUTIONS; Congressional Record Vol. 171, No. 158",https://www.congress.gov/congressional-record/volume-171/issue-158/house-section/article/H4499-4,9/26/25,House,171,158,H4499
"PUBLIC BILLS AND RESOLUTIONS; Congressional Record Vol. 171, No. 96",https://www.congress.gov/congressional-record/volume-171/issue-96/house-section/article/H2504-4,6/5/25,House,171,96,H2504
"PUBLIC BILLS AND RESOLUTIONS; Congressional Record Vol. 171, No. 80",https://www.congress.gov/congressional-record/volume-171/issue-80/house-section/article/H1998-4,5/13/25,House,171,80,H1998
"LEGISLATIVE SESSION; Congressional Record Vol. 171, No. 42",https://www.congress.gov/congressional-record/volume-171/issue-42/senate-section/article/S1503-6,3/5/25,Senate,171,42,S1503
"LEGISLATIVE SESSION; Congressional Record Vol. 171, No. 122",https://www.congress.gov/congressional-record/volume-171/issue-122/senate-section/article/S4381-6,7/16/25,Senate,171,122,S4381
"Text of Senate Amendment 6255; Congressional Record Vol. 172, No. 106",https://www.congress.gov/congressional-record/volume-172/issue-106/senate-section/article/S3414-1,6/24/26,Senate,172,106,S3414
"ISSUES RELATING TO REBUILDING THE STATE OF CALIFORNIA; Congressional Record Vol. 171, No. 24",https://www.congress.gov/congressional-record/volume-171/issue-24/house-section/article/H491-1,2/5/25,House,171,24,H491
"SENATE RESOLUTION 374--EXPRESSING THE SENSE OF THE SENATE THAT SECRETARY OF HEALTH AND HUMAN SERVICES ROBERT FITZGERALD KENNEDY JR.; Congressional Record Vol. 171, No. 145",https://www.congress.gov/congressional-record/volume-171/issue-145/senate-section/article/S6330-1,9/4/25,Senate,171,145,S6330
"THE FIRST 100 DAYS; Congressional Record Vol. 171, No. 72",https://www.congress.gov/congressional-record/volume-171/issue-72/house-section/article/H1764-3,4/30/25,House,171,72,H1764
"LEGISLATIVE SESSION; Congressional Record Vol. 171, No. 143",https://www.congress.gov/congressional-record/volume-171/issue-143/senate-section/article/S5544-7,9/2/25,Senate,171,143,S5544
"SUPPORTING PREGNANT AND PARENTING WOMEN AND FAMILIES ACT; Congressional Record Vol. 172, No. 14",https://www.congress.gov/congressional-record/volume-172/issue-14/house-section/article/H1139-1,1/21/26,House,172,14,H1139
"JOINT SESSION OF CONGRESS PURSUANT TO HOUSE CONCURRENT RESOLUTION 11 TO RECEIVE A MESSAGE FROM THE PRESIDENT; Congressional Record Vol. 171, No. 41",https://www.congress.gov/congressional-record/volume-171/issue-41/house-section/article/H966-3,3/4/25,House,171,41,H966
"PUBLIC BILLS AND RESOLUTIONS; Congressional Record Vol. 171, No. 160",https://www.congress.gov/congressional-record/volume-171/issue-160/house-section/article/H4506-2,9/30/25,House,171,160,H4506
"BEACON OF PROSPERITY; Congressional Record Vol. 171, No. 14",https://www.congress.gov/congressional-record/volume-171/issue-14/house-section/article/H353-1,1/23/25,House,171,14,H353
"LEGISLATIVE SESSION; Congressional Record Vol. 171, No. 180",https://www.congress.gov/congressional-record/volume-171/issue-180/senate-section/article/S7802-1,10/29/25,Senate,171,180,S7802
"Trump Executive Orders (Executive Session); Congressional Record Vol. 171, No. 20",https://www.congress.gov/congressional-record/volume-171/issue-20/senate-section/article/S509-1,1/30/25,Senate,171,20,S509
"JOINT SESSION OF CONGRESS PURSUANT TO HOUSE CONCURRENT RESOLUTION 74 TO RECEIVE A MESSAGE FROM THE PRESIDENT; Congressional Record Vol. 172, No. 36",https://www.congress.gov/congressional-record/volume-172/issue-36/house-section/article/H2287-3,2/24/26,House,172,36,H2287
"NOTICE OF INTENTION TO OFFER MOTION TO DISCHARGE COMMITTEE ON RULES FROM FURTHER CONSIDERATION OF HOUSE RESOLUTION 1140; Congressional Record Vol. 172, No. 97",https://www.congress.gov/congressional-record/volume-172/issue-97/house-section/article/H4013-1,6/9/26,House,172,97,H4013
"WOMEN'S HISTORY MONTH; Congressional Record Vol. 172, No. 55",https://www.congress.gov/congressional-record/volume-172/issue-55/house-section/article/H2669-2,3/24/26,House,172,55,H2669
"PUBLIC BILLS AND RESOLUTIONS; Congressional Record Vol. 171, No. 50",https://www.congress.gov/congressional-record/volume-171/issue-50/house-section/article/H1168-3,3/18/25,House,171,50,H1168
"PUBLIC BILLS AND RESOLUTIONS; Congressional Record Vol. 171, No. 42",https://www.congress.gov/congressional-record/volume-171/issue-42/house-section/article/H1006-2,3/5/25,House,171,42,H1006
"Text of Senate Amendment 5968; Congressional Record Vol. 172, No. 105",https://www.congress.gov/congressional-record/volume-172/issue-105/senate-section/article/S3106-2,6/23/26,Senate,172,105,S3106
"VERMONT STATE OF THE UNION ESSAY CONTEST JUDGES; Congressional Record Vol. 172, No. 40",https://www.congress.gov/congressional-record/volume-172/issue-40/senate-section/article/S757-1,3/3/26,Senate,172,40,S757
"TRUMP'S LABOR AGENDA: UNSAFE AND UNDERPAID; Congressional Record Vol. 171, No. 151",https://www.congress.gov/congressional-record/volume-171/issue-151/house-section/article/H4352-1,9/16/25,House,171,151,H4352
"Text of Senate Amendment 3811; Congressional Record Vol. 171, No. 146",https://www.congress.gov/congressional-record/volume-171/issue-146/senate-section/article/S6415-1,9/8/25,Senate,171,146,S6415
"Introductory Statement on S. 1211; Congressional Record Vol. 171, No. 57",https://www.congress.gov/congressional-record/volume-171/issue-57/senate-section/article/S1926-3,3/31/25,Senate,171,57,S1926
"PUBLIC BILLS AND RESOLUTIONS; Congressional Record Vol. 171, No. 45",https://www.congress.gov/congressional-record/volume-171/issue-45/house-section/article/H1147-2,3/11/25,House,171,45,H1147
"EXECUTIVE CALENDAR--Continued; Congressional Record Vol. 171, No. 24",https://www.congress.gov/congressional-record/volume-171/issue-24/senate-section/article/S675-2,2/5/25,Senate,171,24,S675
"Text of Senate Amendment 3758; Congressional Record Vol. 171, No. 144",https://www.congress.gov/congressional-record/volume-171/issue-144/senate-section/article/S6016-2,9/3/25,Senate,171,144,S6016
"Text of Senate Amendment 3516; Congressional Record Vol. 171, No. 133",https://www.congress.gov/congressional-record/volume-171/issue-133/senate-section/article/S5298-1,8/1/25,Senate,171,133,S5298
"Text of Senate Amendment 2283; Congressional Record Vol. 171, No. 93",https://www.congress.gov/congressional-record/volume-171/issue-93/senate-section/article/S3174-1,6/2/25,Senate,171,93,S3174
"PUBLIC BILLS AND RESOLUTIONS; Congressional Record Vol. 171, No. 14",https://www.congress.gov/congressional-record/volume-171/issue-14/house-section/article/H383-1,1/23/25,House,171,14,H383
"PUBLIC BILLS AND RESOLUTIONS; Congressional Record Vol. 171, No. 196",https://www.congress.gov/congressional-record/volume-171/issue-196/house-section/article/H4872-1,11/20/25,House,171,196,H4872
"NO ROGUE RULINGS ACT OF 2025; Congressional Record Vol. 171, No. 63",https://www.congress.gov/congressional-record/volume-171/issue-63/house-section/article/H1482-1,4/8/25,House,171,63,H1482
"PUBLIC BILLS AND RESOLUTIONS; Congressional Record Vol. 171, No. 9",https://www.congress.gov/congressional-record/volume-171/issue-9/house-section/article/H217-3,1/16/25,House,171,9,H217
"PREGNANT STUDENTS' RIGHTS ACT; Congressional Record Vol. 172, No. 15",https://www.congress.gov/congressional-record/volume-172/issue-15/house-section/article/H1325-1,1/22/26,House,172,15,H1325
"PUBLIC BILLS AND RESOLUTIONS; Congressional Record Vol. 171, No. 18",https://www.congress.gov/congressional-record/volume-171/issue-18/house-section/article/H401-1,1/28/25,House,171,18,H401
"PROVIDING FOR CONGRESSIONAL DISAPPROVAL UNDER CHAPTER 8 OF TITLE 5, UNITED STATES CODE, OF THE RULE SUBMITTED BY THE INTERNAL REVENUE SERVICE RELATING TO ""GROSS PROCEEDS REPORTING BY BROKERS THAT...; Congressional Record Vol. 171, No. 41",https://www.congress.gov/congressional-record/volume-171/issue-41/senate-section/article/S1477-2,3/4/25,Senate,171,41,S1477
"PROVIDING FOR CONGRESSIONAL DISAPPROVAL UNDER CHAPTER 8 OF TITLE 5, UNITED STATES CODE, OF THE RULE SUBMITTED BY THE ENVIRONMENTAL PROTECTION AGENCY RELATING TO ""EXTENSION OF DEADLINES IN...; Congressional Record Vol. 171, No. 195",https://www.congress.gov/congressional-record/volume-171/issue-195/senate-section/article/S8226-1,11/19/25,Senate,171,195,S8226
"A MESSAGE TO THE CABINET; Congressional Record Vol. 171, No. 73",https://www.congress.gov/congressional-record/volume-171/issue-73/house-section/article/H1790-5,5/1/25,House,171,73,H1790
"SAVE America Act (Executive Session); Congressional Record Vol. 172, No. 52",https://www.congress.gov/congressional-record/volume-172/issue-52/senate-section/article/S1467-3,3/21/26,Senate,172,52,S1467
"Abortion (Executive Calendar); Congressional Record Vol. 171, No. 108",https://www.congress.gov/congressional-record/volume-171/issue-108/senate-section/article/S3507-1,6/24/25,Senate,171,108,S3507
"TEXT OF AMENDMENTS; Congressional Record Vol. 172, No. 42",https://www.congress.gov/congressional-record/volume-172/issue-42/senate-section/article/S888-3,3/5/26,Senate,172,42,S888
"PROVIDING FOR CONGRESSIONAL DISAPPROVAL UNDER CHAPTER 8 OF TITLE 5, UNITED STATES CODE, OF THE RULE SUBMITTED BY THE FEDERAL COMMUNICATIONS COMMISSION RELATING TO ""ADDRESSING THE HOMEWORK GAP...; Congressional Record Vol. 171, No. 77",https://www.congress.gov/congressional-record/volume-171/issue-77/senate-section/article/S2808-1,5/8/25,Senate,171,77,S2808
"STATEMENTS ON INTRODUCED BILLS AND JOINT RESOLUTIONS; Congressional Record Vol. 171, No. 57",https://www.congress.gov/congressional-record/volume-171/issue-57/senate-section/article/S1925-1,3/31/25,Senate,171,57,S1925
"SHARIA-FREE AMERICA; Congressional Record Vol. 172, No. 57",https://www.congress.gov/congressional-record/volume-172/issue-57/house-section/article/H2761-1,3/26/26,House,172,57,H2761
"PROVIDING FOR CONSIDERATION OF H.R. 3944, MILITARY CONSTRUCTION, VETERANS AFFAIRS, AND RELATED AGENCIES APPROPRIATIONS ACT, 2026; PROVIDING FOR CONSIDERATION OF H.R. 275, SPECIAL INTEREST ALIEN...; Congressional Record Vol. 171, No. 108",https://www.congress.gov/congressional-record/volume-171/issue-108/house-section/article/H2900-2,6/24/25,House,171,108,H2900
"HOUSING FOR THE 21ST CENTURY ACT; Congressional Record Vol. 172, No. 46",https://www.congress.gov/congressional-record/volume-172/issue-46/senate-section/article/S1018-1,3/12/26,Senate,172,46,S1018
"PROVIDING FOR CONSIDERATION OF H.R. 884, PROHIBITING VOTING BY NONCITIZENS IN DISTRICT OF COLUMBIA ELECTIONS; PROVIDING FOR CONSIDERATION OF H.R. 2056, DISTRICT OF COLUMBIA FEDERAL IMMIGRATION...; Congressional Record Vol. 171, No. 99",https://www.congress.gov/congressional-record/volume-171/issue-99/house-section/article/H2581-4,6/10/25,House,171,99,H2581
"STOP TRUMP'S CHAOS--STAND UP FOR SCIENCE; Congressional Record Vol. 171, No. 82",https://www.congress.gov/congressional-record/volume-171/issue-82/house-section/article/H2086-1,5/15/25,House,171,82,H2086
"SUPPORTING FEDERAL WORKERS; Congressional Record Vol. 171, No. 24",https://www.congress.gov/congressional-record/volume-171/issue-24/house-section/article/H485-2,2/5/25,House,171,24,H485
"Nomination of Peter Hegseth (Executive Session); Congressional Record Vol. 171, No. 15",https://www.congress.gov/congressional-record/volume-171/issue-15/senate-section/article/S356-1,1/24/25,Senate,171,15,S356
"STATEMENTS ON INTRODUCED BILLS AND JOINT RESOLUTIONS; Congressional Record Vol. 171, No. 203",https://www.congress.gov/congressional-record/volume-171/issue-203/senate-section/article/S8509-1,12/4/25,Senate,171,203,S8509
"MOTIONS TO DISCHARGE--S.J. RES. 33 AND S.J. RES. 26; Congressional Record Vol. 171, No. 60",https://www.congress.gov/congressional-record/volume-171/issue-60/senate-section/article/S2152-1,4/3/25,Senate,171,60,S2152
"MILITARY CONSTRUCTION, VETERANS AFFAIRS, AND RELATED AGENCIES APPROPRIATIONS ACT, 2026; Congressional Record Vol. 171, No. 109",https://www.congress.gov/congressional-record/volume-171/issue-109/house-section/article/H2937-1,6/25/25,House,171,109,H2937
"SAFEGUARD AMERICAN VOTER ELIGIBILITY ACT; Congressional Record Vol. 172, No. 48",https://www.congress.gov/congressional-record/volume-172/issue-48/senate-section/article/S1066-5,3/17/26,Senate,172,48,S1066
"SAVE America Act (Executive Session); Congressional Record Vol. 172, No. 54",https://www.congress.gov/congressional-record/volume-172/issue-54/senate-section/article/S1535-1,3/23/26,Senate,172,54,S1535
"KAYLA HAMILTON ACT; Congressional Record Vol. 171, No. 212",https://www.congress.gov/congressional-record/volume-171/issue-212/house-section/article/H5921-1,12/16/25,House,171,212,H5921
"Border Security (Executive Calendar); Congressional Record Vol. 171, No. 29",https://www.congress.gov/congressional-record/volume-171/issue-29/senate-section/article/S881-1,2/12/25,Senate,171,29,S881
"NO AID FOR GHOST STUDENTS ACT OF 2026; Congressional Record Vol. 172, No. 97",https://www.congress.gov/congressional-record/volume-172/issue-97/house-section/article/H4037-4,6/9/26,House,172,97,H4037
"TEXT OF AMENDMENTS; Congressional Record Vol. 172, No. 57",https://www.congress.gov/congressional-record/volume-172/issue-57/senate-section/article/S1676-1,3/26/26,Senate,172,57,S1676
"EDUCATION IS OF GREAT IMPORTANCE TO CONGRESSIONAL BLACK CAUCUS, CONGRESS, AND CONSTITUENTS; Congressional Record Vol. 171, No. 62",https://www.congress.gov/congressional-record/volume-171/issue-62/house-section/article/H1447-1,4/7/25,House,171,62,H1447
"PROVIDING FOR CONSIDERATION OF H.R. 4593, SAVING HOMEOWNERS FROM OVERREGULATION WITH EXCEPTIONAL RINSING ACT; PROVIDING FOR CONSIDERATION OF H.R. 5184, AFFORDABLE HOUSING OVER MANDATING EFFICIENCY...; Congressional Record Vol. 172, No. 4",https://www.congress.gov/congressional-record/volume-172/issue-4/house-section/article/H112-7,1/7/26,House,172,4,H112
"Introductory Statement on S. 2712; Congressional Record Vol. 171, No. 145",https://www.congress.gov/congressional-record/volume-171/issue-145/senate-section/article/S6321-2,9/4/25,Senate,171,145,S6321
"STATEMENTS ON INTRODUCED BILLS AND JOINT RESOLUTIONS; Congressional Record Vol. 171, No. 145",https://www.congress.gov/congressional-record/volume-171/issue-145/senate-section/article/S6321-1,9/4/25,Senate,171,145,S6321
"PROVIDING FOR CONSIDERATION OF H.R. 4, RESCISSIONS ACT OF 2025; Congressional Record Vol. 171, No. 100",https://www.congress.gov/congressional-record/volume-171/issue-100/house-section/article/H2639-1,6/11/25,House,171,100,H2639
"The PRESIDING OFFICER. The Senator from Oregon.; Congressional Record Vol. 171, No. 12",https://www.congress.gov/congressional-record/volume-171/issue-12/senate-section/article/S267-3,1/21/25,Senate,171,12,S267
"NO FUNDS FOR REPEAT CHILD CARE VIOLATIONS ACT OF 2026; Congressional Record Vol. 172, No. 94",https://www.congress.gov/congressional-record/volume-172/issue-94/house-section/article/H3796-1,6/3/26,House,172,94,H3796
"NATIONAL DEFENSE AUTHORIZATION ACT FOR FISCAL YEAR 2026--Continued; Congressional Record Vol. 171, No. 160",https://www.congress.gov/congressional-record/volume-171/issue-160/senate-section/article/S6857-2,9/30/25,Senate,171,160,S6857
"TEXT OF AMENDMENTS; Congressional Record Vol. 171, No. 93",https://www.congress.gov/congressional-record/volume-171/issue-93/senate-section/article/S3173-2,6/2/25,Senate,171,93,S3173
"MILITARY CONSTRUCTION, VETERANS AFFAIRS, AND RELATED AGENCIES APPROPRIATIONS ACT, 2027; Congressional Record Vol. 172, No. 82",https://www.congress.gov/congressional-record/volume-172/issue-82/house-section/article/H3486-1,5/14/26,House,172,82,H3486
"DEPARTMENT OF HOMELAND SECURITY APPROPRIATIONS ACT, 2026--Motion to Proceed--Resumed; Congressional Record Vol. 172, No. 56",https://www.congress.gov/congressional-record/volume-172/issue-56/senate-section/article/S1589-8,3/25/26,Senate,172,56,S1589
"SAVE AMERICA ACT; Congressional Record Vol. 172, No. 52",https://www.congress.gov/congressional-record/volume-172/issue-52/senate-section/article/S1484-9,3/21/26,Senate,172,52,S1484
"PROVIDING FOR CONSIDERATION OF H.R. 7567, FARM, FOOD, AND NATIONAL SECURITY ACT OF 2026; PROVIDING FOR CONSIDERATION OF H.R. 2616, PARENTAL RIGHTS OVER THE EDUCATION AND CARE OF THEIR KIDS ACT...; Congressional Record Vol. 172, No. 75",https://www.congress.gov/congressional-record/volume-172/issue-75/house-section/article/H3137-1,4/29/26,House,172,75,H3137
"RELATING TO CONSIDERATION OF THE SENATE AMENDMENT TO H.R. 4, RESCISSIONS ACT OF 2025; Congressional Record Vol. 171, No. 123",https://www.congress.gov/congressional-record/volume-171/issue-123/house-section/article/H3451-4,7/17/25,House,171,123,H3451
"PROVIDING FOR CONSIDERATION OF H.J. RES. 25, PROVIDING FOR CONGRESSIONAL DISAPPROVAL OF THE RULE SUBMITTED BY THE INTERNAL REVENUE SERVICE RELATING TO ""GROSS PROCEEDS REPORTING BY BROKERS THAT...; Congressional Record Vol. 171, No. 45",https://www.congress.gov/congressional-record/volume-171/issue-45/house-section/article/H1083-3,3/11/25,House,171,45,H1083
"LAKEN RILEY ACT; Congressional Record Vol. 171, No. 9",https://www.congress.gov/congressional-record/volume-171/issue-9/senate-section/article/S198-1,1/16/25,Senate,171,9,S198
"AUTHORIZING REPRESENTATION BY THE SENATE LEGAL COUNSEL IN THE CASE OF DESMOND BELLARD V. RONALD WYDEN, U.S. SENATOR; Congressional Record Vol. 171, No. 65",https://www.congress.gov/congressional-record/volume-171/issue-65/senate-section/article/S2542-1,4/10/25,Senate,171,65,S2542
"PROVIDING FOR CONSIDERATION OF H.J. RES. 60, PROVIDING FOR CONGRESSIONAL DISAPPROVAL OF THE RULE SUBMITTED BY THE NATIONAL PARK SERVICE RELATING TO ""GLEN CANYON NATIONAL RECREATION AREA: MOTOR...; Congressional Record Vol. 171, No. 71",https://www.congress.gov/congressional-record/volume-171/issue-71/house-section/article/H1693-6,4/29/25,House,171,71,H1693
"ONE BIG BEAUTIFUL BILL ACT; Congressional Record Vol. 171, No. 86",https://www.congress.gov/congressional-record/volume-171/issue-86/house-section/article/H2235-2,5/21/25,House,171,86,H2235
"TEXT OF AMENDMENTS; Congressional Record Vol. 171, No. 61",https://www.congress.gov/congressional-record/volume-171/issue-61/senate-section/article/S2379-1,4/4/25,Senate,171,61,S2379
"Text of Senate Amendment 3742; Congressional Record Vol. 171, No. 143",https://www.congress.gov/congressional-record/volume-171/issue-143/senate-section/article/S5681-1,9/2/25,Senate,171,143,S5681
"Text of Senate Amendment 3646; Congressional Record Vol. 171, No. 133",https://www.congress.gov/congressional-record/volume-171/issue-133/senate-section/article/S5404-1,8/1/25,Senate,171,133,S5404
"COAST GUARD AUTHORIZATION ACT OF 2025; Congressional Record Vol. 171, No. 42",https://www.congress.gov/congressional-record/volume-171/issue-42/senate-section/article/S1521-4,3/5/25,Senate,171,42,S1521
"Department of Homeland Security (Executive Session); Congressional Record Vol. 172, No. 51",https://www.congress.gov/congressional-record/volume-172/issue-51/senate-section/article/S1429-2,3/20/26,Senate,172,51,S1429
"MILITARY CONSTRUCTION, VETERANS AFFAIRS, AND RELATED AGENCIES APPROPRIATIONS ACT, 2026; Congressional Record Vol. 171, No. 126",https://www.congress.gov/congressional-record/volume-171/issue-126/senate-section/article/S4588-1,7/23/25,Senate,171,126,S4588
"FINANCIAL SERVICES AND GENERAL GOVERNMENT AND NATIONAL SECURITY, DEPARTMENT OF STATE, AND RELATED PROGRAMS APPROPRIATIONS ACT, 2026; Congressional Record Vol. 172, No. 10",https://www.congress.gov/congressional-record/volume-172/issue-10/house-section/article/H734-1,1/14/26,House,172,10,H734
"Text of Senate Amendment 4639; Congressional Record Vol. 172, No. 49",https://www.congress.gov/congressional-record/volume-172/issue-49/senate-section/article/S1291-2,3/18/26,Senate,172,49,S1291
"HALT ALL LETHAL TRAFFICKING OF FENTANYL ACT; Congressional Record Vol. 171, No. 25",https://www.congress.gov/congressional-record/volume-171/issue-25/house-section/article/H520-3,2/6/25,House,171,25,H520
"TEXT OF AMENDMENTS; Congressional Record Vol. 172, No. 51",https://www.congress.gov/congressional-record/volume-172/issue-51/senate-section/article/S1445-1,3/20/26,Senate,172,51,S1445
"DEPARTMENT OF DEFENSE APPROPRIATIONS ACT, 2026; Congressional Record Vol. 171, No. 122",https://www.congress.gov/congressional-record/volume-171/issue-122/house-section/article/H3333-1,7/16/25,House,171,122,H3333
"TERMINATING THE NATIONAL EMERGENCY DECLARED TO IMPOSE DUTIES ON ARTICLES IMPORTED FROM CANADA; Congressional Record Vol. 171, No. 59",https://www.congress.gov/congressional-record/volume-171/issue-59/senate-section/article/S2121-3,4/2/25,Senate,171,59,S2121
"TEXT OF AMENDMENTS; Congressional Record Vol. 171, No. 60",https://www.congress.gov/congressional-record/volume-171/issue-60/senate-section/article/S2190-1,4/3/25,Senate,171,60,S2190
"UKRAINE SUPPORT ACT; Congressional Record Vol. 172, No. 95",https://www.congress.gov/congressional-record/volume-172/issue-95/house-section/article/H3879-1,6/4/26,House,172,95,H3879
"TEXT OF AMENDMENTS; Congressional Record Vol. 172, No. 105",https://www.congress.gov/congressional-record/volume-172/issue-105/senate-section/article/S3064-1,6/23/26,Senate,172,105,S3064
"TEXT OF AMENDMENTS; Congressional Record Vol. 172, No. 106",https://www.congress.gov/congressional-record/volume-172/issue-106/senate-section/article/S3230-1,6/24/26,Senate,172,106,S3230
"Senate; Congressional Record Vol. 171, No. 57",https://www.congress.gov/congressional-record/volume-171/issue-57/senate-section/article/S1961-1,3/31/25,Senate,171,57,S1961
"JOINT EXPLANATORY MATERIAL STATEMENT SUBMITTED BY MR. ROGERS OF ALABAMA, CHAIR OF THE HOUSE COMMITTEE ON ARMED SERVICES, ON S. 1071; Congressional Record Vol. 171, No. 208",https://www.congress.gov/congressional-record/volume-171/issue-208/house-section/article/H5571-2,12/10/25,House,171,208,H5571
"TEXT OF AMENDMENTS; Congressional Record Vol. 171, No. 131",https://www.congress.gov/congressional-record/volume-171/issue-131/senate-section/article/S4912-1,7/30/25,Senate,171,131,S4912
"Nomination of Russell Vought (Executive Calendar); Congressional Record Vol. 171, No. 24",https://www.congress.gov/congressional-record/volume-171/issue-24/senate-section/article/S611-1,2/5/25,Senate,171,24,S611
"HOUSING FOR THE 21ST CENTURY ACT; Congressional Record Vol. 172, No. 41",https://www.congress.gov/congressional-record/volume-172/issue-41/senate-section/article/S773-1,3/4/26,Senate,172,41,S773
"Text of Senate Amendment 2369; Congressional Record Vol. 171, No. 112",https://www.congress.gov/congressional-record/volume-171/issue-112/senate-section/article/S3875-1,6/28/25,Senate,171,112,S3875
"Text of Senate Amendment 2360; Congressional Record Vol. 171, No. 112",https://www.congress.gov/congressional-record/volume-171/issue-112/senate-section/article/S3687-2,6/28/25,Senate,171,112,S3687
"Text of Senate Amendment 2368; Congressional Record Vol. 171, No. 112",https://www.congress.gov/congressional-record/volume-171/issue-112/senate-section/article/S3781-3,6/28/25,Senate,171,112,S3781
"TEXT OF AMENDMENTS; Congressional Record Vol. 172, No. 41",https://www.congress.gov/congressional-record/volume-172/issue-41/senate-section/article/S805-1,3/4/26,Senate,172,41,S805
"TEXT OF AMENDMENTS; Congressional Record Vol. 171, No. 144",https://www.congress.gov/congressional-record/volume-171/issue-144/senate-section/article/S6012-2,9/3/25,Senate,171,144,S6012
"TRUMP ADMINISTRATION--(Continued); Congressional Record Vol. 171, No. 174",https://www.congress.gov/congressional-record/volume-171/issue-174/senate-section/article/S7587-2,10/21/25,Senate,171,174,S7587
"TEXT OF AMENDMENTS; Congressional Record Vol. 171, No. 133",https://www.congress.gov/congressional-record/volume-171/issue-133/senate-section/article/S5218-1,8/1/25,Senate,171,133,S5218
"Text of Senate Amendment 3608; Congressional Record Vol. 171, No. 133",https://www.congress.gov/congressional-record/volume-171/issue-133/senate-section/article/S5345-2,8/1/25,Senate,171,133,S5345
"Text of Senate Amendment 3411; Congressional Record Vol. 171, No. 132",https://www.congress.gov/congressional-record/volume-171/issue-132/senate-section/article/S5140-1,7/31/25,Senate,171,132,S5140
"Text of Senate Amendment 3202; Congressional Record Vol. 171, No. 132",https://www.congress.gov/congressional-record/volume-171/issue-132/senate-section/article/S5016-1,7/31/25,Senate,171,132,S5016
"TEXT OF AMENDMENTS; Congressional Record Vol. 171, No. 112",https://www.congress.gov/congressional-record/volume-171/issue-112/senate-section/article/S3687-1,6/28/25,Senate,171,112,S3687
"EXPLANATORY STATEMENT SUBMITTED BY MR. COLE, CHAIR OF THE HOUSE OF REPRESENTATIVES COMMITTEE ON APPROPRIATIONS, REGARDING H.R. 7148, CONSOLIDATED APPROPRIATIONS ACT, 2026; AND H.R. 7147, DEPARTMENT...; Congressional Record Vol. 172, No. 15",https://www.congress.gov/congressional-record/volume-172/issue-15/house-section/article/H1353-2,1/22/26,House,172,15,H1353
"Text of Senate Amendment 2976; Congressional Record Vol. 171, No. 125",https://www.congress.gov/congressional-record/volume-171/issue-125/senate-section/article/S4543-7,7/22/25,Senate,171,125,S4543
"Text of Senate Amendment 15; Congressional Record Vol. 171, No. 6",https://www.congress.gov/congressional-record/volume-171/issue-6/senate-section/article/S96-2,1/13/25,Senate,171,6,S96
"SAFEGUARD AMERICAN VOTER ELIGIBILITY ACT--Continued; Congressional Record Vol. 172, No. 49",https://www.congress.gov/congressional-record/volume-172/issue-49/senate-section/article/S1162-1,3/18/26,Senate,172,49,S1162
"TEXT OF AMENDMENTS; Congressional Record Vol. 172, No. 95",https://www.congress.gov/congressional-record/volume-172/issue-95/senate-section/article/S2582-1,6/4/26,Senate,172,95,S2582
"Text of Senate Amendment 6559; Congressional Record Vol. 172, No. 106",https://www.congress.gov/congressional-record/volume-172/issue-106/senate-section/article/S3681-4,6/24/26,Senate,172,106,S3681
"TEXT OF AMENDMENTS; Congressional Record Vol. 171, No. 146",https://www.congress.gov/congressional-record/volume-171/issue-146/senate-section/article/S6405-2,9/8/25,Senate,171,146,S6405
"TEXT OF AMENDMENTS; Congressional Record Vol. 171, No. 34",https://www.congress.gov/congressional-record/volume-171/issue-34/senate-section/article/S1154-1,2/20/25,Senate,171,34,S1154
"NATIONAL DEFENSE AUTHORIZATION ACT FOR FISCAL YEAR 2026; Congressional Record Vol. 171, No. 174",https://www.congress.gov/congressional-record/volume-171/issue-174/senate-section/article/S7189-2,10/21/25,Senate,171,174,S7189
"MORNING BUSINESS; Congressional Record Vol. 171, No. 189",https://www.congress.gov/congressional-record/volume-171/issue-189/senate-section/article/S8043-2,11/9/25,Senate,171,189,S8043
"TEXT OF AMENDMENTS; Congressional Record Vol. 171, No. 6",https://www.congress.gov/congressional-record/volume-171/issue-6/senate-section/article/S92-2,1/13/25,Senate,171,6,S92
"TEXT OF AMENDMENTS; Congressional Record Vol. 171, No. 143",https://www.congress.gov/congressional-record/volume-171/issue-143/senate-section/article/S5568-1,9/2/25,Senate,171,143,S5568
"SAFEGUARD AMERICAN VOTER ELIGIBILITY ACT--Resumed; Congressional Record Vol. 172, No. 50",https://www.congress.gov/congressional-record/volume-172/issue-50/senate-section/article/S1314-1,3/19/26,Senate,172,50,S1314
"TEXT OF AMENDMENTS; Congressional Record Vol. 172, No. 101",https://www.congress.gov/congressional-record/volume-172/issue-101/senate-section/article/S2821-3,6/16/26,Senate,172,101,S2821
"STREAMLINING PROCUREMENT FOR EFFECTIVE EXECUTION AND DELIVERY AND NATIONAL DEFENSE AUTHORIZATION ACT FOR FISCAL YEAR 2026; Congressional Record Vol. 171, No. 147",https://www.congress.gov/congressional-record/volume-171/issue-147/house-section/article/H3915-1,9/9/25,House,171,147,H3915
"TEXT OF AMENDMENTS; Congressional Record Vol. 171, No. 125",https://www.congress.gov/congressional-record/volume-171/issue-125/senate-section/article/S4534-1,7/22/25,Senate,171,125,S4534
"Text of Senate Amendment 3748; Congressional Record Vol. 171, No. 143",https://www.congress.gov/congressional-record/volume-171/issue-143/senate-section/article/S5728-2,9/2/25,Senate,171,143,S5728
"Text of Senate Amendment 3937; Congressional Record Vol. 171, No. 190",https://www.congress.gov/congressional-record/volume-171/issue-190/senate-section/article/S8136-3,11/10/25,Senate,171,190,S8136
"Text of Senate Amendment 3038; Congressional Record Vol. 171, No. 127",https://www.congress.gov/congressional-record/volume-171/issue-127/senate-section/article/S4714-1,7/24/25,Senate,171,127,S4714
"COAST GUARD AUTHORIZATION ACT OF 2025; Congressional Record Vol. 171, No. 126",https://www.congress.gov/congressional-record/volume-171/issue-126/house-section/article/H3572-4,7/23/25,House,171,126,H3572
"NATIONAL DEFENSE AUTHORIZATION ACT FOR FISCAL YEAR 2026; Congressional Record Vol. 171, No. 145",https://www.congress.gov/congressional-record/volume-171/issue-145/senate-section/article/S6054-1,9/4/25,Senate,171,145,S6054
"TEXT OF AMENDMENTS; Congressional Record Vol. 172, No. 48",https://www.congress.gov/congressional-record/volume-172/issue-48/senate-section/article/S1096-1,3/17/26,Senate,172,48,S1096
"TEXT OF AMENDMENTS; Congressional Record Vol. 171, No. 190",https://www.congress.gov/congressional-record/volume-171/issue-190/senate-section/article/S8136-2,11/10/25,Senate,171,190,S8136
"TEXT OF AMENDMENTS; Congressional Record Vol. 171, No. 145",https://www.congress.gov/congressional-record/volume-171/issue-145/senate-section/article/S6334-1,9/4/25,Senate,171,145,S6334
"TEXT OF AMENDMENTS; Congressional Record Vol. 171, No. 127",https://www.congress.gov/congressional-record/volume-171/issue-127/senate-section/article/S4705-2,7/24/25,Senate,171,127,S4705
"Text of Senate Amendment 2977; Congressional Record Vol. 171, No. 126",https://www.congress.gov/congressional-record/volume-171/issue-126/senate-section/article/S4629-2,7/23/25,Senate,171,126,S4629
"Trump Administration (Executive Calendar); Congressional Record Vol. 171, No. 57",https://www.congress.gov/congressional-record/volume-171/issue-57/senate-section/article/S2034-2,3/31/25,Senate,171,57,S2034
"TEXT OF AMENDMENTS; Congressional Record Vol. 171, No. 132",https://www.congress.gov/congressional-record/volume-171/issue-132/senate-section/article/S5014-1,7/31/25,Senate,171,132,S5014
"TEXT OF AMENDMENTS; Congressional Record Vol. 171, No. 126",https://www.congress.gov/congressional-record/volume-171/issue-126/senate-section/article/S4629-1,7/23/25,Senate,171,126,S4629
"DISINTERMENT OF REMAINS OF FERNANDO V. COTA FROM FORT SAM HOUSTON NATIONAL CEMETERY, TEXAS; Congressional Record Vol. 171, No. 208",https://www.congress.gov/congressional-record/volume-171/issue-208/house-section/article/H5136-3,12/10/25,House,171,208,H5136
"CONTINUING APPROPRIATIONS AND EXTENSIONS ACT, 2026; Congressional Record Vol. 171, No. 191",https://www.congress.gov/congressional-record/volume-171/issue-191/house-section/article/H4609-2,11/12/25,House,171,191,H4609
"TEXT OF AMENDMENTS; Congressional Record Vol. 171, No. 113",https://www.congress.gov/congressional-record/volume-171/issue-113/senate-section/article/S4089-1,6/30/25,Senate,171,113,S4089
"CONSOLIDATED APPROPRIATIONS ACT, 2026; Congressional Record Vol. 172, No. 15",https://www.congress.gov/congressional-record/volume-172/issue-15/house-section/article/H1185-2,1/22/26,House,172,15,H1185
"Text of Senate Amendment 3951; Congressional Record Vol. 171, No. 196",https://www.congress.gov/congressional-record/volume-171/issue-196/senate-section/article/S8270-24,11/20/25,Senate,171,196,S8270
"TEXT OF AMENDMENTS; Congressional Record Vol. 171, No. 196",https://www.congress.gov/congressional-record/volume-171/issue-196/senate-section/article/S8270-23,11/20/25,Senate,171,196,S8270
"Text of Senate Amendment 3951; Congressional Record Vol. 171, No. 196",https://www.congress.gov/congressional-record/volume-171/issue-196/senate-section/article/S8283-4,11/20/25,Senate,171,196,S8283
"TEXT OF AMENDMENTS; Congressional Record Vol. 171, No. 196",https://www.congress.gov/congressional-record/volume-171/issue-196/senate-section/article/S8283-3,11/20/25,Senate,171,196,S8283